-- 은행 연락처 테이블
INSERT INTO financial_contact (phone, fax) VALUES
('02-1234-5678', '02-8765-4321'),
('02-2345-6789', '02-7654-3210'),
('02-3456-7890', '02-6543-2109'),
('02-4567-8901', '02-5432-1098'),
('02-5678-9012', '02-4321-0987'),
('02-6789-0123', '02-3210-9876'),
('02-7890-1234', '02-2109-8765'),
('02-8901-2345', '02-1098-7654'),
('02-9012-3456', '02-0987-6543'),
('02-0123-4567', '02-9876-5432');


-- 세무서 테이블
-- 출처 : 국세청(https://www.nts.go.kr/nts/imArea/selectImAreaNmList.do?mi=6762)
INSERT INTO company_tax_office (code, region)
VALUES
    ('1', '서울지방국세청'),
    ('2', '강남세무서'),
    ('3', '강동세무서'),
    ('4', '강서세무서'),
    ('5', '관악세무서'),
    ('6', '구로세무서'),
    ('7', '금천세무서'),
    ('8', '남대문세무서'),
    ('9', '노원세무서'),
    ('10', '도봉세무서'),
    ('11', '동대문세무서'),
    ('12', '동작세무서'),
    ('13', '마포세무서'),
    ('14', '반포세무서'),
    ('15', '삼성세무서'),
    ('16', '서대문세무서'),
    ('17', '서초세무서'),
    ('18', '성동세무서'),
    ('19', '성북세무서'),
    ('20', '송파세무서'),
    ('21', '양천세무서'),
    ('22', '역삼세무서'),
    ('23', '영등포세무서'),
    ('24', '용산세무서'),
    ('25', '은평세무서'),
    ('26', '잠실세무서'),
    ('27', '종로세무서'),
    ('28', '중랑세무서'),
    ('29', '중부세무서'),
    ('30', '중부지방국세청'),
    ('31', '강릉세무서'),
    ('32', '경기광주세무서'),
    ('33', '구리세무서'),
    ('34', '기흥세무서'),
    ('35', '남양주세무서'),
    ('36', '동수원세무서'),
    ('37', '동안산세무서'),
    ('38', '동안양세무서'),
    ('39', '동화성세무서'),
    ('40', '분당세무서'),
    ('41', '삼척세무서'),
    ('42', '성남세무서'),
    ('43', '속초세무서'),
    ('44', '수원세무서'),
    ('45', '시흥세무서'),
    ('46', '안산세무서'),
    ('47', '안양세무서'),
    ('48', '영월세무서'),
    ('49', '용인세무서'),
    ('50', '원주세무서'),
    ('51', '이천세무서'),
    ('52', '춘천세무서'),
    ('53', '평택세무서'),
    ('54', '홍천세무서'),
    ('55', '화성세무서'),
    ('56', '인천지방국세청'),
    ('57', '계양세무서'),
    ('58', '고양세무서'),
    ('59', '광명세무서'),
    ('60', '김포세무서'),
    ('61', '남동세무서'),
    ('62', '남부천세무서'),
    ('63', '동고양세무서'),
    ('64', '부천세무서'),
    ('65', '부평세무서'),
    ('66', '서인천세무서'),
    ('67', '연수세무서'),
    ('68', '의정부세무서'),
    ('69', '인천세무서'),
    ('70', '파주세무서'),
    ('71', '포천세무서'),
    ('72', '대전지방국세청'),
    ('73', '공주세무서'),
    ('74', '논산세무서'),
    ('75', '대전세무서'),
    ('76', '동청주세무서'),
    ('77', '보령세무서'),
    ('78', '북대전세무서'),
    ('79', '서대전세무서'),
    ('80', '서산세무서'),
    ('81', '세종세무서'),
    ('82', '아산세무서'),
    ('83', '영동세무서'),
    ('84', '예산세무서'),
    ('85', '제천세무서'),
    ('86', '천안세무서'),
    ('87', '청주세무서'),
    ('88', '충주세무서'),
    ('89', '홍성세무서'),
    ('90', '광주지방국세청'),
    ('91', '광산세무서'),
    ('92', '광주세무서'),
    ('93', '군산세무서'),
    ('94', '나주세무서'),
    ('95', '남원세무서'),
    ('96', '목포세무서'),
    ('97', '북광주세무서'),
    ('98', '북전주세무서'),
    ('99', '서광주세무서'),
    ('100', '순천세무서'),
    ('101', '여수세무서'),
    ('102', '익산세무서'),
    ('103', '전주세무서'),
    ('104', '정읍세무서'),
    ('105', '해남세무서'),
    ('106', '대구지방국세청'),
    ('107', '경산세무서'),
    ('108', '경주세무서'),
    ('109', '구미세무서'),
    ('110', '김천세무서'),
    ('111', '남대구세무서'),
    ('112', '동대구세무서'),
    ('113', '북대구세무서'),
    ('114', '상주세무서'),
    ('115', '서대구세무서'),
    ('116', '수성세무서'),
    ('117', '안동세무서'),
    ('118', '영덕세무서'),
    ('119', '영주세무서'),
    ('120', '포항세무서'),
    ('121', '부산지방국세청'),
    ('122', '거창세무서'),
    ('123', '금정세무서'),
    ('124', '김해세무서'),
    ('125', '동래세무서'),
    ('126', '동울산세무서'),
    ('127', '마산세무서'),
    ('128', '부산강서세무서'),
    ('129', '부산진세무서'),
    ('130', '북부산세무서'),
    ('131', '서부산세무서'),
    ('132', '수영세무서'),
    ('133', '양산세무서'),
    ('134', '울산세무서'),
    ('135', '제주세무서'),
    ('136', '중부산세무서'),
    ('137', '진주세무서'),
    ('138', '창원세무서'),
    ('139', '통영세무서'),
    ('140', '해운대세무서');
-- 주업종코드 테이블
-- 출처 : 표준산업분류 연계표(https://blog.naver.com/wintax365/221717683009)
INSERT INTO company_main_business (code, business_type, item)
VALUES
    ('1','농업, 임업 및 어업','곡물 및 기타 식량작물 재배업'),
    ('2','농업, 임업 및 어업','채소작물 재배업'),
    ('3','농업, 임업 및 어업','화훼작물 재배업'),
    ('4','농업, 임업 및 어업','종자 및 묘목 생산업'),
    ('5','농업, 임업 및 어업','과실작물 재배업'),
    ('6','농업, 임업 및 어업','음료용 및 향신용 작물 재배업'),
    ('7','농업, 임업 및 어업','기타 작물 재배업'),
    ('8','농업, 임업 및 어업','콩나물 재배업'),
    ('9','농업, 임업 및 어업','채소, 화훼 및 과실작물 시설 재배업'),
    ('10','농업, 임업 및 어업','기타 시설작물 재배업'),
    ('11','농업, 임업 및 어업','젖소 사육업'),
    ('12','농업, 임업 및 어업','육우 사육업'),
    ('13','농업, 임업 및 어업','양돈업'),
    ('14','농업, 임업 및 어업','양계업'),
    ('15','농업, 임업 및 어업','기타 가금류 및 조류 사육업'),
    ('16','농업, 임업 및 어업','말 및 양 사육업'),
    ('17','농업, 임업 및 어업','그 외 기타 축산업(사슴, 토끼, 개)'),
    ('18','농업, 임업 및 어업','그 외 기타 축산업'),
    ('19','농업, 임업 및 어업','작물재배 및 축산 복합농업'),
    ('20','농업, 임업 및 어업','작물재배 지원 서비스업'),
    ('21','농업, 임업 및 어업','농산물 건조, 선별 및 기타 수확 후 서비스업'),
    ('22','농업, 임업 및 어업','축산 관련 서비스업'),
    ('23','농업, 임업 및 어업','수렵 및 관련 서비스업'),
    ('24','농업, 임업 및 어업','임업용 종묘 생산업'),
    ('25','농업, 임업 및 어업','육림업'),
    ('26','농업, 임업 및 어업','벌목업'),
    ('27','농업, 임업 및 어업','임산물 채취업'),
    ('28','농업, 임업 및 어업','임업 관련 서비스업'),
    ('29','농업, 임업 및 어업','원양 어업'),
    ('30','농업, 임업 및 어업','연근해 어업'),
    ('31','농업, 임업 및 어업','내수면 어업'),
    ('32','농업, 임업 및 어업','해수면 양식 어업'),
    ('33','농업, 임업 및 어업','내수면 양식 어업'),
    ('34','농업, 임업 및 어업','수산물 부화 및 수산 종자 생산업'),
    ('35','농업, 임업 및 어업','어업 관련 서비스업'),
    ('36','광업','석탄 광업'),
    ('37','광업','원유 및 천연가스 채굴업'),
    ('38','광업','철 광업'),
    ('39','광업','비철금속 광업'),
    ('40','광업','비철금속 광업'),
    ('41','광업','비철금속 광업'),
    ('42','광업','석회석 및 점토 광업'),
    ('43','광업','건설용 석재 채굴 및 쇄석 생산업'),
    ('44','광업','건설용 석재 채굴 및 쇄석 생산업'),
    ('45','광업','모래 및 자갈 채취업'),
    ('46','광업','모래 및 자갈 채취업'),
    ('47','광업','화학용 및 비료 원료용 광물 광업'),
    ('48','광업','화학용 및 비료 원료용 광물 광업'),
    ('49','광업','천일염 생산 및 암염 채취업'),
    ('50','광업','그 외 기타 비금속광물 광업'),
    ('51','광업','그 외 기타 비금속광물 광업'),
    ('52','광업','그 외 기타 비금속광물 광업'),
    ('53','광업','광업 지원 서비스업'),
    ('54','광업','석탄 광업(조광권자)'),
    ('55','광업','철 광업(조광권자)'),
    ('56','광업','비철금속 광업(조광권자)'),
    ('57','광업','석회석 및 점토 광업'),
    ('58','광업','건설용 석재 채굴 및 쇄석 생산업'),
    ('59','광업','모래 및 자갈 채취업'),
    ('60','광업','화학용 및 비료 원료용 광물 광업'),
    ('61','광업','그 외 기타 비금속광물 광업'),
    ('62','제조업','육류 도축업(가금류 제외)'),
    ('63','제조업','가금류 도축업'),
    ('64','제조업','가금류 가공 및 저장 처리업'),
    ('65','제조업','육류 포장육 및 냉동육 가공업(가금류 제외)'),
    ('66','제조업','육류 기타 가공 및 저장 처리업(가금류 제외)'),
    ('67','제조업','수산동물 훈제, 조리 및 유사 조제식품 제조업'),
    ('68','제조업','수산동물 건조 및 염장품 제조업'),
    ('69','제조업','수산동물 냉동품 제조업'),
    ('70','제조업','기타 수산동물 가공 및 저장 처리업'),
    ('71','제조업','수산식물 가공 및 저장 처리업'),
    ('72','제조업','김치류 제조업'),
    ('73','제조업','과실 및 그 외 채소 절임식품 제조업'),
    ('74','제조업','기타 과실ㆍ채소 가공 및 저장 처리업'),
    ('75','제조업','수산동물 건조 및 염장품 제조업'),
    ('76','제조업','수산식물 가공 및 저장 처리업'),
    ('77','제조업','기타 과실ㆍ채소 가공 및 저장 처리업'),
    ('78','제조업','동물성 유지 제조업'),
    ('79','제조업','식물성 유지 제조업'),
    ('80','제조업','기타 곡물 가공품 제조업'),
    ('81','제조업','건강 보조용 액화식품 제조업'),
    ('82','제조업','동물성 유지 제조업'),
    ('83','제조업','식물성 유지 제조업'),
    ('84','제조업','식용 정제유 및 가공유 제조업'),
    ('85','제조업','액상 시유 및 기타 낙농제품 제조업(분유 및 조제분유)'),
    ('86','제조업','액상 시유 및 기타 낙농제품 제조업'),
    ('87','제조업','아이스크림 및 기타 식용 빙과류 제조업'),
    ('88','제조업','곡물 도정업'),
    ('89','제조업','곡물 도정업'),
    ('90','제조업','곡물 제분업'),
    ('91','제조업','곡물 제분업'),
    ('92','제조업','곡물 제분업'),
    ('93','제조업','곡물 혼합 분말 및 반죽 제조업'),
    ('94','제조업','기타 곡물 가공품 제조업'),
    ('95','제조업','전분제품 및 당류 제조업'),
    ('96','제조업','전분제품 및 당류 제조업'),
    ('97','제조업','떡류 제조업'),
    ('98','제조업','빵류 제조업'),
    ('99','제조업','과자류 및 코코아 제품 제조업'),
    ('100','제조업','설탕 제조업'),
    ('101','제조업','면류, 마카로니 및 유사 식품 제조업'),
    ('102','제조업','식초, 발효 및 화학 조미료 제조업'),
    ('103','제조업','천연 및 혼합 조제 조미료 제조업'),
    ('104','제조업','장류 제조업'),
    ('105','제조업','기타 식품 첨가물 제조업'),
    ('106','제조업','도시락류 제조업'),
    ('107','제조업','기타 식사용 가공처리 조리식품 제조업'),
    ('108','제조업','육류 도축업(가금류 제외)'),
    ('109','제조업','가금류 도축업'),
    ('110','제조업','가금류 가공 및 저장 처리업'),
    ('111','제조업','육류 포장육 및 냉동육 가공업(가금류 제외)'),
    ('112','제조업','수산동물 냉동품 제조업'),
    ('113','제조업','기타 과실ㆍ채소 가공 및 저장 처리업'),
    ('114','제조업','커피 가공업'),
    ('115','제조업','차류 가공업'),
    ('116','제조업','수프 및 균질화식품 제조업'),
    ('117','제조업','두부 및 유사 식품 제조업'),
    ('118','제조업','인삼식품 제조업'),
    ('119','제조업','건강 보조용 액화식품 제조업'),
    ('120','제조업','건강 기능식품 제조업'),
    ('121','제조업','그 외 기타 식료품 제조업'),
    ('122','제조업','배합 사료 제조업'),
    ('123','제조업','단미사료 및 기타 사료 제조업'),
    ('124','제조업','단미사료 및 기타 사료 제조업'),
    ('125','제조업','탁주 및 약주 제조업'),
    ('126','제조업','탁주 및 약주 제조업'),
    ('127','제조업','맥아 및 맥주 제조업'),
    ('128','제조업','기타 발효주 제조업'),
    ('129','제조업','주정 제조업'),
    ('130','제조업','소주 제조업'),
    ('131','제조업','기타 증류주 및 합성주 제조업'),
    ('132','제조업','얼음 제조업'),
    ('133','제조업','생수 생산업'),
    ('134','제조업','기타 비알코올 음료 제조업'),
    ('135','제조업','기타 비알코올 음료 제조업'),
    ('136','제조업','담배제품 제조업'),
    ('137','제조업','면 방적업'),
    ('138','제조업','모 방적업'),
    ('139','제조업','화학섬유 방적업'),
    ('140','제조업','화학섬유 방적업'),
    ('141','제조업','화학섬유 방적업'),
    ('142','제조업','화학섬유 방적업'),
    ('143','제조업','연사 및 가공사 제조업'),
    ('144','제조업','기타 방적업'),
    ('145','제조업','기타 방적업'),
    ('146','제조업','면직물 직조업'),
    ('147','제조업','모직물 직조업'),
    ('148','제조업','화학섬유직물 직조업'),
    ('149','제조업','특수직물 및 기타 직물 직조업'),
    ('150','제조업','침구 및 관련제품 제조업'),
    ('151','제조업','자수제품 및 자수용 재료 제조업'),
    ('152','제조업','커튼 및 유사 제품 제조업'),
    ('153','제조업','천막, 텐트 및 유사 제품 제조업'),
    ('154','제조업','직물포대 제조업'),
    ('155','제조업','기타 직물제품 제조업'),
    ('156','제조업','기타 직물제품 제조업'),
    ('157','제조업','편조 원단 제조업'),
    ('158','제조업','솜 및 실 염색 가공업'),
    ('159','제조업','직물, 편조 원단 및 의복류 염색 가공업'),
    ('160','제조업','솜 및 실 염색 가공업'),
    ('161','제조업','직물, 편조 원단 및 의복류 염색 가공업'),
    ('162','제조업','날염 가공업'),
    ('163','제조업','날염 가공업'),
    ('164','제조업','섬유제품 기타 정리 및 마무리 가공업'),
    ('165','제조업','카펫, 마루덮개 및 유사 제품 제조업'),
    ('166','제조업','끈 및 로프 제조업'),
    ('167','제조업','어망 및 기타 끈 가공품 제조업'),
    ('168','제조업','세폭직물 제조업'),
    ('169','제조업','부직포 및 펠트 제조업'),
    ('170','제조업','특수사 및 코드직물 제조업'),
    ('171','제조업','표면처리 및 적층 직물 제조업'),
    ('172','제조업','그 외 기타 분류 안된 섬유제품 제조업'),
    ('173','제조업','남자용 겉옷 제조업'),
    ('174','제조업','남자용 겉옷 제조업'),
    ('175','제조업','여자용 겉옷 제조업'),
    ('176','제조업','여자용 겉옷 제조업'),
    ('177','제조업','속옷 및 잠옷 제조업'),
    ('178','제조업','한복 제조업'),
    ('179','제조업','한복 제조업'),
    ('180','제조업','셔츠 및 블라우스 제조업'),
    ('181','제조업','근무복, 작업복 및 유사 의복 제조업'),
    ('182','제조업','근무복, 작업복 및 유사 의복 제조업'),
    ('183','제조업','가죽의복 제조업'),
    ('184','제조업','유아용 의복 제조업'),
    ('185','제조업','그 외 기타 봉제의복 제조업'),
    ('186','제조업','모피제품 제조업'),
    ('187','제조업','편조의복 제조업'),
    ('188','제조업','스타킹 및 기타양말 제조업'),
    ('189','제조업','기타 편조 의복 액세서리 제조업'),
    ('190','제조업','기타 편조 의복 액세서리 제조업'),
    ('191','제조업','모자 제조업'),
    ('192','제조업','그 외 기타 의복 액세서리 제조업'),
    ('193','제조업','모피 및 가죽 제조업'),
    ('194','제조업','핸드백 및 지갑 제조업'),
    ('195','제조업','가방 및 기타 보호용 케이스 제조업'),
    ('196','제조업','기타 가죽제품 제조업'),
    ('197','제조업','구두류 제조업'),
    ('198','제조업','기타 신발 제조업'),
    ('199','제조업','신발 부분품 제조업'),
    ('200','제조업','연사 및 가공사 제조업'),
    ('201','제조업','특수직물 및 기타 직물 직조업'),
    ('202','제조업','자수제품 및 자수용 재료 제조업'),
    ('203','제조업','편조 원단 제조업'),
    ('204','제조업','섬유제품 기타 정리 및 마무리 가공업'),
    ('205','제조업','그 외 기타 분류 안된 섬유제품 제조업'),
    ('206','제조업','일반 제재업'),
    ('207','제조업','표면 가공목재 및 특정 목적용 제재목 제조업'),
    ('208','제조업','목재 보존, 방부처리, 도장 및 유사 처리업'),
    ('209','제조업','박판, 합판 및 유사 적층판 제조업'),
    ('210','제조업','강화 및 재생 목재 제조업'),
    ('211','제조업','목재 문 및 관련제품 제조업'),
    ('212','제조업','기타 건축용 나무제품 제조업'),
    ('213','제조업','목재 깔판류 및 기타 적재판 제조업'),
    ('214','제조업','목재 포장용 상자, 드럼 및 유사 용기 제조업'),
    ('215','제조업','목재 도구 및 주방용 나무제품 제조업'),
    ('216','제조업','장식용 목제품 제조업'),
    ('217','제조업','장식용 목제품 제조업'),
    ('218','제조업','그 외 기타 나무제품 제조업'),
    ('219','제조업','코르크 및 조물 제품 제조업'),
    ('220','제조업','코르크 및 조물 제품 제조업'),
    ('221','제조업','코르크 및 조물 제품 제조업'),
    ('222','제조업','펄프 제조업'),
    ('223','제조업','신문용지 제조업'),
    ('224','제조업','인쇄용 및 필기용 원지 제조업'),
    ('225','제조업','크라프트지 및 상자용 판지 제조업'),
    ('226','제조업','적층, 합성 및 특수 표면처리 종이 제조업'),
    ('227','제조업','위생용 원지 제조업'),
    ('228','제조업','기타 종이 및 판지 제조업'),
    ('229','제조업','기타 종이 및 판지 제조업'),
    ('230','제조업','골판지 제조업'),
    ('231','제조업','골판지 상자 및 가공제품 제조업'),
    ('232','제조업','종이 포대 및 가방 제조업'),
    ('233','제조업','판지 상자 및 용기 제조업'),
    ('234','제조업','식품 위생용 종이 상자 및 용기 제조업'),
    ('235','제조업','기타 종이 상자 및 용기 제조업'),
    ('236','제조업','문구용 종이제품 제조업'),
    ('237','제조업','위생용 종이제품 제조업'),
    ('238','제조업','벽지 및 장판지 제조업'),
    ('239','제조업','그 외 기타 종이 및 판지 제품 제조업'),
    ('240','제조업','그 외 기타 종이 및 판지 제품 제조업'),
    ('241','제조업','경 인쇄업'),
    ('242','제조업','경 인쇄업'),
    ('243','제조업','스크린 인쇄업'),
    ('244','제조업','오프셋 인쇄업'),
    ('245','제조업','기타 인쇄업'),
    ('246','제조업','제판 및 조판업'),
    ('247','제조업','제책업'),
    ('248','제조업','기타 인쇄관련 산업'),
    ('249','제조업','기록매체 복제업'),
    ('250','제조업','코크스 및 관련제품 제조업'),
    ('251','제조업','연탄 및 기타 석탄 가공품 제조업'),
    ('252','제조업','원유 정제처리업'),
    ('253','제조업','윤활유 및 그리스 제조업'),
    ('254','제조업','기타 석유 정제물 재처리업'),
    ('255','제조업','석유화학계 기초 화학 물질 제조업'),
    ('256','제조업','천연수지 및 나무 화학 물질 제조업'),
    ('257','제조업','석탄화학계 화합물 및 기타 기초 유기화학 물질 제조업'),
    ('258','제조업','산업용 가스 제조업'),
    ('259','제조업','기타 기초 무기화학 물질 제조업'),
    ('260','제조업','기타 기초 무기화학 물질 제조업'),
    ('261','제조업','기타 기초 무기화학 물질 제조업'),
    ('262','제조업','무기 안료용 금속 산화물 및 관련 제품 제조업'),
    ('263','제조업','염료, 조제 무기 안료, 유연제 및 기타 착색제 제조업'),
    ('264','제조업','합성고무 제조업'),
    ('265','제조업','합성수지 및 기타 플라스틱 물질 제조업'),
    ('266','제조업','혼성 및 재생 플라스틱 소재 물질 제조업'),
    ('267','제조업','질소 화합물, 질소ㆍ인산 및 칼리질 화학비료 제조업'),
    ('268','제조업','복합비료 및 기타 화학비료 제조업'),
    ('269','제조업','유기질 비료 및 상토 제조업'),
    ('270','제조업','화학 살균ㆍ살충제 및 농업용 약제 제조업'),
    ('271','제조업','화학 살균ㆍ살충제 및 농업용 약제 제조업'),
    ('272','제조업','생물 살균ㆍ살충제 및 식물보호제 제조업'),
    ('273','제조업','생물 살균ㆍ살충제 및 식물보호제 제조업'),
    ('274','제조업','일반용 도료 및 관련제품 제조업'),
    ('275','제조업','일반용 도료 및 관련제품 제조업'),
    ('276','제조업','요업용 도포제 및 관련제품 제조업'),
    ('277','제조업','인쇄 잉크 및 회화용 물감 제조업'),
    ('278','제조업','인쇄 잉크 및 회화용 물감 제조업'),
    ('279','제조업','계면활성제 제조업'),
    ('280','제조업','치약, 비누 및 기타 세제 제조업'),
    ('281','제조업','치약, 비누 및 기타 세제 제조업'),
    ('282','제조업','화장품 제조업'),
    ('283','제조업','표면 광택제 및 실내 가향제 제조업'),
    ('284','제조업','표면 광택제 및 실내 가향제 제조업'),
    ('285','제조업','감광 재료 및 관련 화학제품 제조업'),
    ('286','제조업','가공 및 정제염 제조업'),
    ('287','제조업','접착제 및 젤라틴 제조업'),
    ('288','제조업','화약 및 불꽃제품 제조업'),
    ('289','제조업','화약 및 불꽃제품 제조업'),
    ('290','제조업','바이오 연료 및 혼합물 제조업'),
    ('291','제조업','그 외 기타 분류 안된 화학제품 제조업'),
    ('292','제조업','그 외 기타 분류 안된 화학제품 제조업'),
    ('293','제조업','합성섬유 제조업'),
    ('294','제조업','재생 섬유 제조업'),
    ('295','제조업','의약용 화합물 및 항생물질 제조업'),
    ('296','제조업','생물학적 제제 제조업'),
    ('297','제조업','완제 의약품 제조업'),
    ('298','제조업','한의약품 제조업'),
    ('299','제조업','동물용 의약품 제조업'),
    ('300','제조업','의료용품 및 기타 의약 관련제품 제조업'),
    ('301','제조업','타이어 및 튜브 제조업'),
    ('302','제조업','타이어 재생업'),
    ('303','제조업','고무 패킹류 제조업'),
    ('304','제조업','산업용 그 외 비경화 고무제품 제조업'),
    ('305','제조업','고무 의류 및 기타 위생용 비경화 고무제품 제조업'),
    ('306','제조업','그 외 기타 고무제품 제조업'),
    ('307','제조업','플라스틱 선, 봉, 관 및 호스 제조업'),
    ('308','제조업','플라스틱 필름 제조업'),
    ('309','제조업','플라스틱 필름 제조업'),
    ('310','제조업','플라스틱 시트 및 판 제조업'),
    ('311','제조업','플라스틱 합성피혁 제조업'),
    ('312','제조업','벽 및 바닥 피복용 플라스틱 제품 제조업'),
    ('313','제조업','설치용 및 위생용 플라스틱제품 제조업'),
    ('314','제조업','플라스틱 창호 제조업'),
    ('315','제조업','기타 건축용 플라스틱 조립제품 제조업'),
    ('316','제조업','플라스틱 포대, 봉투 및 유사제품 제조업'),
    ('317','제조업','포장용 플라스틱 성형용기 제조업'),
    ('318','제조업','운송장비 조립용 플라스틱제품 제조업'),
    ('319','제조업','기타 기계ㆍ장비 조립용 플라스틱제품 제조업'),
    ('320','제조업','폴리스티렌 발포 성형제품 제조업'),
    ('321','제조업','기타 플라스틱 발포 성형제품 제조업'),
    ('322','제조업','플라스틱 접착처리 제품 제조업'),
    ('323','제조업','플라스틱 적층, 도포 및 기타 표면처리 제품 제조업'),
    ('324','제조업','그 외 기타 플라스틱 제품 제조업'),
    ('325','제조업','그 외 기타 플라스틱 제품 제조업'),
    ('326','제조업','판유리 제조업'),
    ('327','제조업','안전유리 제조업'),
    ('328','제조업','기타 판유리 가공품 제조업'),
    ('329','제조업','1차 유리제품, 유리섬유 및 광학용 유리 제조업'),
    ('330','제조업','디스플레이 장치용 유리 제조업'),
    ('331','제조업','기타 산업용 유리제품 제조업'),
    ('332','제조업','가정용 유리제품 제조업'),
    ('333','제조업','포장용 유리용기 제조업'),
    ('334','제조업','그 외 기타 유리제품 제조업'),
    ('335','제조업','정형 내화 요업제품 제조업'),
    ('336','제조업','부정형 내화 요업제품 제조업'),
    ('337','제조업','가정용 및 장식용 도자기 제조업'),
    ('338','제조업','위생용 및 산업용 도자기 제조업'),
    ('339','제조업','기타 일반 도자기 제조업'),
    ('340','제조업','점토 벽돌, 블록 및 유사 비내화 요업제품 제조업'),
    ('341','제조업','타일 및 유사 비내화 요업제품 제조업'),
    ('342','제조업','기타 건축용 비내화 요업제품 제조업'),
    ('343','제조업','시멘트 제조업'),
    ('344','제조업','석회 및 플라스터 제조업'),
    ('345','제조업','석회 및 플라스터 제조업'),
    ('346','제조업','비내화 모르타르 제조업'),
    ('347','제조업','레미콘 제조업'),
    ('348','제조업','플라스터 혼합제품 제조업'),
    ('349','제조업','콘크리트 타일, 기와, 벽돌 및 블록 제조업'),
    ('350','제조업','콘크리트 타일, 기와, 벽돌 및 블록 제조업'),
    ('351','제조업','콘크리트 관 및 기타 구조용 콘크리트제품 제조업'),
    ('352','제조업','콘크리트 관 및 기타 구조용 콘크리트제품 제조업'),
    ('353','제조업','그 외 기타 콘크리트 제품 및 유사 제품 제조업'),
    ('354','제조업','그 외 기타 콘크리트 제품 및 유사 제품 제조업'),
    ('355','제조업','건설용 석제품 제조업'),
    ('356','제조업','기타 석제품 제조업'),
    ('357','제조업','아스팔트 콘크리트 및 혼합제품 제조업'),
    ('358','제조업','연마재 제조업'),
    ('359','제조업','연마재 제조업'),
    ('360','제조업','비금속광물 분쇄물 생산업'),
    ('361','제조업','암면 및 유사 제품 제조업'),
    ('362','제조업','탄소섬유 제조업'),
    ('363','제조업','그 외 기타 분류 안된 비금속 광물제품 제조업'),
    ('364','제조업','그 외 기타 분류 안된 비금속 광물제품 제조업'),
    ('365','제조업','제철업'),
    ('366','제조업','제강업'),
    ('367','제조업','합금철 제조업'),
    ('368','제조업','기타 제철 및 제강업'),
    ('369','제조업','열간 압연 및 압출제품 제조업'),
    ('370','제조업','냉간 압연 및 압출 제품 제조업'),
    ('371','제조업','철강선 제조업'),
    ('372','제조업','주철관 제조업'),
    ('373','제조업','강관 제조업'),
    ('374','제조업','강관 가공품 및 관 연결구류 제조업'),
    ('375','제조업','도금, 착색 및 기타 표면 처리 강재 제조업'),
    ('376','제조업','그 외 기타 1차 철강 제조업'),
    ('377','제조업','그 외 기타 1차 철강 제조업'),
    ('378','제조업','동 제련, 정련 및 합금 제조업'),
    ('379','제조업','동 제련, 정련 및 합금 제조업'),
    ('380','제조업','알루미늄 제련, 정련 및 합금 제조업'),
    ('381','제조업','알루미늄 제련, 정련 및 합금 제조업'),
    ('382','제조업','연 및 아연 제련, 정련 및 합금 제조업'),
    ('383','제조업','연 및 아연 제련, 정련 및 합금 제조업'),
    ('384','제조업','기타 비철금속 제련, 정련 및 합금 제조업'),
    ('385','제조업','기타 비철금속 제련, 정련 및 합금 제조업'),
    ('386','제조업','동 압연, 압출 및 연신제품 제조업'),
    ('387','제조업','알루미늄 압연, 압출 및 연신제품 제조업'),
    ('388','제조업','기타 비철금속 압연, 압출 및 연신제품 제조업'),
    ('389','제조업','기타 1차 비철금속 제조업'),
    ('390','제조업','선철 주물 주조업'),
    ('391','제조업','강 주물 주조업'),
    ('392','제조업','알루미늄 주물 주조업'),
    ('393','제조업','동 주물 주조업'),
    ('394','제조업','기타 비철금속 주조업'),
    ('395','제조업','금속 문, 창, 셔터 및 관련제품 제조업'),
    ('396','제조업','구조용 금속 판제품 및 공작물 제조업'),
    ('397','제조업','육상 금속 골조 구조재 제조업'),
    ('398','제조업','수상 금속 골조 구조재 제조업'),
    ('399','제조업','기타 구조용 금속제품 제조업'),
    ('400','제조업','산업용 난방보일러 및 방열기 제조업'),
    ('401','제조업','산업용 난방보일러 및 방열기 제조업'),
    ('402','제조업','금속 탱크 및 저장 용기 제조업'),
    ('403','제조업','압축 및 액화 가스 용기 제조업'),
    ('404','제조업','핵반응기 및 증기보일러 제조업'),
    ('405','제조업','무기 및 총포탄 제조업'),
    ('406','제조업','분말 야금제품 제조업'),
    ('407','제조업','금속 단조제품 제조업'),
    ('408','제조업','자동차용 금속 압형제품 제조업'),
    ('409','제조업','그 외 금속 압형제품 제조업'),
    ('410','제조업','금속 열처리업'),
    ('411','제조업','도금업'),
    ('412','제조업','도장 및 기타 피막 처리업'),
    ('413','제조업','절삭 가공 및 유사 처리업'),
    ('414','제조업','그 외 기타 금속 가공업'),
    ('415','제조업','그 외 기타 금속 가공업'),
    ('416','제조업','날붙이 제조업'),
    ('417','제조업','일반 철물 제조업'),
    ('418','제조업','일반 철물 제조업'),
    ('419','제조업','비동력식 수공구 제조업'),
    ('420','제조업','비동력식 수공구 제조업'),
    ('421','제조업','톱 및 호환성 공구 제조업'),
    ('422','제조업','볼트 및 너트류 제조업'),
    ('423','제조업','그 외 금속 파스너 및 나사제품 제조업'),
    ('424','제조업','금속 스프링 제조업'),
    ('425','제조업','금속선 가공제품 제조업'),
    ('426','제조업','금속 캔 및 기타 포장용기 제조업'),
    ('427','제조업','수동식 식품 가공 기기 및 금속 주방용기 제조업'),
    ('428','제조업','금속 위생용품 제조업'),
    ('429','제조업','금속 표시판 제조업'),
    ('430','제조업','피복 및 충전 용접봉 제조업'),
    ('431','제조업','그 외 기타 분류 안된 금속 가공제품 제조업'),
    ('432','제조업','그 외 기타 분류 안된 금속 가공제품 제조업'),
    ('433','제조업','그 외 기타 분류 안된 금속 가공제품 제조업'),
    ('434','제조업','메모리용 전자집적회로 제조업'),
    ('435','제조업','비메모리용 및 기타 전자집적회로 제조업'),
    ('436','제조업','발광 다이오드 제조업'),
    ('437','제조업','기타 반도체 소자 제조업'),
    ('438','제조업','액정 표시장치 제조업'),
    ('439','제조업','유기 발광 표시장치 제조업'),
    ('440','제조업','기타 표시장치 제조업'),
    ('441','제조업','인쇄회로기판용 적층판 제조업'),
    ('442','제조업','경성 인쇄회로기판 제조업'),
    ('443','제조업','연성 및 기타 인쇄회로기판 제조업'),
    ('444','제조업','전자 부품 실장기판 제조업'),
    ('445','제조업','전자 축전기 제조업'),
    ('446','제조업','전자 저항기 제조업'),
    ('447','제조업','전자카드 제조업'),
    ('448','제조업','전자코일, 변성기 및 기타 전자 유도자 제조업'),
    ('449','제조업','전자 감지장치 제조업'),
    ('450','제조업','그 외 기타 전자 부품 제조업'),
    ('451','제조업','컴퓨터 제조업'),
    ('452','제조업','기억 장치 제조업'),
    ('453','제조업','컴퓨터 모니터 제조업'),
    ('454','제조업','컴퓨터 프린터 제조업'),
    ('455','제조업','기타 주변 기기 제조업'),
    ('456','제조업','유선 통신장비 제조업'),
    ('457','제조업','방송장비 제조업'),
    ('458','제조업','이동 전화기 제조업'),
    ('459','제조업','기타 무선 통신장비 제조업'),
    ('460','제조업','텔레비전 제조업'),
    ('461','제조업','비디오 및 기타 영상 기기 제조업'),
    ('462','제조업','라디오, 녹음 및 재생 기기 제조업'),
    ('463','제조업','기타 음향기기 제조업'),
    ('464','제조업','마그네틱 및 광학 매체 제조업'),
    ('465','제조업','방사선 장치 제조업'),
    ('466','제조업','전기식 진단 및 요법 기기 제조업'),
    ('467','제조업','치과용 기기 제조업'),
    ('468','제조업','정형 외과용 및 신체 보정용 기기 제조업'),
    ('469','제조업','정형 외과용 및 신체 보정용 기기 제조업'),
    ('470','제조업','안경 및 안경렌즈 제조업'),
    ('471','제조업','안경 및 안경렌즈 제조업'),
    ('472','제조업','의료용 가구 제조업'),
    ('473','제조업','그 외 기타 의료용 기기 제조업'),
    ('474','제조업','레이더, 항행용 무선 기기 및 측량 기구 제조업'),
    ('475','제조업','전자기 측정, 시험 및 분석 기구 제조업'),
    ('476','제조업','물질 검사, 측정 및 분석 기구 제조업'),
    ('477','제조업','속도계 및 적산계기 제조업'),
    ('478','제조업','기기용 자동 측정 및 제어장치 제조업'),
    ('479','제조업','산업 처리공정 제어장비 제조업'),
    ('480','제조업','기타 측정, 시험, 항해, 제어 및 정밀 기기 제조업'),
    ('481','제조업','광학 렌즈 및 광학 요소 제조업'),
    ('482','제조업','사진기, 영사기 및 관련 장비 제조업'),
    ('483','제조업','기타 광학 기기 제조업'),
    ('484','제조업','시계 및 시계 부품 제조업'),
    ('485','제조업','전동기 및 발전기 제조업'),
    ('486','제조업','변압기 제조업'),
    ('487','제조업','방전 램프용 안정기 제조업'),
    ('488','제조업','에너지 저장장치 제조업'),
    ('489','제조업','기타 전기 변환장치 제조업'),
    ('490','제조업','전기회로 개폐, 보호 장치 제조업'),
    ('491','제조업','전기회로 접속장치 제조업'),
    ('492','제조업','배전반 및 전기 자동제어반 제조업'),
    ('493','제조업','일차전지 제조업'),
    ('494','제조업','축전지 제조업'),
    ('495','제조업','광섬유 케이블 제조업'),
    ('496','제조업','기타 절연선 및 케이블 제조업'),
    ('497','제조업','절연 코드세트 및 기타 도체 제조업'),
    ('498','제조업','전구 및 램프 제조업'),
    ('499','제조업','운송장비용 조명장치 제조업'),
    ('500','제조업','일반용 전기 조명장치 제조업'),
    ('501','제조업','전시 및 광고용 조명장치 제조업'),
    ('502','제조업','기타 조명장치 제조업'),
    ('503','제조업','주방용 전기 기기 제조업'),
    ('504','제조업','가정용 전기 난방기기 제조업'),
    ('505','제조업','기타 가정용 전기 기기 제조업'),
    ('506','제조업','가정용 비전기식 조리 및 난방 기구 제조업'),
    ('507','제조업','전기 경보 및 신호장치 제조업'),
    ('508','제조업','전기용 탄소제품 및 절연제품 제조업'),
    ('509','제조업','교통 신호장치 제조업'),
    ('510','제조업','그 외 기타 전기장비 제조업'),
    ('511','제조업','내연기관 제조업'),
    ('512','제조업','기타 기관 및 터빈 제조업'),
    ('513','제조업','유압 기기 제조업'),
    ('514','제조업','액체 펌프 제조업'),
    ('515','제조업','기체 펌프 및 압축기 제조업'),
    ('516','제조업','탭, 밸브 및 유사 장치 제조업'),
    ('517','제조업','구름베어링 제조업'),
    ('518','제조업','기어 및 동력전달장치 제조업'),
    ('519','제조업','산업용 오븐, 노 및 노용 버너 제조업'),
    ('520','제조업','산업용 트럭 및 적재기 제조업'),
    ('521','제조업','승강기 제조업'),
    ('522','제조업','컨베이어 장치 제조업'),
    ('523','제조업','기타 물품 취급장비 제조업'),
    ('524','제조업','산업용 냉장 및 냉동장비 제조업'),
    ('525','제조업','공기 조화장치 제조업'),
    ('526','제조업','산업용 송풍기 및 배기장치 제조업'),
    ('527','제조업','기체 여과기 제조업'),
    ('528','제조업','액체 여과기 제조업'),
    ('529','제조업','증류기, 열 교환기 및 가스 발생기 제조업'),
    ('530','제조업','사무용 기계 및 장비 제조업'),
    ('531','제조업','사무용 기계 및 장비 제조업'),
    ('532','제조업','일반 저울 제조업'),
    ('533','제조업','용기 세척, 포장 및 충전기 제조업'),
    ('534','제조업','분사기 및 소화기 제조업'),
    ('535','제조업','동력식 수지 공구 제조업'),
    ('536','제조업','그 외 기타 일반 목적용 기계 제조업'),
    ('537','제조업','농업 및 임업용 기계 제조업'),
    ('538','제조업','전자 응용 절삭기계 제조업'),
    ('539','제조업','디지털 적층 성형기계 제조업'),
    ('540','제조업','금속 절삭기계 제조업'),
    ('541','제조업','금속 성형기계 제조업'),
    ('542','제조업','기타 가공 공작기계 제조업'),
    ('543','제조업','금속 주조 및 기타 야금용 기계 제조업'),
    ('544','제조업','건설 및 채광용 기계장비 제조업'),
    ('545','제조업','광물 처리 및 취급장비 제조업'),
    ('546','제조업','음ㆍ식료품 및 담배 가공기계 제조업'),
    ('547','제조업','산업용 섬유 세척, 염색, 정리 및 가공 기계 제조업'),
    ('548','제조업','기타 섬유, 의복 및 가죽 가공기계 제조업'),
    ('549','제조업','반도체 제조용 기계 제조업'),
    ('550','제조업','디스플레이 제조용 기계 제조업'),
    ('551','제조업','산업용 로봇 제조업'),
    ('552','제조업','펄프 및 종이 가공용 기계 제조업'),
    ('553','제조업','고무, 화학섬유 및 플라스틱 성형기 제조업'),
    ('554','제조업','인쇄 및 제책용 기계 제조업'),
    ('555','제조업','주형 및 금형 제조업'),
    ('556','제조업','그 외 기타 특수 목적용 기계 제조업'),
    ('557','제조업','자동차용 엔진 제조업'),
    ('558','제조업','승용차 및 기타 여객용 자동차 제조업'),
    ('559','제조업','화물 자동차 및 특수 목적용 자동차 제조업'),
    ('560','제조업','차체 및 특장차 제조업'),
    ('561','제조업','자동차 구조 및 장치 변경업'),
    ('562','제조업','트레일러 및 세미 트레일러 제조업'),
    ('563','제조업','자동차 엔진용 신품 부품 제조업'),
    ('564','제조업','자동차 차체용 신품 부품 제조업'),
    ('565','제조업','자동차용 신품 동력 전달장치 제조업'),
    ('566','제조업','자동차용 신품 전기장치 제조업'),
    ('567','제조업','자동차용 신품 조향장치 및 현가장치 제조업'),
    ('568','제조업','자동차용 신품 제동장치 제조업'),
    ('569','제조업','자동차용 신품 의자 제조업'),
    ('570','제조업','그 외 자동차용 신품 부품 제조업'),
    ('571','제조업','자동차 재제조 부품 제조업'),
    ('572','제조업','강선 건조업'),
    ('573','제조업','합성수지선 건조업'),
    ('574','제조업','기타 선박 건조업'),
    ('575','제조업','기타 선박 건조업'),
    ('576','제조업','기타 선박 건조업'),
    ('577','제조업','선박 구성 부분품 제조업'),
    ('578','제조업','오락 및 스포츠용 보트 건조업'),
    ('579','제조업','기관차 및 기타 철도 차량 제조업'),
    ('580','제조업','철도 차량 부품 및 관련 장치물 제조업'),
    ('581','제조업','유인 항공기, 항공 우주선 및 보조장치 제조업'),
    ('582','제조업','무인 항공기 및 무인 비행장치 제조업'),
    ('583','제조업','항공기용 엔진 제조업'),
    ('584','제조업','항공기용 부품 제조업'),
    ('585','제조업','전투용 차량 제조업'),
    ('586','제조업','모터사이클 제조업'),
    ('587','제조업','자전거 및 환자용 차량 제조업'),
    ('588','제조업','그 외 기타 달리 분류되지 않은 운송장비 제조업'),
    ('589','제조업','매트리스 및 침대 제조업'),
    ('590','제조업','소파 및 기타 내장 가구 제조업'),
    ('591','제조업','주방용 및 음식점용 목재 가구 제조업'),
    ('592','제조업','기타 목재 가구 제조업'),
    ('593','제조업','금속 가구 제조업'),
    ('594','제조업','그 외 기타 가구 제조업'),
    ('595','제조업','귀금속 및 관련제품 제조업'),
    ('596','제조업','모조 귀금속 및 모조 장신용품 제조업'),
    ('597','제조업','건반 악기 제조업'),
    ('598','제조업','전자 악기 제조업'),
    ('599','제조업','기타 악기 제조업'),
    ('600','제조업','체조, 육상 및 체력 단련용 장비 제조업'),
    ('601','제조업','놀이터용 장비 제조업'),
    ('602','제조업','낚시 및 수렵용구 제조업'),
    ('603','제조업','기타 운동 및 경기용구 제조업'),
    ('604','제조업','인형 및 장난감 제조업'),
    ('605','제조업','인형 및 장난감 제조업'),
    ('606','제조업','영상게임기 제조업'),
    ('607','제조업','기타 오락용품 제조업'),
    ('608','제조업','기타 오락용품 제조업'),
    ('609','제조업','간판 및 광고물 제조업'),
    ('610','제조업','사무 및 회화용품 제조업'),
    ('611','제조업','가발 및 유사 제품 제조업'),
    ('612','제조업','전시용 모형 제조업'),
    ('613','제조업','표구 처리업'),
    ('614','제조업','단추 및 유사 파스너 제조업'),
    ('615','제조업','라이터, 연소물 및 흡연용품 제조업'),
    ('616','제조업','비 및 솔 제조업'),
    ('617','제조업','그 외 기타 달리 분류되지 않은 제품 제조업'),
    ('618','제조업','그 외 기타 달리 분류되지 않은 제품 제조업'),
    ('619','제조업','건설ㆍ광업용 기계 및 장비 수리업'),
    ('620','제조업','기타 일반 기계 및 장비 수리업'),
    ('621','제조업','전기ㆍ전자 및 정밀 기기 수리업'),
    ('622','제조업','절삭 가공 및 유사 처리업'),
    ('623','제조업','그 외 기타 금속 가공업'),
    ('624','제조업','그 외 자동차용 신품 부품 제조업'),
    ('625','제조업','그 외 기타 달리 분류되지 않은 제품 제조업'),
    ('626','제조업','포장 및 충전업'),
    ('627','제조업','기타 소사장제'),
    ('628','전기, 가스, 증기 및 공기 조절 공급업','원자력 발전업'),
    ('629','전기, 가스, 증기 및 공기 조절 공급업','수력 발전업'),
    ('630','전기, 가스, 증기 및 공기 조절 공급업','화력 발전업'),
    ('631','전기, 가스, 증기 및 공기 조절 공급업','태양력 발전업'),
    ('632','전기, 가스, 증기 및 공기 조절 공급업','기타 발전업'),
    ('633','전기, 가스, 증기 및 공기 조절 공급업','송전 및 배전업'),
    ('634','전기, 가스, 증기 및 공기 조절 공급업','전기 판매업'),
    ('635','전기, 가스, 증기 및 공기 조절 공급업','연료용 가스 제조 및 배관공급업'),
    ('636','전기, 가스, 증기 및 공기 조절 공급업','증기, 냉ㆍ온수 및 공기 조절 공급업'),
    ('637','수도, 하수 및 폐기물 처리, 원료 재생업','생활용수 공급업'),
    ('638','수도, 하수 및 폐기물 처리, 원료 재생업','산업용수 공급업'),
    ('639','수도, 하수 및 폐기물 처리, 원료 재생업','하수 처리업'),
    ('640','수도, 하수 및 폐기물 처리, 원료 재생업','하수 처리업'),
    ('641','수도, 하수 및 폐기물 처리, 원료 재생업','폐수 처리업'),
    ('642','수도, 하수 및 폐기물 처리, 원료 재생업','사람 분뇨 처리업'),
    ('643','수도, 하수 및 폐기물 처리, 원료 재생업','축산 분뇨 처리업'),
    ('644','수도, 하수 및 폐기물 처리, 원료 재생업','지정 외 폐기물 수집, 운반업'),
    ('645','수도, 하수 및 폐기물 처리, 원료 재생업','지정 폐기물 수집, 운반업'),
    ('646','수도, 하수 및 폐기물 처리, 원료 재생업','건설 폐기물 수집, 운반업'),
    ('647','수도, 하수 및 폐기물 처리, 원료 재생업','지정 외 폐기물 처리업'),
    ('648','수도, 하수 및 폐기물 처리, 원료 재생업','지정 폐기물 처리업'),
    ('649','수도, 하수 및 폐기물 처리, 원료 재생업','건설 폐기물 처리업'),
    ('650','수도, 하수 및 폐기물 처리, 원료 재생업','방사성 폐기물 수집, 운반 및 처리업'),
    ('651','수도, 하수 및 폐기물 처리, 원료 재생업','금속류 해체 및 선별업'),
    ('652','수도, 하수 및 폐기물 처리, 원료 재생업','금속류 해체 및 선별업'),
    ('653','수도, 하수 및 폐기물 처리, 원료 재생업','금속류 해체 및 선별업'),
    ('654','수도, 하수 및 폐기물 처리, 원료 재생업','금속류 원료 재생업'),
    ('655','수도, 하수 및 폐기물 처리, 원료 재생업','비금속류 해체 및 선별업'),
    ('656','수도, 하수 및 폐기물 처리, 원료 재생업','비금속류 원료 재생업'),
    ('657','수도, 하수 및 폐기물 처리, 원료 재생업','토양 및 지하수 정화업'),
    ('658','수도, 하수 및 폐기물 처리, 원료 재생업','기타 환경 정화 및 복원업'),
    ('659','건 설 업','단독 주택 건설업'),
    ('660','건 설 업','단독 주택 건설업'),
    ('661','건 설 업','아파트 건설업'),
    ('662','건 설 업','기타 공동 주택 건설업'),
    ('663','건 설 업','아파트 건설업'),
    ('664','건 설 업','기타 공동 주택 건설업'),
    ('665','건 설 업','사무ㆍ상업용 및 공공기관용 건물 건설업'),
    ('666','건 설 업','제조업 및 유사 산업용 건물 건설업'),
    ('667','건 설 업','기타 비주거용 건물 건설업'),
    ('668','건 설 업','지반조성 건설업'),
    ('669','건 설 업','도로 건설업'),
    ('670','건 설 업','교량, 터널 및 철도 건설업'),
    ('671','건 설 업','항만, 수로, 댐 및 유사 구조물 건설업'),
    ('672','건 설 업','환경설비 건설업'),
    ('673','건 설 업','산업 생산시설 종합 건설업'),
    ('674','건 설 업','조경 건설업'),
    ('675','건 설 업','기타 토목 시설물 건설업'),
    ('676','건 설 업','건물 및 구축물 해체 공사업'),
    ('677','건 설 업','토공사업'),
    ('678','건 설 업','보링, 그라우팅 및 관정 공사업'),
    ('679','건 설 업','보링, 그라우팅 및 관정 공사업'),
    ('680','건 설 업','파일공사 및 축조관련 기초 공사업'),
    ('681','건 설 업','기타 기반조성 관련 전문공사업'),
    ('682','건 설 업','철골 및 관련 구조물 공사업'),
    ('683','건 설 업','콘크리트 및 철근 공사업'),
    ('684','건 설 업','조적 및 석공사업'),
    ('685','건 설 업','포장 공사업'),
    ('686','건 설 업','철도 궤도 전문공사업'),
    ('687','건 설 업','수중 공사업'),
    ('688','건 설 업','비계 및 형틀 공사업'),
    ('689','건 설 업','지붕, 내ㆍ외벽 축조 관련 전문공사업'),
    ('690','건 설 업','기타 옥외 시설물 축조관련 전문공사업'),
    ('691','건 설 업','배관 및 냉ㆍ난방 공사업'),
    ('692','건 설 업','배관 및 냉ㆍ난방 공사업'),
    ('693','건 설 업','건물용 기계ㆍ장비 설치 공사업'),
    ('694','건 설 업','방음, 방진 및 내화 공사업'),
    ('695','건 설 업','소방시설 공사업'),
    ('696','건 설 업','기타 건물 관련설비 설치 공사업'),
    ('697','건 설 업','일반 전기 공사업'),
    ('698','건 설 업','내부 전기배선 공사업'),
    ('699','건 설 업','일반 통신 공사업'),
    ('700','건 설 업','내부 통신배선 공사업'),
    ('701','건 설 업','도장 공사업'),
    ('702','건 설 업','도배, 실내 장식 및 내장 목공사업'),
    ('703','건 설 업','도배, 실내 장식 및 내장 목공사업'),
    ('704','건 설 업','도배, 실내 장식 및 내장 목공사업'),
    ('705','건 설 업','유리 및 창호 공사업'),
    ('706','건 설 업','미장, 타일 및 방수 공사업'),
    ('707','건 설 업','건물용 금속 공작물 설치 공사업'),
    ('708','건 설 업','그 외 기타 건축 마무리 공사업'),
    ('709','건 설 업','시설물 유지관리 공사업'),
    ('710','건 설 업','건설장비 운영업'),
    ('711','도매 및 소매업','자동차 신품 판매업'),
    ('712','도매 및 소매업','자동차 신품 판매업'),
    ('713','도매 및 소매업','자동차 신품 판매업'),
    ('714','도매 및 소매업','자동차 신품 판매업'),
    ('715','도매 및 소매업','중고 자동차 판매업'),
    ('716','도매 및 소매업','중고 자동차 판매업'),
    ('717','도매 및 소매업','중고 자동차 판매업'),
    ('718','도매 및 소매업','자동차 신품 타이어 및 튜브 판매업'),
    ('719','도매 및 소매업','자동차 신품 타이어 및 튜브 판매업'),
    ('720','도매 및 소매업','자동차용 전용 신품 부품 판매업'),
    ('721','도매 및 소매업','자동차용 전용 신품 부품 판매업'),
    ('722','도매 및 소매업','자동차 내장용 신품 전기ㆍ전자ㆍ정밀기기 판매업'),
    ('723','도매 및 소매업','자동차 내장용 신품 전기ㆍ전자ㆍ정밀기기 판매업'),
    ('724','도매 및 소매업','기타 자동차 신품 부품 및 내장품 판매업'),
    ('725','도매 및 소매업','기타 자동차 신품 부품 및 내장품 판매업'),
    ('726','도매 및 소매업','기타 자동차 신품 부품 및 내장품 판매업'),
    ('727','도매 및 소매업','자동차 중고 부품 및 내장품 판매업'),
    ('728','도매 및 소매업','자동차 중고 부품 및 내장품 판매업'),
    ('729','도매 및 소매업','모터사이클 및 부품 도매업'),
    ('730','도매 및 소매업','모터사이클 및 부품 소매업'),
    ('731','도매 및 소매업','산업용 농ㆍ축산물, 섬유 원료 및 동물 중개업'),
    ('732','도매 및 소매업','산업용 농ㆍ축산물, 섬유 원료 및 동물 중개업'),
    ('733','도매 및 소매업','음ㆍ식료품 및 담배 중개업'),
    ('734','도매 및 소매업','음ㆍ식료품 및 담배 중개업'),
    ('735','도매 및 소매업','음ㆍ식료품 및 담배 중개업'),
    ('736','도매 및 소매업','음ㆍ식료품 및 담배 중개업'),
    ('737','도매 및 소매업','음ㆍ식료품 및 담배 중개업'),
    ('738','도매 및 소매업','음ㆍ식료품 및 담배 중개업'),
    ('739','도매 및 소매업','섬유, 의복, 신발 및 가죽제품 중개업'),
    ('740','도매 및 소매업','목재 및 건축자재 중개업'),
    ('741','도매 및 소매업','연료, 광물, 1차 금속, 비료 및 화학제품 중개업'),
    ('742','도매 및 소매업','기계 및 장비 중개업'),
    ('743','도매 및 소매업','그 외 기타 특정 상품 중개업'),
    ('744','도매 및 소매업','상품 종합 중개업'),
    ('745','도매 및 소매업','섬유, 의복, 신발 및 가죽제품 중개업'),
    ('746','도매 및 소매업','목재 및 건축자재 중개업'),
    ('747','도매 및 소매업','연료, 광물, 1차 금속, 비료 및 화학제품 중개업'),
    ('748','도매 및 소매업','기계 및 장비 중개업'),
    ('749','도매 및 소매업','상품 종합 중개업'),
    ('750','도매 및 소매업','섬유, 의복, 신발 및 가죽제품 중개업'),
    ('751','도매 및 소매업','목재 및 건축자재 중개업'),
    ('752','도매 및 소매업','연료, 광물, 1차 금속, 비료 및 화학제품 중개업'),
    ('753','도매 및 소매업','기계 및 장비 중개업'),
    ('754','도매 및 소매업','그 외 기타 특정 상품 중개업'),
    ('755','도매 및 소매업','섬유, 의복, 신발 및 가죽제품 중개업'),
    ('756','도매 및 소매업','목재 및 건축자재 중개업'),
    ('757','도매 및 소매업','연료, 광물, 1차 금속, 비료 및 화학제품 중개업'),
    ('758','도매 및 소매업','기계 및 장비 중개업'),
    ('759','도매 및 소매업','상품 종합 중개업'),
    ('760','도매 및 소매업','섬유, 의복, 신발 및 가죽제품 중개업'),
    ('761','도매 및 소매업','목재 및 건축자재 중개업'),
    ('762','도매 및 소매업','연료, 광물, 1차 금속, 비료 및 화학제품 중개업'),
    ('763','도매 및 소매업','기계 및 장비 중개업'),
    ('764','도매 및 소매업','상품 종합 중개업'),
    ('765','도매 및 소매업','곡물 및 유지작물 도매업'),
    ('766','도매 및 소매업','곡물 및 유지작물 도매업'),
    ('767','도매 및 소매업','곡물 및 유지작물 도매업'),
    ('768','도매 및 소매업','종자 및 묘목 도매업'),
    ('769','도매 및 소매업','종자 및 묘목 도매업'),
    ('770','도매 및 소매업','사료 도매업'),
    ('771','도매 및 소매업','화훼류 및 식물 도매업'),
    ('772','도매 및 소매업','화훼류 및 식물 도매업'),
    ('773','도매 및 소매업','화훼류 및 식물 도매업'),
    ('774','도매 및 소매업','육지 동물 및 애완 동물 도매업'),
    ('775','도매 및 소매업','육지 동물 및 애완 동물 도매업'),
    ('776','도매 및 소매업','기타 산업용 농산물 도매업'),
    ('777','도매 및 소매업','기타 산업용 농산물 도매업'),
    ('778','도매 및 소매업','기타 산업용 농산물 도매업'),
    ('779','도매 및 소매업','과실류 도매업'),
    ('780','도매 및 소매업','과실류 도매업'),
    ('781','도매 및 소매업','채소류, 서류 및 향신작물류 도매업'),
    ('782','도매 및 소매업','채소류, 서류 및 향신작물류 도매업'),
    ('783','도매 및 소매업','육류 도매업'),
    ('784','도매 및 소매업','육류 도매업'),
    ('785','도매 및 소매업','건어물 및 젓갈류 도매업'),
    ('786','도매 및 소매업','건어물 및 젓갈류 도매업'),
    ('787','도매 및 소매업','신선, 냉동 및 기타 수산물 도매업'),
    ('788','도매 및 소매업','신선, 냉동 및 기타 수산물 도매업'),
    ('789','도매 및 소매업','신선, 냉동 및 기타 수산물 도매업'),
    ('790','도매 및 소매업','신선, 냉동 및 기타 수산물 도매업'),
    ('791','도매 및 소매업','기타 신선 식품 및 단순 가공 식품 도매업'),
    ('792','도매 및 소매업','육류 가공식품 도매업'),
    ('793','도매 및 소매업','수산물 가공식품 도매업'),
    ('794','도매 및 소매업','빵류, 과자류, 당류, 초콜릿 도매업'),
    ('795','도매 및 소매업','빵류, 과자류, 당류, 초콜릿 도매업'),
    ('796','도매 및 소매업','빵류, 과자류, 당류, 초콜릿 도매업'),
    ('797','도매 및 소매업','빵류, 과자류, 당류, 초콜릿 도매업'),
    ('798','도매 및 소매업','낙농품 및 동ㆍ식물성 유지 도매업'),
    ('799','도매 및 소매업','낙농품 및 동ㆍ식물성 유지 도매업'),
    ('800','도매 및 소매업','낙농품 및 동ㆍ식물성 유지 도매업'),
    ('801','도매 및 소매업','낙농품 및 동ㆍ식물성 유지 도매업'),
    ('802','도매 및 소매업','낙농품 및 동ㆍ식물성 유지 도매업'),
    ('803','도매 및 소매업','낙농품 및 동ㆍ식물성 유지 도매업'),
    ('804','도매 및 소매업','커피 및 차류 도매업'),
    ('805','도매 및 소매업','조미료 도매업'),
    ('806','도매 및 소매업','기타 가공식품 도매업'),
    ('807','도매 및 소매업','기타 가공식품 도매업'),
    ('808','도매 및 소매업','기타 가공식품 도매업'),
    ('809','도매 및 소매업','기타 가공식품 도매업'),
    ('810','도매 및 소매업','기타 가공식품 도매업'),
    ('811','도매 및 소매업','기타 가공식품 도매업'),
    ('812','도매 및 소매업','기타 가공식품 도매업'),
    ('813','도매 및 소매업','기타 가공식품 도매업'),
    ('814','도매 및 소매업','주류 도매업'),
    ('815','도매 및 소매업','주류 도매업'),
    ('816','도매 및 소매업','비알코올 음료 도매업'),
    ('817','도매 및 소매업','담배 도매업'),
    ('818','도매 및 소매업','생활용 섬유 및 실 도매업'),
    ('819','도매 및 소매업','커튼 및 침구용품 도매업'),
    ('820','도매 및 소매업','커튼 및 침구용품 도매업'),
    ('821','도매 및 소매업','남녀용 겉옷 및 셔츠 도매업'),
    ('822','도매 및 소매업','남녀용 겉옷 및 셔츠 도매업'),
    ('823','도매 및 소매업','유아용 의류 도매업'),
    ('824','도매 및 소매업','속옷 및 잠옷 도매업'),
    ('825','도매 및 소매업','가죽 및 모피 제품 도매업'),
    ('826','도매 및 소매업','의복 액세서리 및 모조 장신구 도매업'),
    ('827','도매 및 소매업','의복 액세서리 및 모조 장신구 도매업'),
    ('828','도매 및 소매업','의복 액세서리 및 모조 장신구 도매업'),
    ('829','도매 및 소매업','기타 생활용 섬유 및 직물 제품 도매업'),
    ('830','도매 및 소매업','기타 생활용 섬유 및 직물 제품 도매업'),
    ('831','도매 및 소매업','신발 도매업'),
    ('832','도매 및 소매업','생활용 가구 도매업'),
    ('833','도매 및 소매업','생활용 가구 도매업'),
    ('834','도매 및 소매업','전구, 램프 및 조명장치 도매업'),
    ('835','도매 및 소매업','생활용 유리ㆍ요업ㆍ목재ㆍ금속 제품 및 날붙이 도매업'),
    ('836','도매 및 소매업','생활용 유리ㆍ요업ㆍ목재ㆍ금속 제품 및 날붙이 도매업'),
    ('837','도매 및 소매업','생활용 유리ㆍ요업ㆍ목재ㆍ금속 제품 및 날붙이 도매업'),
    ('838','도매 및 소매업','생활용 유리ㆍ요업ㆍ목재ㆍ금속 제품 및 날붙이 도매업'),
    ('839','도매 및 소매업','기타 비전기식 생활용 기기 및 기구 도매업'),
    ('840','도매 및 소매업','의약품 도매업'),
    ('841','도매 및 소매업','의약품 도매업'),
    ('842','도매 및 소매업','의료용품 도매업'),
    ('843','도매 및 소매업','화장품 및 화장용품 도매업'),
    ('844','도매 및 소매업','비누 및 세정제 도매업'),
    ('845','도매 및 소매업','생활용 포장 및 위생용품, 봉투 및 유사 제품 도매업'),
    ('846','도매 및 소매업','문구용품, 회화용품, 사무용품 도매업'),
    ('847','도매 및 소매업','서적, 잡지 및 기타 인쇄물 도매업'),
    ('848','도매 및 소매업','음반 및 비디오물 도매업'),
    ('849','도매 및 소매업','악기 도매업'),
    ('850','도매 및 소매업','장난감 및 취미, 오락용품 도매업'),
    ('851','도매 및 소매업','장난감 및 취미, 오락용품 도매업'),
    ('852','도매 및 소매업','장난감 및 취미, 오락용품 도매업'),
    ('853','도매 및 소매업','운동 및 경기용품 도매업'),
    ('854','도매 및 소매업','운동 및 경기용품 도매업'),
    ('855','도매 및 소매업','자전거 및 기타 운송장비 도매업'),
    ('856','도매 및 소매업','자전거 및 기타 운송장비 도매업'),
    ('857','도매 및 소매업','자전거 및 기타 운송장비 도매업'),
    ('858','도매 및 소매업','가방 및 보호용 케이스 도매업'),
    ('859','도매 및 소매업','시계 및 귀금속 제품 도매업'),
    ('860','도매 및 소매업','시계 및 귀금속 제품 도매업'),
    ('861','도매 및 소매업','시계 및 귀금속 제품 도매업'),
    ('862','도매 및 소매업','안경, 사진장비 및 광학용품 도매업'),
    ('863','도매 및 소매업','안경, 사진장비 및 광학용품 도매업'),
    ('864','도매 및 소매업','안경, 사진장비 및 광학용품 도매업'),
    ('865','도매 및 소매업','그 외 기타 생활용품 도매업'),
    ('866','도매 및 소매업','컴퓨터 및 주변장치, 소프트웨어 도매업'),
    ('867','도매 및 소매업','가전제품 및 부품 도매업'),
    ('868','도매 및 소매업','가전제품 및 부품 도매업'),
    ('869','도매 및 소매업','통신ㆍ방송장비 및 부품 도매업'),
    ('870','도매 및 소매업','농림업용 기계 및 장비 도매업'),
    ('871','도매 및 소매업','건설ㆍ광업용 기계 및 장비 도매업'),
    ('872','도매 및 소매업','공작용 기계 및 장비 도매업'),
    ('873','도매 및 소매업','기타 산업용 기계 및 장비 도매업'),
    ('874','도매 및 소매업','사무용 가구 및 기기 도매업'),
    ('875','도매 및 소매업','의료 기기 도매업'),
    ('876','도매 및 소매업','정밀 기기 및 과학 기기 도매업'),
    ('877','도매 및 소매업','수송용 운송장비 도매업'),
    ('878','도매 및 소매업','전기용 기계ㆍ장비 및 관련 기자재 도매업'),
    ('879','도매 및 소매업','전지 및 케이블 도매업'),
    ('880','도매 및 소매업','그 외 기타 기계 및 장비 도매업'),
    ('881','도매 및 소매업','그 외 기타 기계 및 장비 도매업'),
    ('882','도매 및 소매업','그 외 기타 기계 및 장비 도매업'),
    ('883','도매 및 소매업','원목 및 건축관련 목제품 도매업'),
    ('884','도매 및 소매업','골재, 벽돌 및 시멘트 도매업'),
    ('885','도매 및 소매업','골재, 벽돌 및 시멘트 도매업'),
    ('886','도매 및 소매업','골재, 벽돌 및 시멘트 도매업'),
    ('887','도매 및 소매업','유리 및 창호 도매업'),
    ('888','도매 및 소매업','배관 및 냉ㆍ난방장치 도매업'),
    ('889','도매 및 소매업','철물, 금속 파스너 및 수공구 도매업'),
    ('890','도매 및 소매업','도료 도매업'),
    ('891','도매 및 소매업','벽지 및 장판류 도매업'),
    ('892','도매 및 소매업','그 외 기타 건축자재 도매업'),
    ('893','도매 및 소매업','그 외 기타 건축자재 도매업'),
    ('894','도매 및 소매업','그 외 기타 건축자재 도매업'),
    ('895','도매 및 소매업','고체 연료 및 관련제품 도매업'),
    ('896','도매 및 소매업','고체 연료 및 관련제품 도매업'),
    ('897','도매 및 소매업','액체 연료 및 관련제품 도매업'),
    ('898','도매 및 소매업','기체 연료 및 관련제품 도매업'),
    ('899','도매 및 소매업','1차 금속제품 도매업'),
    ('900','도매 및 소매업','1차 금속제품 도매업'),
    ('901','도매 및 소매업','1차 금속제품 도매업'),
    ('902','도매 및 소매업','1차 금속제품 도매업'),
    ('903','도매 및 소매업','1차 금속제품 도매업'),
    ('904','도매 및 소매업','1차 금속제품 도매업'),
    ('905','도매 및 소매업','1차 금속제품 도매업'),
    ('906','도매 및 소매업','금속광물 도매업'),
    ('907','도매 및 소매업','염료, 안료 및 관련제품 도매업'),
    ('908','도매 및 소매업','비료 및 농약 도매업'),
    ('909','도매 및 소매업','비료 및 농약 도매업'),
    ('910','도매 및 소매업','플라스틱 물질 및 합성고무 도매업'),
    ('911','도매 및 소매업','플라스틱 물질 및 합성고무 도매업'),
    ('912','도매 및 소매업','기타 화학 물질 및 화학제품 도매업'),
    ('913','도매 및 소매업','기타 화학 물질 및 화학제품 도매업'),
    ('914','도매 및 소매업','기타 화학 물질 및 화학제품 도매업'),
    ('915','도매 및 소매업','방직용 섬유 및 실 도매업'),
    ('916','도매 및 소매업','직물 도매업'),
    ('917','도매 및 소매업','종이 원지, 판지, 종이상자 도매업'),
    ('918','도매 및 소매업','재생용 재료 수집 및 판매업'),
    ('919','도매 및 소매업','재생용 재료 수집 및 판매업'),
    ('920','도매 및 소매업','그 외 기타 상품 전문 도매업'),
    ('921','도매 및 소매업','그 외 기타 상품 전문 도매업'),
    ('922','도매 및 소매업','그 외 기타 상품 전문 도매업'),
    ('923','도매 및 소매업','그 외 기타 상품 전문 도매업'),
    ('924','도매 및 소매업','그 외 기타 상품 전문 도매업'),
    ('925','도매 및 소매업','상품 종합 도매업'),
    ('926','도매 및 소매업','상품 종합 도매업'),
    ('927','도매 및 소매업','상품 종합 도매업'),
    ('928','도매 및 소매업','상품 종합 도매업'),
    ('929','도매 및 소매업','백화점'),
    ('930','도매 및 소매업','대형 마트'),
    ('931','도매 및 소매업','기타 대형 종합 소매업'),
    ('932','도매 및 소매업','슈퍼마켓'),
    ('933','도매 및 소매업','체인화 편의점'),
    ('934','도매 및 소매업','기타 음ㆍ식료품 위주 종합 소매업'),
    ('935','도매 및 소매업','면세점'),
    ('936','도매 및 소매업','그 외 기타 종합 소매업'),
    ('937','도매 및 소매업','곡물, 곡분 및 가축 사료 소매업'),
    ('938','도매 및 소매업','곡물, 곡분 및 가축 사료 소매업'),
    ('939','도매 및 소매업','육류 소매업'),
    ('940','도매 및 소매업','건어물 및 젓갈류 소매업'),
    ('941','도매 및 소매업','신선, 냉동 및 기타 수산물 소매업'),
    ('942','도매 및 소매업','채소, 과실 및 뿌리작물 소매업'),
    ('943','도매 및 소매업','채소, 과실 및 뿌리작물 소매업'),
    ('944','도매 및 소매업','빵류, 과자류 및 당류 소매업'),
    ('945','도매 및 소매업','빵류, 과자류 및 당류 소매업'),
    ('946','도매 및 소매업','건강 보조식품 소매업'),
    ('947','도매 및 소매업','건강 보조식품 소매업'),
    ('948','도매 및 소매업','조리 반찬류 소매업'),
    ('949','도매 및 소매업','기타 식료품 소매업'),
    ('950','도매 및 소매업','기타 식료품 소매업'),
    ('951','도매 및 소매업','음료 소매업'),
    ('952','도매 및 소매업','음료 소매업'),
    ('953','도매 및 소매업','음료 소매업'),
    ('954','도매 및 소매업','음료 소매업'),
    ('955','도매 및 소매업','음료 소매업'),
    ('956','도매 및 소매업','담배 소매업'),
    ('957','도매 및 소매업','컴퓨터 및 주변장치, 소프트웨어 소매업'),
    ('958','도매 및 소매업','통신기기 소매업'),
    ('959','도매 및 소매업','가전제품 소매업'),
    ('960','도매 및 소매업','가전제품 소매업'),
    ('961','도매 및 소매업','가전제품 소매업'),
    ('962','도매 및 소매업','남자용 겉옷 소매업'),
    ('963','도매 및 소매업','여자용 겉옷 소매업'),
    ('964','도매 및 소매업','속옷 및 잠옷 소매업'),
    ('965','도매 및 소매업','셔츠 및 블라우스 소매업'),
    ('966','도매 및 소매업','한복 소매업'),
    ('967','도매 및 소매업','가죽 및 모피 의복 소매업'),
    ('968','도매 및 소매업','유아용 의류 소매업'),
    ('969','도매 및 소매업','기타 의복 소매업'),
    ('970','도매 및 소매업','기타 의복 소매업'),
    ('971','도매 및 소매업','기타 의복 소매업'),
    ('972','도매 및 소매업','가정용 직물제품 소매업'),
    ('973','도매 및 소매업','가정용 직물제품 소매업'),
    ('974','도매 및 소매업','의복 액세서리 및 모조 장신구 소매업'),
    ('975','도매 및 소매업','의복 액세서리 및 모조 장신구 소매업'),
    ('976','도매 및 소매업','의복 액세서리 및 모조 장신구 소매업'),
    ('977','도매 및 소매업','섬유 원단, 실 및 기타 섬유제품 소매업'),
    ('978','도매 및 소매업','섬유 원단, 실 및 기타 섬유제품 소매업'),
    ('979','도매 및 소매업','섬유 원단, 실 및 기타 섬유제품 소매업'),
    ('980','도매 및 소매업','신발 소매업'),
    ('981','도매 및 소매업','신발 소매업'),
    ('982','도매 및 소매업','가방 및 기타 가죽제품 소매업'),
    ('983','도매 및 소매업','가방 및 기타 가죽제품 소매업'),
    ('984','도매 및 소매업','철물 및 난방용구 소매업'),
    ('985','도매 및 소매업','철물 및 난방용구 소매업'),
    ('986','도매 및 소매업','공구 소매업'),
    ('987','도매 및 소매업','공구 소매업'),
    ('988','도매 및 소매업','벽지, 마루덮개 및 장판류 소매업'),
    ('989','도매 및 소매업','페인트, 창호 및 기타 건설자재 소매업'),
    ('990','도매 및 소매업','페인트, 창호 및 기타 건설자재 소매업'),
    ('991','도매 및 소매업','페인트, 창호 및 기타 건설자재 소매업'),
    ('992','도매 및 소매업','페인트, 창호 및 기타 건설자재 소매업'),
    ('993','도매 및 소매업','페인트, 창호 및 기타 건설자재 소매업'),
    ('994','도매 및 소매업','가구 소매업'),
    ('995','도매 및 소매업','가구 소매업'),
    ('996','도매 및 소매업','가구 소매업'),
    ('997','도매 및 소매업','가구 소매업'),
    ('998','도매 및 소매업','전기용품 및 조명장치 소매업'),
    ('999','도매 및 소매업','주방용품 및 가정용 유리, 요업제품 소매업'),
    ('1000','도매 및 소매업','주방용품 및 가정용 유리, 요업제품 소매업'),
    ('1001','도매 및 소매업','악기 소매업'),
    ('1002','도매 및 소매업','악기 소매업'),
    ('1003','도매 및 소매업','그 외 기타 분류 안된 가정용품 소매업'),
    ('1004','도매 및 소매업','그 외 기타 분류 안된 가정용품 소매업'),
    ('1005','도매 및 소매업','그 외 기타 분류 안된 가정용품 소매업'),
    ('1006','도매 및 소매업','그 외 기타 분류 안된 가정용품 소매업'),
    ('1007','도매 및 소매업','그 외 기타 분류 안된 가정용품 소매업'),
    ('1008','도매 및 소매업','서적, 신문 및 잡지류 소매업'),
    ('1009','도매 및 소매업','서적, 신문 및 잡지류 소매업'),
    ('1010','도매 및 소매업','문구용품 및 회화용품 소매업'),
    ('1011','도매 및 소매업','문구용품 및 회화용품 소매업'),
    ('1012','도매 및 소매업','음반 및 비디오물 소매업'),
    ('1013','도매 및 소매업','운동 및 경기용품 소매업'),
    ('1014','도매 및 소매업','운동 및 경기용품 소매업'),
    ('1015','도매 및 소매업','자전거 및 기타 운송장비 소매업'),
    ('1016','도매 및 소매업','게임용구, 인형 및 장난감 소매업'),
    ('1017','도매 및 소매업','운송장비용 주유소 운영업'),
    ('1018','도매 및 소매업','운송장비용 가스 충전업'),
    ('1019','도매 및 소매업','가정용 고체 연료 소매업'),
    ('1020','도매 및 소매업','가정용 고체 연료 소매업'),
    ('1021','도매 및 소매업','가정용 고체 연료 소매업'),
    ('1022','도매 및 소매업','가정용 액체 연료 소매업'),
    ('1023','도매 및 소매업','가정용 가스 연료 소매업'),
    ('1024','도매 및 소매업','의약품 및 의료용품 소매업'),
    ('1025','도매 및 소매업','의약품 및 의료용품 소매업'),
    ('1026','도매 및 소매업','의약품 및 의료용품 소매업'),
    ('1027','도매 및 소매업','의료용 기구 소매업'),
    ('1028','도매 및 소매업','화장품, 비누 및 방향제 소매업'),
    ('1029','도매 및 소매업','사무용 기기 소매업'),
    ('1030','도매 및 소매업','안경 및 렌즈 소매업'),
    ('1031','도매 및 소매업','사진기 및 사진용품 소매업'),
    ('1032','도매 및 소매업','기타 광학 및 정밀 기기 소매업'),
    ('1033','도매 및 소매업','시계 및 귀금속 소매업'),
    ('1034','도매 및 소매업','시계 및 귀금속 소매업'),
    ('1035','도매 및 소매업','시계 및 귀금속 소매업'),
    ('1036','도매 및 소매업','예술품 및 골동품 소매업'),
    ('1037','도매 및 소매업','예술품 및 골동품 소매업'),
    ('1038','도매 및 소매업','기념품, 관광 민예품 및 장식용품 소매업'),
    ('1039','도매 및 소매업','화초 및 식물 소매업'),
    ('1040','도매 및 소매업','화초 및 식물 소매업'),
    ('1041','도매 및 소매업','애완용 동물 및 관련용품 소매업'),
    ('1042','도매 및 소매업','그 외 기타 분류 안된 상품 전문 소매업'),
    ('1043','도매 및 소매업','그 외 기타 분류 안된 상품 전문 소매업'),
    ('1044','도매 및 소매업','그 외 기타 분류 안된 상품 전문 소매업'),
    ('1045','도매 및 소매업','그 외 기타 분류 안된 상품 전문 소매업'),
    ('1046','도매 및 소매업','그 외 기타 분류 안된 상품 전문 소매업'),
    ('1047','도매 및 소매업','그 외 기타 분류 안된 상품 전문 소매업'),
    ('1048','도매 및 소매업','그 외 기타 분류 안된 상품 전문 소매업'),
    ('1049','도매 및 소매업','그 외 기타 분류 안된 상품 전문 소매업'),
    ('1050','도매 및 소매업','그 외 기타 분류 안된 상품 전문 소매업'),
    ('1051','도매 및 소매업','중고 가구 소매업'),
    ('1052','도매 및 소매업','중고 가전제품 및 통신장비 소매업'),
    ('1053','도매 및 소매업','기타 중고 상품 소매업'),
    ('1054','도매 및 소매업','기타 중고 상품 소매업'),
    ('1055','도매 및 소매업','기타 중고 상품 소매업'),
    ('1056','도매 및 소매업','전자상거래 소매 중개업'),
    ('1057','도매 및 소매업','전자상거래 소매업'),
    ('1058','도매 및 소매업','기타 통신 판매업'),
    ('1059','도매 및 소매업','노점 및 유사 이동 소매업'),
    ('1060','도매 및 소매업','자동 판매기 운영업'),
    ('1061','도매 및 소매업','계약배달 판매업'),
    ('1062','도매 및 소매업','방문 판매업'),
    ('1063','도매 및 소매업','방문 판매업'),
    ('1064','도매 및 소매업','그 외 기타 무점포 소매업'),
    ('1065','운수 및 창고업','철도 여객 운송업'),
    ('1066','운수 및 창고업','철도 화물 운송업'),
    ('1067','운수 및 창고업','도시철도 운송업'),
    ('1068','운수 및 창고업','시내버스 운송업'),
    ('1069','운수 및 창고업','시내버스 운송업'),
    ('1070','운수 및 창고업','시외버스 운송업'),
    ('1071','운수 및 창고업','시내버스 운송업'),
    ('1072','운수 및 창고업','시외버스 운송업'),
    ('1073','운수 및 창고업','택시 운송업'),
    ('1074','운수 및 창고업','기타 도시 정기 육상 여객 운송업'),
    ('1075','운수 및 창고업','기타 도시 정기 육상 여객 운송업'),
    ('1076','운수 및 창고업','시외버스 운송업'),
    ('1077','운수 및 창고업','시외버스 운송업'),
    ('1078','운수 및 창고업','택시 운송업'),
    ('1079','운수 및 창고업','택시 운송업'),
    ('1080','운수 및 창고업','택시 운송업'),
    ('1081','운수 및 창고업','전세버스 운송업'),
    ('1082','운수 및 창고업','특수 여객 자동차 운송업'),
    ('1083','운수 및 창고업','기타 부정기 여객 육상 운송업'),
    ('1084','운수 및 창고업','일반 화물 자동차 운송업'),
    ('1085','운수 및 창고업','일반 화물 자동차 운송업'),
    ('1086','운수 및 창고업','일반 화물 자동차 운송업'),
    ('1087','운수 및 창고업','일반 화물 자동차 운송업'),
    ('1088','운수 및 창고업','일반 화물 자동차 운송업'),
    ('1089','운수 및 창고업','용달 화물 자동차 운송업'),
    ('1090','운수 및 창고업','개별 화물 자동차 운송업'),
    ('1091','운수 및 창고업','용달 화물 자동차 운송업'),
    ('1092','운수 및 창고업','용달 화물 자동차 운송업'),
    ('1093','운수 및 창고업','용달 화물 자동차 운송업'),
    ('1094','운수 및 창고업','개별 화물 자동차 운송업'),
    ('1095','운수 및 창고업','개별 화물 자동차 운송업'),
    ('1096','운수 및 창고업','기타 도로 화물 운송업'),
    ('1097','운수 및 창고업','택배업'),
    ('1098','운수 및 창고업','택배업'),
    ('1099','운수 및 창고업','늘찬 배달업'),
    ('1100','운수 및 창고업','파이프라인 운송업'),
    ('1101','운수 및 창고업','외항 여객 운송업'),
    ('1102','운수 및 창고업','외항 화물 운송업'),
    ('1103','운수 및 창고업','내항 여객 운송업'),
    ('1104','운수 및 창고업','내항 화물 운송업'),
    ('1105','운수 및 창고업','기타 해상 운송업'),
    ('1106','운수 및 창고업','내륙 수상 여객 및 화물 운송업'),
    ('1107','운수 및 창고업','항만 내 여객 운송업'),
    ('1108','운수 및 창고업','기타 내륙 수상 운송업'),
    ('1109','운수 및 창고업','항공 여객 운송업'),
    ('1110','운수 및 창고업','항공 화물 운송업'),
    ('1111','운수 및 창고업','일반 창고업'),
    ('1112','운수 및 창고업','냉장 및 냉동 창고업'),
    ('1113','운수 및 창고업','농산물 창고업'),
    ('1114','운수 및 창고업','위험 물품 보관업'),
    ('1115','운수 및 창고업','기타 보관 및 창고업'),
    ('1116','운수 및 창고업','철도 운송 지원 서비스업'),
    ('1117','운수 및 창고업','여객 자동차 터미널 운영업'),
    ('1118','운수 및 창고업','물류 터미널 운영업'),
    ('1119','운수 및 창고업','도로 및 관련시설 운영업'),
    ('1120','운수 및 창고업','도로 및 관련시설 운영업'),
    ('1121','운수 및 창고업','주차장 운영업'),
    ('1122','운수 및 창고업','기타 육상 운송지원 서비스업'),
    ('1123','운수 및 창고업','기타 육상 운송지원 서비스업'),
    ('1124','운수 및 창고업','항구 및 기타 해상 터미널 운영업'),
    ('1125','운수 및 창고업','기타 수상 운송 지원 서비스업'),
    ('1126','운수 및 창고업','기타 수상 운송 지원 서비스업'),
    ('1127','운수 및 창고업','기타 수상 운송 지원 서비스업'),
    ('1128','운수 및 창고업','공항 운영업'),
    ('1129','운수 및 창고업','기타 항공 운송지원 서비스업'),
    ('1130','운수 및 창고업','항공 및 육상 화물 취급업'),
    ('1131','운수 및 창고업','수상 화물 취급업'),
    ('1132','운수 및 창고업','수상 화물 취급업'),
    ('1133','운수 및 창고업','통관 대리 및 관련서비스업'),
    ('1134','운수 및 창고업','화물 운송 중개, 대리 및 관련 서비스업'),
    ('1135','운수 및 창고업','화물 포장, 검수 및 계량 서비스업'),
    ('1136','운수 및 창고업','화물 포장, 검수 및 계량 서비스업'),
    ('1137','운수 및 창고업','그 외 기타 분류 안된 운송관련 서비스업'),
    ('1138','운수 및 창고업','통관 대리 및 관련서비스업'),
    ('1139','운수 및 창고업','화물 운송 중개, 대리 및 관련 서비스업'),
    ('1140','숙박 및 음식점업','호텔업'),
    ('1141','숙박 및 음식점업','여관업'),
    ('1142','숙박 및 음식점업','여관업'),
    ('1143','숙박 및 음식점업','휴양 콘도 운영업'),
    ('1144','숙박 및 음식점업','휴양 콘도 운영업'),
    ('1145','숙박 및 음식점업','민박업'),
    ('1146','숙박 및 음식점업','기타 일반 및 생활 숙박시설 운영업'),
    ('1147','숙박 및 음식점업','기타 일반 및 생활 숙박시설 운영업'),
    ('1148','숙박 및 음식점업','기숙사 및 고시원 운영업'),
    ('1149','숙박 및 음식점업','그 외 기타 숙박업'),
    ('1150','숙박 및 음식점업','한식 일반 음식점업'),
    ('1151','숙박 및 음식점업','한식 면 요리 전문점'),
    ('1152','숙박 및 음식점업','한식 육류 요리 전문점'),
    ('1153','숙박 및 음식점업','한식 해산물 요리 전문점'),
    ('1154','숙박 및 음식점업','중식 음식점업'),
    ('1155','숙박 및 음식점업','일식 음식점업'),
    ('1156','숙박 및 음식점업','서양식 음식점업'),
    ('1157','숙박 및 음식점업','기타 외국식 음식점업'),
    ('1158','숙박 및 음식점업','기관 구내식당업'),
    ('1159','숙박 및 음식점업','출장 음식 서비스업'),
    ('1160','숙박 및 음식점업','이동 음식점업'),
    ('1161','숙박 및 음식점업','제과점업'),
    ('1162','숙박 및 음식점업','피자, 햄버거, 샌드위치 및 유사 음식점업'),
    ('1163','숙박 및 음식점업','피자, 햄버거, 샌드위치 및 유사 음식점업'),
    ('1164','숙박 및 음식점업','치킨 전문점'),
    ('1165','숙박 및 음식점업','김밥 및 기타 간이 음식점업'),
    ('1166','숙박 및 음식점업','김밥 및 기타 간이 음식점업'),
    ('1167','숙박 및 음식점업','간이 음식 포장 판매 전문점'),
    ('1168','숙박 및 음식점업','간이 음식 포장 판매 전문점'),
    ('1169','숙박 및 음식점업','일반 유흥 주점업'),
    ('1170','숙박 및 음식점업','일반 유흥 주점업'),
    ('1171','숙박 및 음식점업','일반 유흥 주점업'),
    ('1172','숙박 및 음식점업','일반 유흥 주점업'),
    ('1173','숙박 및 음식점업','무도 유흥 주점업'),
    ('1174','숙박 및 음식점업','생맥주 전문점'),
    ('1175','숙박 및 음식점업','기타 주점업'),
    ('1176','숙박 및 음식점업','기타 주점업'),
    ('1177','숙박 및 음식점업','기타 주점업'),
    ('1178','숙박 및 음식점업','기타 주점업'),
    ('1179','숙박 및 음식점업','커피 전문점'),
    ('1180','숙박 및 음식점업','기타 비알코올 음료점업'),
    ('1181','정보통신업','교과서 및 학습 서적 출판업'),
    ('1182','정보통신업','만화 출판업'),
    ('1183','정보통신업','일반 서적 출판업'),
    ('1184','정보통신업','신문 발행업'),
    ('1185','정보통신업','잡지 및 정기 간행물 발행업'),
    ('1186','정보통신업','정기 광고 간행물 발행업'),
    ('1187','정보통신업','기타 인쇄물 출판업'),
    ('1188','정보통신업','유선 온라인 게임 소프트웨어 개발 및 공급업'),
    ('1189','정보통신업','모바일 게임 소프트웨어 개발 및 공급업'),
    ('1190','정보통신업','기타 게임 소프트웨어 개발 및 공급업'),
    ('1191','정보통신업','시스템 소프트웨어 개발 및 공급업'),
    ('1192','정보통신업','응용 소프트웨어 개발 및 공급업'),
    ('1193','정보통신업','일반 영화 및 비디오물 제작업'),
    ('1194','정보통신업','애니메이션 영화 및 비디오물 제작업'),
    ('1195','정보통신업','광고 영화 및 비디오물 제작업'),
    ('1196','정보통신업','방송 프로그램 제작업'),
    ('1197','정보통신업','영화, 비디오물 및 방송 프로그램 제작 관련 서비스업'),
    ('1198','정보통신업','영화, 비디오물 및 방송 프로그램 배급업'),
    ('1199','정보통신업','영화관 운영업'),
    ('1200','정보통신업','비디오물 감상실 운영업'),
    ('1201','정보통신업','음악 및 기타 오디오물 출판업'),
    ('1202','정보통신업','녹음시설 운영업'),
    ('1203','정보통신업','라디오 방송업'),
    ('1204','정보통신업','지상파 방송업'),
    ('1205','정보통신업','프로그램 공급업'),
    ('1206','정보통신업','유선 방송업'),
    ('1207','정보통신업','위성 및 기타 방송업'),
    ('1208','정보통신업','공영 우편업'),
    ('1209','정보통신업','유선 통신업'),
    ('1210','정보통신업','무선 및 위성 통신업'),
    ('1211','정보통신업','통신 재판매업'),
    ('1212','정보통신업','그 외 기타 전기 통신업'),
    ('1213','정보통신업','컴퓨터 프로그래밍 서비스업'),
    ('1214','정보통신업','컴퓨터 시스템 통합 자문 및 구축 서비스업'),
    ('1215','정보통신업','컴퓨터시설 관리업'),
    ('1216','정보통신업','기타 정보 기술 및 컴퓨터 운영 관련 서비스업'),
    ('1217','정보통신업','자료 처리업'),
    ('1218','정보통신업','호스팅 및 관련 서비스업'),
    ('1219','정보통신업','포털 및 기타 인터넷 정보 매개 서비스업'),
    ('1220','정보통신업','뉴스 제공업'),
    ('1221','정보통신업','데이터베이스 및 온라인 정보 제공업'),
    ('1222','정보통신업','그 외 기타 정보 서비스업'),
    ('1223','금융 및 보험업','중앙은행'),
    ('1224','금융 및 보험업','국내은행'),
    ('1225','금융 및 보험업','외국은행'),
    ('1226','금융 및 보험업','신용조합'),
    ('1227','금융 및 보험업','상호 저축은행 및 기타 저축기관'),
    ('1228','금융 및 보험업','신탁업 및 집합 투자업'),
    ('1229','금융 및 보험업','기타 금융 투자업'),
    ('1230','금융 및 보험업','금융 리스업'),
    ('1231','금융 및 보험업','개발 금융기관'),
    ('1232','금융 및 보험업','신용카드 및 할부 금융업'),
    ('1233','금융 및 보험업','그 외 기타 여신 금융업'),
    ('1234','금융 및 보험업','그 외 기타 여신 금융업'),
    ('1235','금융 및 보험업','그 외 기타 여신 금융업'),
    ('1236','금융 및 보험업','기금 운영업'),
    ('1237','금융 및 보험업','지주회사'),
    ('1238','금융 및 보험업','그 외 기타 분류 안된 금융업'),
    ('1239','금융 및 보험업','생명보험업'),
    ('1240','금융 및 보험업','손해보험업'),
    ('1241','금융 및 보험업','손해보험업'),
    ('1242','금융 및 보험업','손해보험업'),
    ('1243','금융 및 보험업','보증보험업'),
    ('1244','금융 및 보험업','건강보험업'),
    ('1245','금융 및 보험업','산업 재해 및 기타 사회보장보험업'),
    ('1246','금융 및 보험업','재보험업'),
    ('1247','금융 및 보험업','개인 공제업'),
    ('1248','금융 및 보험업','사업 공제업'),
    ('1249','금융 및 보험업','연금업'),
    ('1250','금융 및 보험업','금융시장 관리업'),
    ('1251','금융 및 보험업','증권 중개업'),
    ('1252','금융 및 보험업','선물 중개업'),
    ('1253','금융 및 보험업','증권 발행, 관리, 보관 및 거래 지원 서비스업'),
    ('1254','금융 및 보험업','투자 자문업 및 투자 일임업'),
    ('1255','금융 및 보험업','그 외 기타 금융 지원 서비스업'),
    ('1256','금융 및 보험업','그 외 기타 금융 지원 서비스업'),
    ('1257','금융 및 보험업','손해 사정업'),
    ('1258','금융 및 보험업','보험 대리 및 중개업'),
    ('1259','금융 및 보험업','기타 보험 및 연금관련 서비스업'),
    ('1260','부동산업','주거용 건물 임대업'),
    ('1261','부동산업','주거용 건물 임대업'),
    ('1262','부동산업','주거용 건물 임대업(장기임대공동·단독주택)'),
    ('1263','부동산업','주거용 건물 임대업(장기임대다가구주택)'),
    ('1264','부동산업','주거용 건물 임대업'),
    ('1265','부동산업','비주거용 건물 임대업(점포, 자기땅)'),
    ('1266','부동산업','비주거용 건물 임대업(점포, 타인땅)'),
    ('1267','부동산업','비주거용 건물 임대업'),
    ('1268','부동산업','비주거용 건물 임대업'),
    ('1269','부동산업','비주거용 건물 임대업'),
    ('1270','부동산업','비주거용 건물 임대업(자기땅)'),
    ('1271','부동산업','비주거용 건물 임대업(타인땅)'),
    ('1272','부동산업','비주거용 건물 임대업'),
    ('1273','부동산업','기타 부동산 임대업'),
    ('1274','부동산업','기타 부동산 임대업(자기땅)'),
    ('1275','부동산업','기타 부동산 임대업(타인땅)'),
    ('1276','건 설 업','주거용 건물 건설업'),
    ('1277','건 설 업','주거용 건물 건설업'),
    ('1278','부동산업','주거용 건물 개발 및 공급업'),
    ('1279','부동산업','주거용 건물 개발 및 공급업'),
    ('1280','부동산업','비주거용 건물 개발 및 공급업'),
    ('1281','부동산업','비주거용 건물 개발 및 공급업'),
    ('1282','부동산업','비주거용 건물 개발 및 공급업'),
    ('1283','부동산업','비주거용 건물 개발 및 공급업'),
    ('1284','부동산업','비주거용 건물 개발 및 공급업'),
    ('1285','부동산업','비주거용 건물 개발 및 공급업'),
    ('1286','부동산업','기타 부동산 개발 및 공급업'),
    ('1287','부동산업','기타 부동산 개발 및 공급업'),
    ('1288','부동산업','주거용 부동산 관리업'),
    ('1289','부동산업','비주거용 부동산 관리업'),
    ('1290','부동산업','부동산 중개 및 대리업'),
    ('1291','부동산업','부동산 투자 자문업'),
    ('1292','부동산업','부동산 감정 평가업'),
    ('1293','전문, 과학 및 기술 서비스업','물리, 화학 및 생물학 연구개발업'),
    ('1294','전문, 과학 및 기술 서비스업','농림수산학 및 수의학 연구개발업'),
    ('1295','전문, 과학 및 기술 서비스업','의학 및 약학 연구개발업'),
    ('1296','전문, 과학 및 기술 서비스업','기타 자연과학 연구개발업'),
    ('1297','전문, 과학 및 기술 서비스업','전기ㆍ전자공학 연구개발업'),
    ('1298','전문, 과학 및 기술 서비스업','기타 공학 연구개발업'),
    ('1299','전문, 과학 및 기술 서비스업','자연과학 및 공학 융합 연구개발업'),
    ('1300','전문, 과학 및 기술 서비스업','경제 및 경영학 연구개발업'),
    ('1301','전문, 과학 및 기술 서비스업','기타 인문 및 사회과학 연구개발업'),
    ('1302','전문, 과학 및 기술 서비스업','변호사업'),
    ('1303','전문, 과학 및 기술 서비스업','변리사업'),
    ('1304','전문, 과학 및 기술 서비스업','법무사업'),
    ('1305','전문, 과학 및 기술 서비스업','기타 법무관련 서비스업(공증인)'),
    ('1306','전문, 과학 및 기술 서비스업','기타 법무관련 서비스업(집행관)'),
    ('1307','전문, 과학 및 기술 서비스업','기타 법무관련 서비스업'),
    ('1308','전문, 과학 및 기술 서비스업','기타 법무관련 서비스업'),
    ('1309','전문, 과학 및 기술 서비스업','기타 법무관련 서비스업(노무사)'),
    ('1310','전문, 과학 및 기술 서비스업','공인회계사업'),
    ('1311','전문, 과학 및 기술 서비스업','세무사업(기장대리)'),
    ('1312','전문, 과학 및 기술 서비스업','기타 회계 관련 서비스업'),
    ('1313','전문, 과학 및 기술 서비스업','세무사업'),
    ('1314','전문, 과학 및 기술 서비스업','공인회계사업(기장대리)'),
    ('1315','전문, 과학 및 기술 서비스업','기타 회계 관련 서비스업'),
    ('1316','전문, 과학 및 기술 서비스업','광고 대행업'),
    ('1317','전문, 과학 및 기술 서비스업','옥외 및 전시 광고업'),
    ('1318','전문, 과학 및 기술 서비스업','광고 매체 판매업'),
    ('1319','전문, 과학 및 기술 서비스업','광고물 문안, 도안, 설계 등 작성업'),
    ('1320','전문, 과학 및 기술 서비스업','그 외 기타 광고 관련 서비스업'),
    ('1321','전문, 과학 및 기술 서비스업','시장 조사 및 여론 조사업'),
    ('1322','전문, 과학 및 기술 서비스업','경영 컨설팅업'),
    ('1323','전문, 과학 및 기술 서비스업','경영 컨설팅업(경영지도사)'),
    ('1324','전문, 과학 및 기술 서비스업','공공관계 서비스업'),
    ('1325','전문, 과학 및 기술 서비스업','기타 전문 서비스업'),
    ('1326','전문, 과학 및 기술 서비스업','건축 설계 및 관련 서비스업'),
    ('1327','전문, 과학 및 기술 서비스업','건축 설계 및 관련 서비스업(건축사)'),
    ('1328','전문, 과학 및 기술 서비스업','도시 계획 및 조경 설계 서비스업'),
    ('1329','전문, 과학 및 기술 서비스업','건물 및 토목 엔지니어링 서비스업'),
    ('1330','전문, 과학 및 기술 서비스업','건물 및 토목 엔지니어링 서비스업(기술사)'),
    ('1331','전문, 과학 및 기술 서비스업','환경 관련 엔지니어링 서비스업'),
    ('1332','전문, 과학 및 기술 서비스업','기타 엔지니어링 서비스업'),
    ('1333','전문, 과학 및 기술 서비스업','물질 성분 검사 및 분석업'),
    ('1334','전문, 과학 및 기술 서비스업','기타 기술 시험, 검사 및 분석업'),
    ('1335','전문, 과학 및 기술 서비스업','기타 기술 시험, 검사 및 분석업(기술지도사)'),
    ('1336','전문, 과학 및 기술 서비스업','측량업'),
    ('1337','전문, 과학 및 기술 서비스업','제도업'),
    ('1338','전문, 과학 및 기술 서비스업','지질 조사 및 탐사업'),
    ('1339','전문, 과학 및 기술 서비스업','지도 제작업'),
    ('1340','전문, 과학 및 기술 서비스업','수의업'),
    ('1341','전문, 과학 및 기술 서비스업','인테리어 디자인업'),
    ('1342','전문, 과학 및 기술 서비스업','제품 디자인업'),
    ('1343','전문, 과학 및 기술 서비스업','시각 디자인업'),
    ('1344','전문, 과학 및 기술 서비스업','패션, 섬유류 및 기타 전문 디자인업'),
    ('1345','전문, 과학 및 기술 서비스업','인물 사진 및 행사용 영상 촬영업'),
    ('1346','전문, 과학 및 기술 서비스업','인물 사진 및 행사용 영상 촬영업'),
    ('1347','전문, 과학 및 기술 서비스업','상업용 사진 촬영업'),
    ('1348','전문, 과학 및 기술 서비스업','사진 처리업'),
    ('1349','전문, 과학 및 기술 서비스업','매니저업'),
    ('1350','전문, 과학 및 기술 서비스업','번역 및 통역 서비스업'),
    ('1351','전문, 과학 및 기술 서비스업','사업 및 무형 재산권 중개업'),
    ('1352','전문, 과학 및 기술 서비스업','사업 및 무형 재산권 중개업'),
    ('1353','전문, 과학 및 기술 서비스업','물품 감정, 계량 및 견본 추출업'),
    ('1354','전문, 과학 및 기술 서비스업','그 외 기타 분류 안된 전문, 과학 및 기술 서비스업'),
    ('1355','사업시설 관리, 사업 지원 및 임대 서비스업','사업시설 유지ㆍ관리 서비스업'),
    ('1356','사업시설 관리, 사업 지원 및 임대 서비스업','건축물 일반 청소업'),
    ('1357','사업시설 관리, 사업 지원 및 임대 서비스업','산업설비, 운송장비 및 공공장소 청소업'),
    ('1358','사업시설 관리, 사업 지원 및 임대 서비스업','소독, 구충 및 방제 서비스업'),
    ('1359','사업시설 관리, 사업 지원 및 임대 서비스업','조경관리 및 유지 서비스업'),
    ('1360','사업시설 관리, 사업 지원 및 임대 서비스업','고용 알선업'),
    ('1361','사업시설 관리, 사업 지원 및 임대 서비스업','상용 인력 공급 및 인사관리 서비스업'),
    ('1362','사업시설 관리, 사업 지원 및 임대 서비스업','임시 및 일용 인력 공급업'),
    ('1363','사업시설 관리, 사업 지원 및 임대 서비스업','여행사업'),
    ('1364','사업시설 관리, 사업 지원 및 임대 서비스업','기타 여행 보조 및 예약 서비스업'),
    ('1365','사업시설 관리, 사업 지원 및 임대 서비스업','기타 여행 보조 및 예약 서비스업'),
    ('1366','사업시설 관리, 사업 지원 및 임대 서비스업','경비 및 경호 서비스업'),
    ('1367','사업시설 관리, 사업 지원 및 임대 서비스업','보안 시스템 서비스업'),
    ('1368','사업시설 관리, 사업 지원 및 임대 서비스업','탐정 및 조사 서비스업'),
    ('1369','사업시설 관리, 사업 지원 및 임대 서비스업','문서 작성업'),
    ('1370','사업시설 관리, 사업 지원 및 임대 서비스업','문서 작성업'),
    ('1371','사업시설 관리, 사업 지원 및 임대 서비스업','복사업'),
    ('1372','사업시설 관리, 사업 지원 및 임대 서비스업','기타 사무 지원 서비스업'),
    ('1373','사업시설 관리, 사업 지원 및 임대 서비스업','콜센터 및 텔레마케팅 서비스업'),
    ('1374','사업시설 관리, 사업 지원 및 임대 서비스업','전시, 컨벤션 및 행사 대행업'),
    ('1375','사업시설 관리, 사업 지원 및 임대 서비스업','신용 조사 및 추심 대행업'),
    ('1376','사업시설 관리, 사업 지원 및 임대 서비스업','포장 및 충전업'),
    ('1377','사업시설 관리, 사업 지원 및 임대 서비스업','그 외 기타 분류 안된 사업 지원 서비스업'),
    ('1378','사업시설 관리, 사업 지원 및 임대 서비스업','그 외 기타 분류 안된 사업 지원 서비스업'),
    ('1379','사업시설 관리, 사업 지원 및 임대 서비스업','그 외 기타 분류 안된 사업 지원 서비스업'),
    ('1380','사업시설 관리, 사업 지원 및 임대 서비스업','그 외 기타 분류 안된 사업 지원 서비스업'),
    ('1381','사업시설 관리, 사업 지원 및 임대 서비스업','그 외 기타 분류 안된 사업 지원 서비스업(기타임가공)'),
    ('1382','사업시설 관리, 사업 지원 및 임대 서비스업','그 외 기타 분류 안된 사업 지원 서비스업'),
    ('1383','사업시설 관리, 사업 지원 및 임대 서비스업','그 외 기타 분류 안된 사업 지원 서비스업'),
    ('1384','사업시설 관리, 사업 지원 및 임대 서비스업','자동차 임대업(렌트카)'),
    ('1385','사업시설 관리, 사업 지원 및 임대 서비스업','기타 운송장비 임대업'),
    ('1386','사업시설 관리, 사업 지원 및 임대 서비스업','스포츠 및 레크리에이션 용품 임대업'),
    ('1387','사업시설 관리, 사업 지원 및 임대 서비스업','음반 및 비디오물 임대업'),
    ('1388','사업시설 관리, 사업 지원 및 임대 서비스업','서적 임대업'),
    ('1389','사업시설 관리, 사업 지원 및 임대 서비스업','의류 임대업'),
    ('1390','사업시설 관리, 사업 지원 및 임대 서비스업','의류 임대업'),
    ('1391','사업시설 관리, 사업 지원 및 임대 서비스업','그 외 기타 개인 및 가정용품 임대업'),
    ('1392','사업시설 관리, 사업 지원 및 임대 서비스업','건설 및 토목공사용 기계ㆍ장비 임대업'),
    ('1393','사업시설 관리, 사업 지원 및 임대 서비스업','컴퓨터 및 사무용 기계ㆍ장비 임대업'),
    ('1394','사업시설 관리, 사업 지원 및 임대 서비스업','기타 산업용 기계 및 장비 임대업'),
    ('1395','사업시설 관리, 사업 지원 및 임대 서비스업','기타 산업용 기계 및 장비 임대업'),
    ('1396','사업시설 관리, 사업 지원 및 임대 서비스업','기타 산업용 기계 및 장비 임대업'),
    ('1397','사업시설 관리, 사업 지원 및 임대 서비스업','무형 재산권 임대업'),
    ('1398','사업시설 관리, 사업 지원 및 임대 서비스업','무형 재산권 임대업'),
    ('1399','사업시설 관리, 사업 지원 및 임대 서비스업','무형 재산권 임대업'),
    ('1400','공공 행정, 국방 및 사회보장 행정','입법기관'),
    ('1401','공공 행정, 국방 및 사회보장 행정','중앙 최고 집행기관'),
    ('1402','공공 행정, 국방 및 사회보장 행정','지방행정 집행기관'),
    ('1403','공공 행정, 국방 및 사회보장 행정','재정 및 경제정책 행정'),
    ('1404','공공 행정, 국방 및 사회보장 행정','기타 일반 공공 행정'),
    ('1405','공공 행정, 국방 및 사회보장 행정','정부기관 일반 보조 행정'),
    ('1406','공공 행정, 국방 및 사회보장 행정','교육 행정'),
    ('1407','공공 행정, 국방 및 사회보장 행정','문화 및 관광 행정'),
    ('1408','공공 행정, 국방 및 사회보장 행정','환경 행정'),
    ('1409','공공 행정, 국방 및 사회보장 행정','보건 및 복지 행정'),
    ('1410','공공 행정, 국방 및 사회보장 행정','기타 사회서비스 관리 행정'),
    ('1411','공공 행정, 국방 및 사회보장 행정','노동 행정'),
    ('1412','공공 행정, 국방 및 사회보장 행정','농림수산 행정'),
    ('1413','공공 행정, 국방 및 사회보장 행정','건설 및 운송 행정'),
    ('1414','공공 행정, 국방 및 사회보장 행정','우편 및 통신 행정'),
    ('1415','공공 행정, 국방 및 사회보장 행정','기타 산업 진흥 행정'),
    ('1416','공공 행정, 국방 및 사회보장 행정','외무 행정'),
    ('1417','공공 행정, 국방 및 사회보장 행정','국방 행정'),
    ('1418','공공 행정, 국방 및 사회보장 행정','법원'),
    ('1419','공공 행정, 국방 및 사회보장 행정','검찰'),
    ('1420','공공 행정, 국방 및 사회보장 행정','교도기관'),
    ('1421','공공 행정, 국방 및 사회보장 행정','경찰'),
    ('1422','공공 행정, 국방 및 사회보장 행정','소방서'),
    ('1423','공공 행정, 국방 및 사회보장 행정','기타 사법 및 공공 질서 행정'),
    ('1424','공공 행정, 국방 및 사회보장 행정','사회보장 행정'),
    ('1425','교육서비스업','유아 교육기관'),
    ('1426','교육서비스업','초등학교'),
    ('1427','교육서비스업','중학교'),
    ('1428','교육서비스업','일반 고등학교'),
    ('1429','교육서비스업','상업 및 정보산업 특성화 고등학교'),
    ('1430','교육서비스업','공업 특성화 고등학교'),
    ('1431','교육서비스업','기타 특성화 고등학교'),
    ('1432','교육서비스업','전문대학'),
    ('1433','교육서비스업','대학교'),
    ('1434','교육서비스업','대학원'),
    ('1435','교육서비스업','특수학교'),
    ('1436','교육서비스업','외국인학교'),
    ('1437','교육서비스업','대안학교'),
    ('1438','교육서비스업','일반 교과학원'),
    ('1439','교육서비스업','일반 교과학원'),
    ('1440','교육서비스업','일반 교과학원'),
    ('1441','교육서비스업','온라인 교육학원'),
    ('1442','교육서비스업','태권도 및 무술 교육기관'),
    ('1443','교육서비스업','기타 스포츠 교육기관'),
    ('1444','교육서비스업','레크리에이션 교육기관'),
    ('1445','교육서비스업','레크리에이션 교육기관'),
    ('1446','교육서비스업','청소년 수련시설 운영업'),
    ('1447','교육서비스업','음악학원'),
    ('1448','교육서비스업','미술학원'),
    ('1449','교육서비스업','기타 예술학원'),
    ('1450','교육서비스업','외국어학원'),
    ('1451','교육서비스업','일반 교과학원'),
    ('1452','교육서비스업','일반 교과학원'),
    ('1453','교육서비스업','미술학원'),
    ('1454','교육서비스업','기타 예술학원'),
    ('1455','교육서비스업','외국어학원'),
    ('1456','교육서비스업','기타 교습학원'),
    ('1457','교육서비스업','사회교육시설'),
    ('1458','교육서비스업','직원 훈련기관'),
    ('1459','교육서비스업','운전학원'),
    ('1460','교육서비스업','운전학원'),
    ('1461','교육서비스업','기타 기술 및 직업 훈련학원'),
    ('1462','교육서비스업','기타 기술 및 직업 훈련학원'),
    ('1463','교육서비스업','컴퓨터 학원'),
    ('1464','교육서비스업','그 외 기타 분류 안된 교육기관'),
    ('1465','교육서비스업','교육관련 자문 및 평가업'),
    ('1466','교육서비스업','기타 교육지원 서비스업'),
    ('1467','보건업 및 사회복지 서비스업','종합병원'),
    ('1468','보건업 및 사회복지 서비스업','일반병원'),
    ('1469','보건업 및 사회복지 서비스업','치과병원'),
    ('1470','보건업 및 사회복지 서비스업','한방병원'),
    ('1471','보건업 및 사회복지 서비스업','요양병원'),
    ('1472','보건업 및 사회복지 서비스업','일반의원'),
    ('1473','보건업 및 사회복지 서비스업','일반의원'),
    ('1474','보건업 및 사회복지 서비스업','일반의원'),
    ('1475','보건업 및 사회복지 서비스업','일반의원'),
    ('1476','보건업 및 사회복지 서비스업','일반의원'),
    ('1477','보건업 및 사회복지 서비스업','일반의원'),
    ('1478','보건업 및 사회복지 서비스업','일반의원'),
    ('1479','보건업 및 사회복지 서비스업','일반의원'),
    ('1480','보건업 및 사회복지 서비스업','일반의원'),
    ('1481','보건업 및 사회복지 서비스업','치과의원'),
    ('1482','보건업 및 사회복지 서비스업','한의원'),
    ('1483','보건업 및 사회복지 서비스업','방사선 진단 및 병리 검사 의원'),
    ('1484','보건업 및 사회복지 서비스업','방사선 진단 및 병리 검사 의원'),
    ('1485','보건업 및 사회복지 서비스업','방사선 진단 및 병리 검사 의원'),
    ('1486','보건업 및 사회복지 서비스업','공중 보건 의료업'),
    ('1487','보건업 및 사회복지 서비스업','앰뷸런스 서비스업'),
    ('1488','보건업 및 사회복지 서비스업','유사 의료업'),
    ('1489','보건업 및 사회복지 서비스업','유사 의료업'),
    ('1490','보건업 및 사회복지 서비스업','유사 의료업'),
    ('1491','보건업 및 사회복지 서비스업','유사 의료업'),
    ('1492','보건업 및 사회복지 서비스업','그 외 기타 보건업'),
    ('1493','보건업 및 사회복지 서비스업','그 외 기타 보건업'),
    ('1494','보건업 및 사회복지 서비스업','그 외 기타 보건업'),
    ('1495','보건업 및 사회복지 서비스업','노인 요양 복지시설 운영업'),
    ('1496','보건업 및 사회복지 서비스업','노인 양로 복지시설 운영업'),
    ('1497','보건업 및 사회복지 서비스업','신체 부자유자 거주 복지시설 운영업'),
    ('1498','보건업 및 사회복지 서비스업','정신 질환, 정신 지체 및 약물 중독자 거주 복지시설 운영업'),
    ('1499','보건업 및 사회복지 서비스업','아동 및 부녀자 거주 복지시설 운영업'),
    ('1500','보건업 및 사회복지 서비스업','그 외 기타 거주 복지시설 운영업'),
    ('1501','보건업 및 사회복지 서비스업','보육시설 운영업'),
    ('1502','보건업 및 사회복지 서비스업','보육시설 운영업'),
    ('1503','보건업 및 사회복지 서비스업','직업 재활원 운영업'),
    ('1504','보건업 및 사회복지 서비스업','종합복지관 운영업'),
    ('1505','보건업 및 사회복지 서비스업','방문 복지서비스 제공업'),
    ('1506','보건업 및 사회복지 서비스업','사회복지 상담 서비스 제공업'),
    ('1507','보건업 및 사회복지 서비스업','그 외 기타 비거주 복지 서비스업'),
    ('1508','예술, 스포츠 및 여가관련 서비스업','공연시설 운영업'),
    ('1509','예술, 스포츠 및 여가관련 서비스업','연극단체'),
    ('1510','예술, 스포츠 및 여가관련 서비스업','무용 및 음악단체'),
    ('1511','예술, 스포츠 및 여가관련 서비스업','기타 공연단체'),
    ('1512','예술, 스포츠 및 여가관련 서비스업','공연 기획업'),
    ('1513','예술, 스포츠 및 여가관련 서비스업','공연 및 제작관련 대리업'),
    ('1514','예술, 스포츠 및 여가관련 서비스업','그 외 기타 창작 및 예술관련 서비스업'),
    ('1515','예술, 스포츠 및 여가관련 서비스업','도서관 및 기록 보존소 운영업'),
    ('1516','예술, 스포츠 및 여가관련 서비스업','독서실 운영업'),
    ('1517','예술, 스포츠 및 여가관련 서비스업','박물관 운영업'),
    ('1518','예술, 스포츠 및 여가관련 서비스업','사적지 관리 운영업'),
    ('1519','예술, 스포츠 및 여가관련 서비스업','식물원 및 동물원 운영업'),
    ('1520','예술, 스포츠 및 여가관련 서비스업','자연공원 운영업'),
    ('1521','예술, 스포츠 및 여가관련 서비스업','기타 유사 여가관련 서비스업'),
    ('1522','예술, 스포츠 및 여가관련 서비스업','실내 경기장 운영업'),
    ('1523','예술, 스포츠 및 여가관련 서비스업','실외 경기장 운영업'),
    ('1524','예술, 스포츠 및 여가관련 서비스업','경주장 및 동물 경기장 운영업'),
    ('1525','예술, 스포츠 및 여가관련 서비스업','골프장 운영업'),
    ('1526','예술, 스포츠 및 여가관련 서비스업','스키장 운영업'),
    ('1527','예술, 스포츠 및 여가관련 서비스업','종합 스포츠시설 운영업'),
    ('1528','예술, 스포츠 및 여가관련 서비스업','체력 단련시설 운영업'),
    ('1529','예술, 스포츠 및 여가관련 서비스업','수영장 운영업'),
    ('1530','예술, 스포츠 및 여가관련 서비스업','볼링장 운영업'),
    ('1531','예술, 스포츠 및 여가관련 서비스업','당구장 운영업'),
    ('1532','예술, 스포츠 및 여가관련 서비스업','골프 연습장 운영업'),
    ('1533','예술, 스포츠 및 여가관련 서비스업','골프 연습장 운영업'),
    ('1534','예술, 스포츠 및 여가관련 서비스업','그 외 기타 스포츠시설 운영업'),
    ('1535','예술, 스포츠 및 여가관련 서비스업','그 외 기타 스포츠시설 운영업'),
    ('1536','예술, 스포츠 및 여가관련 서비스업','그 외 기타 스포츠시설 운영업'),
    ('1537','예술, 스포츠 및 여가관련 서비스업','그 외 기타 스포츠시설 운영업'),
    ('1538','예술, 스포츠 및 여가관련 서비스업','그 외 기타 스포츠시설 운영업'),
    ('1539','예술, 스포츠 및 여가관련 서비스업','스포츠 클럽 운영업'),
    ('1540','예술, 스포츠 및 여가관련 서비스업','그 외 기타 스포츠 서비스업'),
    ('1541','예술, 스포츠 및 여가관련 서비스업','그 외 기타 스포츠 서비스업'),
    ('1542','예술, 스포츠 및 여가관련 서비스업','유원지 및 테마파크 운영업'),
    ('1543','예술, 스포츠 및 여가관련 서비스업','전자 게임장 운영업'),
    ('1544','예술, 스포츠 및 여가관련 서비스업','전자 게임장 운영업'),
    ('1545','예술, 스포츠 및 여가관련 서비스업','전자 게임장 운영업'),
    ('1546','예술, 스포츠 및 여가관련 서비스업','컴퓨터 게임방 운영업'),
    ('1547','예술, 스포츠 및 여가관련 서비스업','노래 연습장 운영업'),
    ('1548','예술, 스포츠 및 여가관련 서비스업','기타 오락장 운영업'),
    ('1549','예술, 스포츠 및 여가관련 서비스업','기타 오락장 운영업'),
    ('1550','예술, 스포츠 및 여가관련 서비스업','기타 오락장 운영업'),
    ('1551','예술, 스포츠 및 여가관련 서비스업','낚시장 운영업'),
    ('1552','예술, 스포츠 및 여가관련 서비스업','기타 수상오락 서비스업'),
    ('1553','예술, 스포츠 및 여가관련 서비스업','복권 발행 및 판매업'),
    ('1554','예술, 스포츠 및 여가관련 서비스업','복권 발행 및 판매업'),
    ('1555','예술, 스포츠 및 여가관련 서비스업','복권 발행 및 판매업'),
    ('1556','예술, 스포츠 및 여가관련 서비스업','기타 사행시설 관리 및 운영업'),
    ('1557','예술, 스포츠 및 여가관련 서비스업','무도장 운영업'),
    ('1558','예술, 스포츠 및 여가관련 서비스업','체육 공원 및 유사 공원 운영업'),
    ('1559','예술, 스포츠 및 여가관련 서비스업','기원 운영업'),
    ('1560','예술, 스포츠 및 여가관련 서비스업','그 외 기타 분류 안된 오락관련 서비스업'),
    ('1561','협회 및 단체, 수리 및 기타 개인 서비스업','산업 단체'),
    ('1562','협회 및 단체, 수리 및 기타 개인 서비스업','전문가 단체'),
    ('1563','협회 및 단체, 수리 및 기타 개인 서비스업','노동조합'),
    ('1564','협회 및 단체, 수리 및 기타 개인 서비스업','불교 단체'),
    ('1565','협회 및 단체, 수리 및 기타 개인 서비스업','기독교 단체'),
    ('1566','협회 및 단체, 수리 및 기타 개인 서비스업','천주교 단체'),
    ('1567','협회 및 단체, 수리 및 기타 개인 서비스업','민족 종교 단체'),
    ('1568','협회 및 단체, 수리 및 기타 개인 서비스업','천도교 단체'),
    ('1569','협회 및 단체, 수리 및 기타 개인 서비스업','원불교 단체'),
    ('1570','협회 및 단체, 수리 및 기타 개인 서비스업','기타 종교 단체'),
    ('1571','협회 및 단체, 수리 및 기타 개인 서비스업','유교 단체'),
    ('1572','협회 및 단체, 수리 및 기타 개인 서비스업','정치 단체'),
    ('1573','협회 및 단체, 수리 및 기타 개인 서비스업','환경운동 단체'),
    ('1574','협회 및 단체, 수리 및 기타 개인 서비스업','기타 시민운동 단체'),
    ('1575','협회 및 단체, 수리 및 기타 개인 서비스업','그 외 기타 협회 및 단체'),
    ('1576','협회 및 단체, 수리 및 기타 개인 서비스업','그 외 기타 협회 및 단체'),
    ('1577','협회 및 단체, 수리 및 기타 개인 서비스업','그 외 기타 협회 및 단체'),
    ('1578','협회 및 단체, 수리 및 기타 개인 서비스업','컴퓨터 및 주변 기기 수리업'),
    ('1579','협회 및 단체, 수리 및 기타 개인 서비스업','통신장비 수리업'),
    ('1580','협회 및 단체, 수리 및 기타 개인 서비스업','자동차 종합 수리업'),
    ('1581','협회 및 단체, 수리 및 기타 개인 서비스업','자동차 전문 수리업'),
    ('1582','협회 및 단체, 수리 및 기타 개인 서비스업','자동차 세차업'),
    ('1583','협회 및 단체, 수리 및 기타 개인 서비스업','모터사이클 수리업'),
    ('1584','협회 및 단체, 수리 및 기타 개인 서비스업','가전제품 수리업'),
    ('1585','협회 및 단체, 수리 및 기타 개인 서비스업','의복 및 기타 가정용 직물제품 수리업'),
    ('1586','협회 및 단체, 수리 및 기타 개인 서비스업','가죽, 가방 및 신발 수리업'),
    ('1587','협회 및 단체, 수리 및 기타 개인 서비스업','시계, 귀금속 및 악기 수리업'),
    ('1588','협회 및 단체, 수리 및 기타 개인 서비스업','그 외 기타 개인 및 가정용품 수리업'),
    ('1589','협회 및 단체, 수리 및 기타 개인 서비스업','이용업'),
    ('1590','협회 및 단체, 수리 및 기타 개인 서비스업','두발 미용업'),
    ('1591','협회 및 단체, 수리 및 기타 개인 서비스업','피부 미용업'),
    ('1592','협회 및 단체, 수리 및 기타 개인 서비스업','기타 미용업'),
    ('1593','협회 및 단체, 수리 및 기타 개인 서비스업','욕탕업'),
    ('1594','협회 및 단체, 수리 및 기타 개인 서비스업','마사지업'),
    ('1595','협회 및 단체, 수리 및 기타 개인 서비스업','체형 등 기타 신체 관리 서비스업'),
    ('1596','협회 및 단체, 수리 및 기타 개인 서비스업','산업용 세탁업'),
    ('1597','협회 및 단체, 수리 및 기타 개인 서비스업','가정용 세탁업'),
    ('1598','협회 및 단체, 수리 및 기타 개인 서비스업','세탁물 공급업'),
    ('1599','협회 및 단체, 수리 및 기타 개인 서비스업','장례식장 및 장의관련 서비스업'),
    ('1600','협회 및 단체, 수리 및 기타 개인 서비스업','화장터 운영, 묘지 분양 및 관리업'),
    ('1601','협회 및 단체, 수리 및 기타 개인 서비스업','화장터 운영, 묘지 분양 및 관리업'),
    ('1602','협회 및 단체, 수리 및 기타 개인 서비스업','예식장업'),
    ('1603','협회 및 단체, 수리 및 기타 개인 서비스업','점술 및 유사 서비스업'),
    ('1604','협회 및 단체, 수리 및 기타 개인 서비스업','개인 간병 및 유사 서비스업'),
    ('1605','협회 및 단체, 수리 및 기타 개인 서비스업','결혼 상담 및 준비 서비스업'),
    ('1606','협회 및 단체, 수리 및 기타 개인 서비스업','애완 동물 장묘 및 보호 서비스업'),
    ('1607','협회 및 단체, 수리 및 기타 개인 서비스업','그 외 기타 달리 분류되지 않은 개인 서비스업'),
    ('1608','협회 및 단체, 수리 및 기타 개인 서비스업','그 외 기타 달리 분류되지 않은 개인 서비스업'),
    ('1609','협회 및 단체, 수리 및 기타 개인 서비스업','그 외 기타 달리 분류되지 않은 개인 서비스업'),
    ('1610','협회 및 단체, 수리 및 기타 개인 서비스업','그 외 기타 달리 분류되지 않은 개인 서비스업'),
    ('1611','협회 및 단체, 수리 및 기타 개인 서비스업','그 외 기타 달리 분류되지 않은 개인 서비스업'),
    ('1612','협회 및 단체, 수리 및 기타 개인서비스','작가'),
    ('1613','협회 및 단체, 수리 및 기타 개인서비스','작가'),
    ('1614','협회 및 단체, 수리 및 기타 개인서비스','화가 및 관련예술가'),
    ('1615','협회 및 단체, 수리 및 기타 개인서비스','작곡가'),
    ('1616','협회 및 단체, 수리 및 기타 개인서비스','배우,탤런트등'),
    ('1617','협회 및 단체, 수리 및 기타 개인서비스','모델'),
    ('1618','협회 및 단체, 수리 및 기타 개인서비스','가수'),
    ('1619','협회 및 단체, 수리 및 기타 개인서비스','성악가 등'),
    ('1620','협회 및 단체, 수리 및 기타 개인서비스','성악가 등'),
    ('1621','협회 및 단체, 수리 및 기타 개인서비스','연예보조서비스'),
    ('1622','협회 및 단체, 수리 및 기타 개인서비스','연예보조서비스'),
    ('1623','협회 및 단체, 수리 및 기타 개인서비스','자문,감독,지도료,고문료,교정료'),
    ('1624','협회 및 단체, 수리 및 기타 개인서비스','자문,감독,지도료,고문료,교정료'),
    ('1625','협회 및 단체, 수리 및 기타 개인서비스','자문,감독,지도료,고문료,교정료'),
    ('1626','협회 및 단체, 수리 및 기타 개인서비스','바둑기사'),
    ('1627','협회 및 단체, 수리 및 기타 개인서비스','꽃꽂이교사'),
    ('1628','협회 및 단체, 수리 및 기타 개인서비스','꽃꽂이교사'),
    ('1629','협회 및 단체, 수리 및 기타 개인서비스','꽃꽂이교사'),
    ('1630','협회 및 단체, 수리 및 기타 개인서비스','꽃꽂이교사'),
    ('1631','협회 및 단체, 수리 및 기타 개인서비스','꽃꽂이교사'),
    ('1632','협회 및 단체, 수리 및 기타 개인서비스','학원강사,강사,과외교습자,재단사'),
    ('1633','협회 및 단체, 수리 및 기타 개인서비스','학원강사,강사,과외교습자,재단사'),
    ('1634','협회 및 단체, 수리 및 기타 개인서비스','학원강사,강사,과외교습자,재단사'),
    ('1635','협회 및 단체, 수리 및 기타 개인서비스','학원강사,강사,과외교습자,재단사'),
    ('1636','협회 및 단체, 수리 및 기타 개인서비스','학원강사,강사,과외교습자,재단사'),
    ('1637','협회 및 단체, 수리 및 기타 개인서비스','학원강사,강사,과외교습자,재단사'),
    ('1638','협회 및 단체, 수리 및 기타 개인서비스','학원강사,강사,과외교습자,재단사'),
    ('1639','협회 및 단체, 수리 및 기타 개인서비스','학원강사,강사,과외교습자,재단사'),
    ('1640','협회 및 단체, 수리 및 기타 개인서비스','학원강사,강사,과외교습자,재단사'),
    ('1641','협회 및 단체, 수리 및 기타 개인서비스','학원강사,강사,과외교습자,재단사'),
    ('1642','협회 및 단체, 수리 및 기타 개인서비스','학원강사,강사,과외교습자,재단사'),
    ('1643','협회 및 단체, 수리 및 기타 개인서비스','학원강사,강사,과외교습자,재단사'),
    ('1644','협회 및 단체, 수리 및 기타 개인서비스','학원강사,강사,과외교습자,재단사'),
    ('1645','협회 및 단체, 수리 및 기타 개인서비스','학원강사,강사,과외교습자,재단사'),
    ('1646','협회 및 단체, 수리 및 기타 개인서비스','학원강사,강사,과외교습자,재단사'),
    ('1647','협회 및 단체, 수리 및 기타 개인서비스','직업운동가'),
    ('1648','협회 및 단체, 수리 및 기타 개인서비스','유흥접객원 및 댄서'),
    ('1649','협회 및 단체, 수리 및 기타 개인서비스','보험설계사'),
    ('1650','협회 및 단체, 수리 및 기타 개인서비스','음료품배달원'),
    ('1651','협회 및 단체, 수리 및 기타 개인서비스','서적외판원,학습지방문판매원,화장품외판원,정수기,자동차방문판매원,기타외판원'),
    ('1652','협회 및 단체, 수리 및 기타 개인서비스','서적외판원,학습지방문판매원,화장품외판원,정수기,자동차방문판매원,기타외판원'),
    ('1653','협회 및 단체, 수리 및 기타 개인서비스','서적외판원,학습지방문판매원,화장품외판원,정수기,자동차방문판매원,기타외판원'),
    ('1654','협회 및 단체, 수리 및 기타 개인서비스','기타자영업'),
    ('1655','협회 및 단체, 수리 및 기타 개인서비스','기타자영업'),
    ('1656','협회 및 단체, 수리 및 기타 개인서비스','기타자영업'),
    ('1657','협회 및 단체, 수리 및 기타 개인서비스','기타자영업'),
    ('1658','협회 및 단체, 수리 및 기타 개인서비스','기타자영업'),
    ('1659','협회 및 단체, 수리 및 기타 개인서비스','기타자영업'),
    ('1660','협회 및 단체, 수리 및 기타 개인서비스','다단계판매원의후원수당'),
    ('1661','협회 및 단체, 수리 및 기타 개인서비스','기타모집수당,채권회수수당'),
    ('1662','협회 및 단체, 수리 및 기타 개인서비스','기타모집수당,채권회수수당'),
    ('1663','협회 및 단체, 수리 및 기타 개인서비스','기타모집수당,채권회수수당'),
    ('1664','협회 및 단체, 수리 및 기타 개인서비스','기타모집수당,채권회수수당'),
    ('1665','협회 및 단체, 수리 및 기타 개인서비스','개인간병인'),
    ('1666','협회 및 단체, 수리 및 기타 개인서비스','대리운전기사'),
    ('1667','협회 및 단체, 수리 및 기타 개인서비스','골프장캐디'),
    ('1668','협회 및 단체, 수리 및 기타 개인서비스','목욕관리사'),
    ('1669','협회 및 단체, 수리 및 기타 개인서비스','행사도우미'),
    ('1670','협회 및 단체, 수리 및 기타 개인서비스','심부름용역원'),
    ('1671','협회 및 단체, 수리 및 기타 개인서비스','퀵서비스배달원'),
    ('1672','협회 및 단체, 수리 및 기타 개인서비스','기타물품배달원'),
    ('1673','가구 내 고용활동 및 달리 분류되지 않은 자가 소비 생산활동','가구 내 고용활동'),
    ('1674','국제 및 외국기관','주한 외국 공관'),
    ('1675','국제 및 외국기관','기타 국제 및 외국기관'),
    ('1676','도매 및 소매업','SNS마켓'),
    ('1677','도매 및 소매업','SNS마켓'),
    ('1678','숙박 및 음식점업','숙박공유업'),
    ('1679','정보통신업','미디어콘텐츠창작업'),
    ('1680','협회 및 단체, 수리 및 기타 개인서비스','1인미디어콘텐츠창작자');
-- 주소(Address) 테이블 초기 데이터
INSERT INTO company_address (business_postal_code, businesse_address, businesse_address_detail, is_businesse_new_address, businesse_place, headquarter_postal_code, headquarter_address, headquarter_address_detail, is_headquarter_new_address, headquarter_place) VALUES
('12345', '서울시 강남구 테헤란로 10', '101호', true, '강남구', '54321', '서울시 종로구 세종대로 100', '201호', true, '종로구'),
('67890', '서울시 서초구 반포대로 20', '202호', false, '서초구', '09876', '서울시 영등포구 여의대로 200', '102호', false, '영등포구'),
('34567', '서울시 마포구 마포대로 30', '303호', true, '마포구', '65432', '서울시 중구 소공로 300', '202호', true, '중구'),
('12346', '서울시 송파구 오금로 100', '101호', true, '송파구', '54322', '서울시 동작구 사당로 50', '301호', true, '동작구'),
('67891', '서울시 노원구 상계로 200', '202호', false, '노원구', '09877', '서울시 강북구 삼양로 150', '102호', false, '강북구'),
('34568', '서울시 성북구 고려대로 50', '303호', true, '성북구', '65433', '서울시 중랑구 면목로 70', '202호', true, '중랑구'),
('12347', '서울시 양천구 목동로 100', '101호', true, '양천구', '54323', '서울시 강서구 화곡로 60', '201호', true, '강서구'),
('67892', '서울시 영등포구 여의로 300', '202호', false, '영등포구', '09878', '서울시 구로구 구로동로 70', '102호', false, '구로구'),
('34569', '서울시 금천구 시흥대로 200', '303호', true, '금천구', '65434', '서울시 관악구 봉천로 50', '202호', true, '관악구'),
('12348', '서울시 서대문구 통일로 150', '101호', true, '서대문구', '54324', '서울시 은평구 연서로 80', '201호', true, '은평구');
-- 회사 법인종류(CorporateKind) 테이블 초기 데이터
INSERT INTO company_corporate_kind (code, kind, description) VALUES
    ('1', '중소기업', '상장'),
    ('2', '중소기업', '코스닥'),
    ('3', '중소기업', '기타'),
    ('4', '중소기업', '비영리'),
    ('5', '중견기업', '상장'),
    ('6', '중견기업', '코스닥'),
    ('7', '중견기업', '기타'),
    ('8', '중견기업', '비영리'),
    ('9', '대기업', '상장'),
    ('10', '대기업', '코스닥'),
    ('11', '대기업', '기타'),
    ('12', '대기업', '비영리');
-- 회사 법인구분(CorporateType) 테이블 초기 데이터
INSERT INTO company_corporate_type (code, type, description) VALUES
('1', '내국법인', '내국 법인 회사 구분'),
('2', '외국법인', '외국 법인 회사 구분'),
('3', '외투법인', '외국인 투자 법인 회사 구분');
-- 대표자(Representative) 테이블 초기 데이터
INSERT INTO company_representative (name, id_number, is_foreign) VALUES
('홍길동', '900101-1234567', false),
('김철수', '850301-2345678', false),
('이영희', '880501-3456789', false),
('박지훈', '700901-9876543', false),
('존 스미스', '650201-5432109', true),
('최영수', '920101-4567890', false),
('서준희', '890301-5678901', false),
('이하나', '871101-3456789', false),
('박서준', '820301-7654321', false),
('김민주', '780601-8765432', false);
-- 회사(Company) 테이블 초기 데이터
INSERT INTO company (corporate_type_id, corporate_kinds_id, representative_id, address_id, contact_id, main_business_id, business_tax_office_id, headquarter_tax_office_id, local_income_tax_office, is_sme, business_registration_number, corporate_registration_number, business_type, business_item, establishment_date, opening_date, closing_date, name, entity_type, fiscal_year_start, fiscal_year_end, fiscal_cardinal_number)
VALUES
    (1, 1, 1, 1, 1, 1, 1, 2, '서울시 강남구청', true, '123-45-67890', '987-65-43210', '제조업', '전자부품', '2000-01-01', '2000-02-01', '9999-12-31', 'ABC 전자', 'INCORPORATED', '2023-01-01', '2023-12-31', 1),
    (2, 2, 2, 2, 2, 2, 3, 1, '서울시 서초구청', false, '234-56-78901', '876-54-32109', '제조업', '자동차 부품', '2001-03-01', '2001-04-01', '9999-12-31', 'XYZ 자동차', 'INDIVIDUAL', '2023-01-01', '2023-12-31', 2),
    (1, 3, 3, 3, 3, 3, 4, 2, '서울시 마포구청', true, '345-67-89012', '765-43-21098', '서비스업', 'IT 컨설팅', '2010-05-01', '2010-06-01', '9999-12-31', 'MNO IT', 'INCORPORATED', '2023-01-01', '2023-12-31', 1),
    (2, 4, 4, 4, 4, 4, 5, 3, '서울시 송파구청', false, '456-78-90123', '654-32-10987', '서비스업', '광고', '2015-07-01', '2015-08-01', '9999-12-31', 'STU 광고', 'INDIVIDUAL', '2023-01-01', '2023-12-31', 2),
    (1, 5, 5, 5, 5, 5, 6, 4, '서울시 노원구청', true, '567-89-01234', '543-21-09876', '제조업', '화장품 제조', '1995-09-01', '1995-10-01', '9999-12-31', 'PQR 화장품', 'INCORPORATED', '2023-01-01', '2023-12-31', 1);
-- 계정과목 체계 테이블
INSERT INTO account_subject_structure (code, name, min, max) VALUES
('1', '당좌자산', 100, 200),
('2', '재고자산', 200, 300),
('3', '투자자산', 300, 400),
('4', '유형자산', 400, 500),
('5', '무형자산', 500, 600),
('6', '기타비유동자산', 600, 700),
('7', '유동부채', 700, 800),
('8', '비유동부채', 800, 900),
('9', '자본금', 900, 1000),
('10', '자본잉여금', 1000, 1100),
('11', '자본조정', 1100, 1200),
('12', '기타포괄손익', 1200, 1300),
('13', '이익잉여금', 1300, 1400),
('14', '매출', 1400, 1500),
('15', '매출원가', 1500, 1600),
('16', '제조원가', 1600, 1700),
('17', '도급원가', 1700, 1800),
('18', '보관원가', 1800, 1900),
('19', '분양원가', 1900, 2000),
('20', '운송원가', 2000, 2100),
('21', '판매관리비', 2100, 2200),
('22', '영업외수익', 2200, 2300),
('23', '영업외비용', 2300, 2400),
('24', '법인(소득)', 2400, 2500),
('25', '특수계정과목', 2500, 2600),
('26', '손익', 2600, 2700);
-- 계정과목 성격 테이블
INSERT INTO account_subject_nature (code, name, structure_id) VALUES
('1', '예금', 1),
('2', '적금', 1),
('3', '일반', 1),
('4', '차감', 1),
('5', '유가증권', 1),
('6', '', 1),
('7', '가지급금', 1),
('8', '받을어음', 1),
('9', '대여금', 1),
('1', '일반재고', 2),
('2', '공정재고', 2),
('3', '환출차감', 2),
('4', '할인차감', 2),
('5', '관세차감', 2),
('6', '평가충당금', 2),
('7', '', 2),
('8', '', 2),
('9', '', 2),
('1', '예금', 3),
('2', '적금', 3),
('3', '일반', 3),
('4', '차감', 3),
('5', '유가증권', 3),
('6', '', 3),
('7', '가지급금', 3),
('8', '받을어음', 3),
('9', '대여금', 3),
('1', '상각', 4),
('2', '비상각', 4),
('3', '임시', 4),
('4', '차감', 4),
('5', '', 4),
('6', '', 4),
('7', '', 4),
('8', '', 4),
('9', '', 4),
('1', '일반', 5),
('2', '차감', 5),
('3', '', 5),
('4', '', 5),
('5', '', 5),
('6', '', 5),
('7', '', 5),
('8', '', 5),
('9', '', 5),
('1', '예금', 6),
('2', '적금', 6),
('3', '일반', 6),
('4', '차감', 6),
('5', '유가증권', 6),
('6', '', 6),
('7', '가지급금', 6),
('8', '받을어음', 6),
('9', '대여금', 6),
('1', '차입금', 7),
('2', '일반', 7),
('3', '차감', 7),
('4', '', 7),
('5', '가수금', 7),
('6', '지급어음', 7),
('7', '증가', 7),
('8', '', 7),
('9', '', 7),
('1', '준비금', 8),
('2', '차입금', 8),
('3', '일반', 8),
('4', '차감', 8),
('5', '충당금', 8),
('6', '사채차입금', 8),
('7', '증가', 8),
('8', '지급어음', 8),
('9', '가수금', 8),
('1', '자본금', 9),
('2', '', 9),
('3', '', 9),
('4', '', 9),
('5', '', 9),
('6', '', 9),
('7', '', 9),
('8', '', 9),
('9', '', 9),
('1', '자본잉여금', 10),
('2', '', 10),
('3', '', 10),
('4', '', 10),
('5', '', 10),
('6', '', 10),
('7', '', 10),
('8', '', 10),
('9', '', 10),
('1', '', 11),
('2', '', 11),
('3', '증가', 11),
('4', '차감', 11),
('5', '', 11),
('6', '', 11),
('7', '', 11),
('8', '', 11),
('9', '', 11),
('1', '', 12),
('2', '', 12),
('3', '평가이익', 12),
('4', '평가손실', 12),
('5', '', 12),
('6', '', 12),
('7', '', 12),
('8', '', 12),
('9', '', 12),
('1', '법정적립금', 13),
('2', '임의적립금', 13),
('3', '미처분이익', 13),
('4', '차기이월', 13),
('5', '', 13),
('6', '', 13),
('7', '', 13),
('8', '', 13),
('9', '', 13),
('1', '매출', 14),
('2', '환입차감', 14),
('3', '할인차감', 14),
('4', '', 14),
('5', '', 14),
('6', '', 14),
('7', '', 14),
('8', '', 14),
('9', '', 14),
('1', '용역', 15),
('2', '제조판매', 15),
('3', '매입판매', 15),
('4', '분양판매', 15),
('5', '', 15),
('6', '', 15),
('7', '', 15),
('8', '', 15),
('9', '', 15),
('1', '원재료비', 16),
('2', '부재료비', 16),
('3', '노무비(근로)', 16),
('4', '노무비(퇴직)', 16),
('5', '제조경비', 16),
('6', '', 16),
('7', '노무비(일용)', 16),
('8', '차감', 16),
('9', '', 16),
('1', '원재료비', 17),
('2', '부재료비', 17),
('3', '노무비(근로)', 17),
('4', '노무비(퇴직)', 17),
('5', '도급경비', 17),
('6', '항목(집계)', 17),
('7', '노무비(일용)', 17),
('8', '차감', 17),
('9', '', 17),
('1', '원재료비', 18),
('2', '부재료비', 18),
('3', '노무비(근로)', 18),
('4', '노무비(퇴직)', 18),
('5', '보관경비', 18),
('6', '', 18),
('7', '노무비(일용)', 18),
('8', '차감', 18),
('9', '', 18),
('1', '원재료비', 19),
('2', '부재료비', 19),
('3', '노무비(근로)', 19),
('4', '노무비(퇴직)', 19),
('5', '분양경비', 19),
('6', '', 19),
('7', '노무비(일용)', 19),
('8', '차감', 19),
('9', '', 19),
('1', '원재료비', 20),
('2', '부재료비', 20),
('3', '노무비(근로)', 20),
('4', '노무비(퇴직)', 20),
('5', '운송경비', 20),
('6', '', 20),
('7', '노무비(일용)', 20),
('8', '차감', 20),
('9', '', 20),
('1', '인건비(근로)', 21),
('2', '인건비(퇴직)', 21),
('3', '경비', 21),
('4', '기타', 21),
('5', '차감', 21),
('6', '', 21),
('7', '노무비(일용)', 21),
('8', '', 21),
('9', '', 21),
('1', '수입이자', 22),
('2', '일반', 22),
('3', '평가환입', 22),
('4', '준비금환입', 22),
('5', '차감', 22),
('6', '', 22),
('7', '', 22),
('8', '', 22),
('9', '', 22),
('1', '지급이자', 23),
('2', '일반', 23),
('3', '상각', 23),
('4', '평가손실', 23),
('5', '준비금전입', 23),
('6', '특별상각', 23),
('7', '', 23),
('8', '', 23),
('9', '', 23);
-- 계정과목 표준재무제표(표준손익계산서, 표준원가명세서) 테이블
INSERT INTO account_subject_standard_financial_statement (code, name, increase_decrease_type, structure_code) VALUES
('1','1.현금 및 현금성자산','INCREASE',1),
('2','2.단기예금','INCREASE',1),
('3','3.유가증권','INCREASE',1),
('4','가.단기매매증권','INCREASE',1),
('5','나.유동성매도가능증권','INCREASE',1),
('6','다.유동성만기보유증권','INCREASE',1),
('7','4.매출채권','INCREASE',1),
('8','가.외상매출금','INCREASE',1),
('9','(대손충당금)','DECREASE',1),
('10','나.받을어음','INCREASE',1),
('11','(대손충당금)','DECREASE',1),
('12','다.기타매출채권','INCREASE',1),
('13','(대손충당금)','DECREASE',1),
('14','5.단기대여금','INCREASE',1),
('15','가.관계회사','INCREASE',1),
('16','(대손충당금)','DECREASE',1),
('17','나.주주·임원·직원','INCREASE',1),
('18','(대손충당금)','DECREASE',1),
('19','다.기타','INCREASE',1),
('20','(대손충당금)','DECREASE',1),
('21','6.미수금','INCREASE',1),
('22','가.분양미수금','INCREASE',1),
('23','(대손충당금)','DECREASE',1),
('24','나.공사미수금','INCREASE',1),
('25','(대손충당금)','DECREASE',1),
('26','다.기타','INCREASE',1),
('27','(대손충당금)','DECREASE',1),
('28','7.선급금','INCREASE',1),
('29','8.기타당좌자산','INCREASE',1),
('30','1.미수수익','INCREASE',1),
('31','2.선급비용','INCREASE',1),
('32','3.이연법인세자산','INCREASE',1),
('33','4.기타유동자산','INCREASE',1),
('34','가.선급법인세','INCREASE',1),
('35','나.부가가치세대급금','INCREASE',1),
('36','다.선급관세','INCREASE',1),
('37','라.기타유동자산','INCREASE',1),
('38','1.상품','INCREASE',2),
('39','2.제품','INCREASE',2),
('40','3.반제품','INCREASE',2),
('41','4.재공품','INCREASE',2),
('42','5.부산물','INCREASE',2),
('43','6.원재료(원자재)','INCREASE',2),
('44','가.원재료','INCREASE',2),
('45','나.부재료','INCREASE',2),
('46','다.기타원재료','INCREASE',2),
('47','7.가설재','INCREASE',2),
('48','8.저장품','INCREASE',2),
('49','9.미착상품(미착재료)','INCREASE',2),
('50','10.완성주택','INCREASE',2),
('51','11.미완성주택','INCREASE',2),
('52','12.용지(건설업)','INCREASE',2),
('53','13.완성공사(주택외)','INCREASE',2),
('54','14.미완성공사(주택외)','INCREASE',2),
('55','15.기타재고자산','INCREASE',2),
('56','1.장기예금','INCREASE',3),
('57','2.장기투자증권','INCREASE',3),
('58','가.매도가능증권','INCREASE',3),
('59','나.만기보유증권','INCREASE',3),
('60','3.지분법적용투자주식','INCREASE',3),
('61','4.장기대여금','INCREASE',3),
('62','가.관계회사','INCREASE',3),
('63','(대손충당금)','DECREASE',3),
('64','(현재가치할인차금)','DECREASE',3),
('65','나.주주·임원·직원','INCREASE',3),
('66','(대손충당금)','DECREASE',3),
('67','(현재가치할인차금)','DECREASE',3),
('68','다.기타','INCREASE',3),
('69','(대손충당금)','DECREASE',3),
('70','(현재가치할인차금)','DECREASE',3),
('71','5.투자부동산','INCREASE',3),
('72','가.토지','INCREASE',3),
('73','나.건물','INCREASE',3),
('74','다.기타투자부동산','INCREASE',3),
('75','6.기타투자자산','INCREASE',3),
('76','1.토지','INCREASE',4),
('77','(손상차손누계액)','DECREASE',4),
('78','(정부보조금등차감액)','DECREASE',4),
('79','2.건물','INCREASE',4),
('80','(감가상각누계액)','DECREASE',4),
('81','(손상차손누계액)','DECREASE',4),
('82','(정부보조금등차감액)','DECREASE',4),
('83','3.구축물','INCREASE',4),
('84','(감가상각누계액)','DECREASE',4),
('85','(손상차손누계액)','DECREASE',4),
('86','(정부보조금등차감액)','DECREASE',4),
('87','4.기계장치','INCREASE',4),
('88','(감가상각누계액)','DECREASE',4),
('89','(손상차손누계액)','DECREASE',4),
('90','(정부보조금등차감액)','DECREASE',4),
('91','5.선박·항공기','INCREASE',4),
('92','(감가상각누계액)','DECREASE',4),
('93','(손상차손누계액)','DECREASE',4),
('94','(정부보조금등차감액)','DECREASE',4),
('95','6.건설용장비','INCREASE',4),
('96','(감가상각누계액)','DECREASE',4),
('97','(손상차손누계액)','DECREASE',4),
('98','(정부보조금등차감액)','DECREASE',4),
('99','7.차량운반구','INCREASE',4),
('100','(감가상각누계액)','DECREASE',4),
('101','(손상차손누계액)','DECREASE',4),
('102','(정부보조금등차감액)','DECREASE',4),
('103','8.건설중인유형자산','INCREASE',4),
('104','(손상차손누계액)','DECREASE',4),
('105','(정부보조금등차감액)','DECREASE',4),
('106','9.시설장치','INCREASE',4),
('107','(감가상각누계액)','DECREASE',4),
('108','(손상차손누계액)','DECREASE',4),
('109','(정부보조금등차감액)','DECREASE',4),
('110','10.공구·기구·비품','INCREASE',4),
('111','(감가상각누계액)','DECREASE',4),
('112','(손상차손누계액)','DECREASE',4),
('113','(정부보조금등차감액)','DECREASE',4),
('114','11.기타유형자산','INCREASE',4),
('115','(감가상각누계액)','DECREASE',4),
('116','(손상차손누계액)','DECREASE',4),
('117','(정부보조금등차감액)','DECREASE',4),
('118','1.영업권','INCREASE',5),
('119','2.산업재산권','INCREASE',5),
('120','가.특허권','INCREASE',5),
('121','나.상표권','INCREASE',5),
('122','다.실용신안권','INCREASE',5),
('123','라.의장권','INCREASE',5),
('124','마.기타산업재산권','INCREASE',5),
('125','3.광업권','INCREASE',5),
('126','4.어업권','INCREASE',5),
('127','5.차지권','INCREASE',5),
('128','6.개발비','INCREASE',5),
('129','7.사용수익기부자산가액','INCREASE',5),
('130','8.소프트웨어','INCREASE',5),
('131','9.저작권','INCREASE',5),
('132','10.제이용권','INCREASE',5),
('133','11.기타무형자산','INCREASE',5),
('134','1.장기매출채권','INCREASE',6),
('135','가.장기외상매출금','INCREASE',6),
('136','(대손충당금)','DECREASE',6),
('137','(현재가치할인차금)','DECREASE',6),
('138','나.장기받을어음','INCREASE',6),
('139','(대손충당금)','DECREASE',6),
('140','(현재가치할인차금)','DECREASE',6),
('141','다.장기기타매출채권','INCREASE',6),
('142','(대손충당금)','DECREASE',6),
('143','(현재가치할인차금)','DECREASE',6),
('144','2.장기미수금','INCREASE',6),
('145','가.분양장기미수금','INCREASE',6),
('146','(대손충당금)','DECREASE',6),
('147','(현재가치할인차금)','DECREASE',6),
('148','나.공사장기미수금','INCREASE',6),
('149','(대손충당금)','DECREASE',6),
('150','(현재가치할인차금)','DECREASE',6),
('151','다.기타장기미수금','INCREASE',6),
('152','(대손충당금)','DECREASE',6),
('153','(현재가치할인차금)','DECREASE',6),
('154','3.장기선급금','INCREASE',6),
('155','(대손충당금)','DECREASE',6),
('156','4.보증금','INCREASE',6),
('157','가.임차보증금','INCREASE',6),
('158','(대손충당금)','DECREASE',6),
('159','나.기타보증금','INCREASE',6),
('160','(대손충당금)','DECREASE',6),
('161','5.이연법인세자산','INCREASE',6),
('162','6.기타비유동자산','INCREASE',6),
('163','1.매입채무','INCREASE',7),
('164','가.외상매입금','INCREASE',7),
('165','나.지급어음','INCREASE',7),
('166','다.기타매입채무','INCREASE',7),
('167','2.단기차입금','INCREASE',7),
('168','가.관계회사','INCREASE',7),
('169','나.주주·임원·직원','INCREASE',7),
('170','다.기타','INCREASE',7),
('171','3.미지급금','INCREASE',7),
('172','가.미지급법인세','INCREASE',7),
('173','나.미지급배당금','INCREASE',7),
('174','다.기타미지급금','INCREASE',7),
('175','4.선수금','INCREASE',7),
('176','가.분양선수금','INCREASE',7),
('177','나.공사선수금','INCREASE',7),
('178','다.기타선수금','INCREASE',7),
('179','5.예수금','INCREASE',7),
('180','가.부가가치세예수금','INCREASE',7),
('181','나.제세예수금','INCREASE',7),
('182','다.예수보증금','INCREASE',7),
('183','라.기타예수금','INCREASE',7),
('184','6.미지급비용','INCREASE',7),
('185','7.선수수익','INCREASE',7),
('186','8.유동성장기부채','INCREASE',7),
('187','가.유동성장기차입금','INCREASE',7),
('188','(현재가치할인차금)','DECREASE',7),
('189','나.유동성사채','INCREASE',7),
('190','(현재가치할인차금)','DECREASE',7),
('191','다.기타유동성장기부채','INCREASE',7),
('192','(현재가치할인차금)','DECREASE',7),
('193','9.단기충당부채','INCREASE',7),
('194','가.단기공사손실충당부채','INCREASE',7),
('195','나.단기제품보증충당부채','INCREASE',7),
('196','다.단기반품추정충당부채','INCREASE',7),
('197','라.단기하자보수충당부채','INCREASE',7),
('198','마.단기기타충당부채','INCREASE',7),
('199','10.이연법인세부채','INCREASE',7),
('200','11.기타유동부채','INCREASE',7),
('201','1.사채','INCREASE',8),
('202','(현재가치할인차금)','DECREASE',8),
('203','2.전환사채등신종사채','INCREASE',8),
('204','(현재가치할인차금)','DECREASE',8),
('205','3.장기차입금','INCREASE',8),
('206','가.관계회사','INCREASE',8),
('207','(현재가치할인차금)','DECREASE',8),
('208','나.주주·임원·직원','INCREASE',8),
('209','(현재가치할인차금)','DECREASE',8),
('210','다.기타','INCREASE',8),
('211','(현재가치할인차금)','DECREASE',8),
('212','4.장기매입채무','INCREASE',8),
('213','가.장기외상매입금','INCREASE',8),
('214','(현재가치할인차금)','DECREASE',8),
('215','나.장기지급어음','INCREASE',8),
('216','(현재가치할인차금)','DECREASE',8),
('217','다.장기기타매입채무','INCREASE',8),
('218','(현재가치할인차금)','DECREASE',8),
('219','5.장기미지급금','INCREASE',8),
('220','(현재가치할인차금)','DECREASE',8),
('221','6.장기선수금','INCREASE',8),
('222','가.장기분양선수금','INCREASE',8),
('223','나.장기공사선수금','INCREASE',8),
('224','다.장기기타선수금','INCREASE',8),
('225','7.퇴직급여충당부채','INCREASE',8),
('226','8.퇴직연금미지급금','INCREASE',8),
('227','(국민연금전환금)','DECREASE',8),
('228','(퇴직보험예치금)','DECREASE',8),
('229','(퇴직연금운용자산)','DECREASE',8),
('230','9.장기충당부채','INCREASE',8),
('231','가.장기공사손실충당부채','INCREASE',8),
('232','나.장기제품보증충당부채','INCREASE',8),
('233','다.장기반품추정충당부채','INCREASE',8),
('234','라.장기하자보수충당부채','INCREASE',8),
('235','마.장기기타충당부채','INCREASE',8),
('236','10.제준비금','INCREASE',8),
('237','11.이연법인세부채','INCREASE',8),
('238','12.장기임대보증금','INCREASE',8),
('239','13.장기기타보증금','INCREASE',8),
('240','14.기타비유동부채','INCREASE',8),
('241','1.보통주자본금','INCREASE',9),
('242','2.우선주자본금','INCREASE',9),
('243','1.주식발행초과금','INCREASE',10),
('244','2.감자차익','INCREASE',10),
('245','3.합병차익','INCREASE',10),
('246','4.자기주식처분이익','INCREASE',10),
('247','5.재평가적립금','INCREASE',10),
('248','6.기타자본잉여금','INCREASE',10),
('249','1.주식할인발행차금','INCREASE',11),
('250','2.감자차손','INCREASE',11),
('251','3.자기주식','INCREASE',11),
('252','4.미교부주식배당금','INCREASE',11),
('253','5.자기주식처분손실','INCREASE',11),
('254','6.부의지분법자본변동','INCREASE',11),
('255','7.주식매수선택권','INCREASE',11),
('256','8.기타자본조정','INCREASE',11),
('257','1.매도가능증권평가손익','INCREASE',12),
('258','2.해외사업환산손익','INCREASE',12),
('259','3.지분법자본변동','INCREASE',12),
('260','4.파생상품평가손익','INCREASE',12),
('261','5.재평가잉여금','INCREASE',12),
('262','6.기타','INCREASE',12),
('263','1.이익준비금','INCREASE',13),
('264','2.재무구조개선적립금','INCREASE',13),
('265','3.｢조세특례제한법상｣준비금','INCREASE',13),
('266','4.기타임의적립금','INCREASE',13),
('267','9.미처분이익잉여금(미처리결손금)','INCREASE',13),
('268','1.상품매출','INCREASE',14),
('269','가.국내상품매출','INCREASE',14),
('270','나.수출상품매출','INCREASE',14),
('271','2.제품매출','INCREASE',14),
('272','가.국내제품매출','INCREASE',14),
('273','나.수출제품매출','INCREASE',14),
('274','3.공사수입','INCREASE',14),
('275','가.국내공사수입','INCREASE',14),
('276','나.해외공사수입','INCREASE',14),
('277','4.운송수입','INCREASE',14),
('278','가.국내운송수입','INCREASE',14),
('279','나.해외운송수입','INCREASE',14),
('280','5.부동산임대수입','INCREASE',14),
('281','가.국내임대수입','INCREASE',14),
('282','나.해외임대수입','INCREASE',14),
('283','6.분양수입','INCREASE',14),
('284','가.국내분양수입','INCREASE',14),
('285','나.해외분양수입','INCREASE',14),
('286','7.사용료','INCREASE',14),
('287','가.국내사용료','INCREASE',14),
('288','나.해외사용료','INCREASE',14),
('289','8.지분법이익(지주회사)','INCREASE',14),
('290','9.기타매출','INCREASE',14),
('291','가.','INCREASE',14),
('292','(1)상품매출원가','INCREASE',15),
('293','(2)제조원가','INCREASE',15),
('294','(3)공사원가','INCREASE',15),
('295','(4)운송원가','INCREASE',15),
('296','(5)임대원가','INCREASE',15),
('297','(6)분양원가','INCREASE',15),
('298','(7)지분법손실(지주회사)','INCREASE',15),
('299','(8)기타매출원가','INCREASE',15),
('300','Ⅰ. 재료비','INCREASE',16),
('301','1. 기초재료재고액','INCREASE',16),
('302','2. 당기재료매입액','INCREASE',16),
('303','3. 기말재료재고액','INCREASE',16),
('304','Ⅱ. 노무비','INCREASE',16),
('305','1. 급여','INCREASE',16),
('306','가. 임원급여','INCREASE',16),
('307','나. 직원급여','INCREASE',16),
('308','다. 임원상여금','INCREASE',16),
('309','라. 직원상여금','INCREASE',16),
('310','2. 일용급여','INCREASE',16),
('311','3. 퇴직급여(충당금전입액포함)','INCREASE',16),
('312','가. 임원퇴직급여','INCREASE',16),
('313','나. 직원퇴직급여','INCREASE',16),
('314','Ⅲ. 경비','INCREASE',16),
('315','1. 전력비','INCREASE',16),
('316','2. 가스·수도·유류비','INCREASE',16),
('317','3. 운임','INCREASE',16),
('318','4. 감가상각비','INCREASE',16),
('319','5. 수선비','INCREASE',16),
('320','6. 소모품비','INCREASE',16),
('321','7. 세금과공과','INCREASE',16),
('322','8. 임차료','INCREASE',16),
('323','9. 보험료','INCREASE',16),
('324','10. 복리후생비','INCREASE',16),
('325','11. 여비교통비','INCREASE',16),
('326','12. 통신비','INCREASE',16),
('327','13. 차량유지비','INCREASE',16),
('328','14. 외주가공비','INCREASE',16),
('329','15. 특허권사용료','INCREASE',16),
('330','16. 경상개발비','INCREASE',16),
('331','17. 연구비','INCREASE',16),
('332','18. 포장비','INCREASE',16),
('333','19. 기업업무추진비','INCREASE',16),
('334','20. 지급수수료','INCREASE',16),
('335','21. 교육훈련비','INCREASE',16),
('336','22. 인쇄비','INCREASE',16),
('337','23. 보관료','INCREASE',16),
('338','24. 기타','INCREASE',16),
('339','Ⅳ. 당기총제조비용','INCREASE',16),
('340','Ⅴ. 기초재공품원가','INCREASE',16),
('341','Ⅵ. 합계','INCREASE',16),
('342','Ⅶ. 기말재공품원가','INCREASE',16),
('343','Ⅷ. 타계정대체액','INCREASE',16),
('344','Ⅸ. 당기제품제조원가','INCREASE',16),
('345','1.급여','INCREASE',21),
('346','가.임원급여','INCREASE',21),
('347','나.직원급여','INCREASE',21),
('348','다.임원상여금','INCREASE',21),
('349','라.직원상여금','INCREASE',21),
('350','마.기타','INCREASE',21),
('351','2.퇴직급여','INCREASE',21),
('352','가.임원퇴직급여','INCREASE',21),
('353','나.직원퇴직급여','INCREASE',21),
('354','다.퇴직급여충당부채전입액','INCREASE',21),
('355','3.보험료','INCREASE',21),
('356','4.복리후생비','INCREASE',21),
('357','5.여비교통비','INCREASE',21),
('358','6.임차료','INCREASE',21),
('359','가.부동산임차료','INCREASE',21),
('360','나.차량·중기임차료(리스료 포함)','INCREASE',21),
('361','다.기타임차료(리스료 포함)','INCREASE',21),
('362','7.기업업무추진비','INCREASE',21),
('363','8.유형자산감가상각비','INCREASE',21),
('364','9.무형자산상각비','INCREASE',21),
('365','가.영업권상각비','INCREASE',21),
('366','나.기타무형자산상각비','INCREASE',21),
('367','10.세금과공과','INCREASE',21),
('368','11.광고선전비(판매촉진비 포함)','INCREASE',21),
('369','12.견본비','INCREASE',21),
('370','13.차량유지비(유류비 포함)','INCREASE',21),
('371','14.연구비','INCREASE',21),
('372','15.경상개발비','INCREASE',21),
('373','16.대손상각비(충당금전입액포함)','INCREASE',21),
('374','17.미분양주택관리비','INCREASE',21),
('375','18.수주비','INCREASE',21),
('376','가.국내수주비','INCREASE',21),
('377','나.해외수주비','INCREASE',21),
('378','19.자문료','INCREASE',21),
('379','가.국내자문료','INCREASE',21),
('380','나.해외자문료','INCREASE',21),
('381','20.지급수수료','INCREASE',21),
('382','가.국내지급수수료','INCREASE',21),
('383','나.해외지급수수료','INCREASE',21),
('384','21.판매수수료','INCREASE',21),
('385','22.소모품비','INCREASE',21),
('386','23.통신비','INCREASE',21),
('387','24.운반비','INCREASE',21),
('388','25.보관료','INCREASE',21),
('389','26.건물·시설관리비(수선비 제외)','INCREASE',21),
('390','27.수선비','INCREASE',21),
('391','28.수도광열비(전기료 제외)','INCREASE',21),
('392','29.전기료','INCREASE',21),
('393','30.인쇄비','INCREASE',21),
('394','31.교육훈련비','INCREASE',21),
('395','32.특허권등 사용료','INCREASE',21),
('396','33.수출입제비용','INCREASE',21),
('397','34.해외시장개척비','INCREASE',21),
('398','35.외주용역비','INCREASE',21),
('399','가.국내외주용역비','INCREASE',21),
('400','나.해외외주용역비','INCREASE',21),
('401','37.기타','INCREASE',21),
('402','1.이자수익','INCREASE',22),
('403','2.배당금수익','INCREASE',22),
('404','3.임대료','INCREASE',22),
('405','4.유가증권처분이익','INCREASE',22),
('406','가.단기매매증권처분이익','INCREASE',22),
('407','나.매도가능증권처분이익','INCREASE',22),
('408','다.지분법적용투자주식처분이익','INCREASE',22),
('409','5.매출채권처분이익','INCREASE',22),
('410','6.단기투자자산평가이익','INCREASE',22),
('411','7.외환차익','INCREASE',22),
('412','8.외화환산이익','INCREASE',22),
('413','9.지분법이익','INCREASE',22),
('414','10.장기투자증권손상차손환입','INCREASE',22),
('415','가.매도가능증권손상차손환입','INCREASE',22),
('416','나.만기보유증권손상차손환입','INCREASE',22),
('417','11.파생상품관련이익','INCREASE',22),
('418','가.파생상품평가이익','INCREASE',22),
('419','나.파생상품거래이익','INCREASE',22),
('420','다.기타파생상품이익','INCREASE',22),
('421','12.투자부동산처분이익','INCREASE',22),
('422','13.유형자산처분이익','INCREASE',22),
('423','가.토지처분이익','INCREASE',22),
('424','나.건물처분이익','INCREASE',22),
('425','다.기계장치처분이익','INCREASE',22),
('426','라.기타유형자산처분이익','INCREASE',22),
('427','14.무형자산처분이익','INCREASE',22),
('428','15.사채상환이익','INCREASE',22),
('429','16.법인세환급액','INCREASE',22),
('430','17.충당금·준비금환입','INCREASE',22),
('431','18.전기오류수정이익','INCREASE',22),
('432','19.자산수증이익','INCREASE',22),
('433','20.채무면제(조정)이익','INCREASE',22),
('434','21.보험차익','INCREASE',22),
('435','22.수수료수익','INCREASE',22),
('436','가.국내수수료수익','INCREASE',22),
('437','나.해외수수료수익','INCREASE',22),
('438','23.사용료','INCREASE',22),
('439','가.국내사용료','INCREASE',22),
('440','나.해외사용료','INCREASE',22),
('441','24.정부보조금','INCREASE',22),
('442','25.판매장려금수익','INCREASE',22),
('443','26.위약금·보상금·배상금수익','INCREASE',22),
('444','27.상각채권추심이익','INCREASE',22),
('445','28.기타','INCREASE',22),
('446','1.이자비용','INCREASE',23),
('447','2.기타대손상각비','INCREASE',23),
('448','3.유가증권처분손실','INCREASE',23),
('449','가.단기매매증권처분손실','INCREASE',23),
('450','나.매도가능증권처분손실','INCREASE',23),
('451','다.지분법적용투자주식처분손실','INCREASE',23),
('452','4.매출채권처분손실','INCREASE',23),
('453','5.단기투자자산평가손실','INCREASE',23),
('454','6.재고자산감모손실','INCREASE',23),
('455','7.외환차손','INCREASE',23),
('456','8.외화환산손실','INCREASE',23),
('457','9.지분법손실','INCREASE',23),
('458','10.장기투자증권손상차손','INCREASE',23),
('459','가.매도가능증권손상차손','INCREASE',23),
('460','나.만기보유증권손상차손','INCREASE',23),
('461','11.파생상품관련손실','INCREASE',23),
('462','가.파생상품평가손실','INCREASE',23),
('463','나.파생상품거래손실','INCREASE',23),
('464','다.기타파생상품손실','INCREASE',23),
('465','12.투자부동산처분손실','INCREASE',23),
('466','13.유형자산처분손실','INCREASE',23),
('467','가.토지처분손실','INCREASE',23),
('468','나.건물처분손실','INCREASE',23),
('469','다.기계장치처분손실','INCREASE',23),
('470','라.기타유형자산처분손실','INCREASE',23),
('471','14.무형자산처분손실','INCREASE',23),
('472','15.기부금','INCREASE',23),
('473','16.사채상환손실','INCREASE',23),
('474','17.위약금·보상금·배상금비용','INCREASE',23),
('475','18.기타충당금·준비금전입','INCREASE',23),
('476','19.전기오류수정손실','INCREASE',23),
('477','20.재해손실','INCREASE',23),
('478','21.기타','INCREASE',23),
('479','','INCREASE',24),
('480','','INCREASE',25);
-- 계정과목 테이블
INSERT INTO account_subject (company_id, structure_code, nature_code, entry_type, increase_decrease_type,
                             code, name, english_name, is_active, modification_type,
                             is_foreign_currency, is_business_car, parent_code, standard_financial_statement_code) VALUES
(1,1,3,'DEBIT','INCREASE','101','현금','Cash',1,0,0,0,null,1),
(1,1,1,'DEBIT','INCREASE','102','당좌예금','Current deposits',1,0,0,0,null,1),
(1,1,1,'DEBIT','INCREASE','103','보통예금','Bank deposits',1,0,0,0,null,1),
(1,1,1,'DEBIT','INCREASE','104','제예금','Re-deposits',1,1,0,0,null,1),
(1,1,1,'DEBIT','INCREASE','105','정기예금','Regular installment deposits',1,1,0,0,null,1),
(1,1,2,'DEBIT','INCREASE','106','정기적금','Short-term other financial instruement',1,1,0,0,null,1),
(1,1,5,'DEBIT','INCREASE','107','단기매매증권','Short-term trading Securities',1,1,0,0,null,1),
(1,1,3,'DEBIT','INCREASE','108','외상매출금','Trade receivables in foreign currency',1,0,0,0,null,1),
(1,1,4,'CREDIT','DECREASE','109','대손충당금','Allowance for doubtful accounts',1,0,0,0,108,1),
(1,1,8,'DEBIT','INCREASE','110','받을어음','Notes receivable',1,0,0,0,null,1),
(1,1,4,'CREDIT','DECREASE','111','대손충당금','Allowance for doubtful accounts',1,0,0,0,110,1),
(1,1,3,'DEBIT','INCREASE','112','공사미수금','Receivables from construction contracts',1,0,0,0,null,1),
(1,1,4,'CREDIT','DECREASE','113','대손충당금','Allowance for doubtful accounts',1,0,0,0,112,1),
(1,1,9,'DEBIT','INCREASE','114','단기대여금','Short-term loans',1,1,0,0,null,1),
(1,1,4,'CREDIT','DECREASE','115','대손충당금','Allowance for doubtful accounts',1,0,0,0,114,1),
(1,1,3,'DEBIT','INCREASE','116','미수수익','Accrued revenues',1,1,0,0,null,1),
(1,1,4,'CREDIT','DECREASE','117','대손충당금','Allowance for doubtful accounts',1,0,0,0,116,1),
(1,1,3,'DEBIT','INCREASE','118','분양미수금','Receivables from real-estate sales',1,1,0,0,null,1),
(1,1,4,'CREDIT','DECREASE','119','대손충당금','Allowance for doubtful accounts',1,0,0,0,118,1),
(1,1,3,'DEBIT','INCREASE','120','미수금','Non-trade receivables',1,1,0,0,null,1),
(1,1,4,'CREDIT','DECREASE','121','대손충당금','Allowance for doubtful accounts',1,0,0,0,120,1),
(1,1,0,'DEBIT','INCREASE','122','사용자설정계정과목','User setup accounts',1,1,0,0,103,1),
(1,1,5,'DEBIT','INCREASE','123','매도가능증권','Available for sale securities ',1,1,0,0,null,1),
(1,1,5,'DEBIT','INCREASE','124','만기보유증권','Held-to-maturity securities',1,1,0,0,null,1),
(1,1,3,'DEBIT','INCREASE','125','용역미수금','User setup accounts',1,1,0,0,null,1),
(1,1,4,'CREDIT','DECREASE','126','대손충당금','User setup accounts',1,0,0,0,125,1),
(1,1,1,'DEBIT','INCREASE','127','외화예금','User setup accounts',1,1,0,0,null,1),
(1,1,0,'DEBIT','INCREASE','128','사용자설정계정과목','User setup accounts',1,1,0,0,null,1),
(1,1,0,'DEBIT','INCREASE','129','사용자설정계정과목','User setup accounts',1,1,0,0,null,1),
(1,1,0,'DEBIT','INCREASE','130','사용자설정계정과목','User setup accounts',1,1,0,0,null,1),
(1,1,3,'DEBIT','INCREASE','131','선급금','Advance payments',1,1,0,0,null,1),
(1,1,4,'CREDIT','DECREASE','132','대손충당금','Allowance for doubtful accounts',1,0,0,0,131,1),
(1,1,3,'DEBIT','INCREASE','133','선급비용','Pprepaid expenses',1,1,0,0,null,1),
(1,1,7,'DEBIT','INCREASE','134','가지급금','Temporary payment',1,0,0,0,null,1),
(1,1,3,'DEBIT','INCREASE','135','부가세대급금','Value added tax payment',1,0,0,0,null,1),
(1,1,3,'DEBIT','INCREASE','136','선납세금','Pprepaid income taxes',1,0,0,0,null,1),
(1,1,3,'DEBIT','INCREASE','137','임직원등 단기채권','Short-term loans to stockholders',1,1,0,0,null,1),
(1,1,3,'DEBIT','INCREASE','138','전도금','Advanced money ',1,0,0,0,null,1),
(1,1,3,'DEBIT','INCREASE','139','선급공사비','Prepaid construction expenses',1,1,0,0,null,1),
(1,1,3,'DEBIT','INCREASE','140','이연법인세자산','Deferred income tax assets',1,1,0,0,null,1),
(1,1,3,'DEBIT','INCREASE','141','현금과부족','cash overs and shorts',1,1,0,0,null,1),
(1,1,3,'DEBIT','INCREASE','142','미결산','open account',1,1,0,0,null,1),
(1,1,3,'DEBIT','INCREASE','143','본지점','User setup accounts',1,1,0,0,null,1),
(1,1,0,'DEBIT','INCREASE','144','사용자설정계정과목','User setup accounts',1,1,0,0,null,1),
(1,1,0,'DEBIT','INCREASE','145','사용자설정계정과목','User setup accounts',1,1,0,0,null,1),
(1,2,1,'DEBIT','INCREASE','201','상품','Merchandises　',1,0,0,0,null,1),
(1,2,3,'CREDIT','DECREASE','202','매입환출및에누리','Purchase returns',1,0,0,0,201,1),
(1,2,4,'CREDIT','DECREASE','203','매입할인','Purchase discount',1,0,0,0,201,1),
(1,2,5,'CREDIT','DECREASE','204','관세환급금','Tariff drawback',1,0,0,0,201,1),
(1,2,1,'DEBIT','INCREASE','205','제품','Finished goods',1,0,0,0,null,1),
(1,2,5,'CREDIT','DECREASE','206','관세환급금','Tariff drawback',1,0,0,0,205,1),
(1,2,1,'DEBIT','INCREASE','207','완성건물','Finished buildings',1,0,0,0,null,1),
(1,2,1,'DEBIT','INCREASE','208','원재료','Raw materials',1,0,0,0,null,1),
(1,2,3,'CREDIT','DECREASE','209','매입환출및에누리','Purchase returns',1,0,0,0,208,1),
(1,2,4,'CREDIT','DECREASE','210','매입할인','Purchase discount',1,0,0,0,208,1),
(1,2,1,'DEBIT','INCREASE','211','원재료(도급)','Raw materials(contract)',1,0,0,0,null,1),
(1,2,3,'CREDIT','DECREASE','212','매입환출및에누리','Purchase returns',1,0,0,0,211,1),
(1,2,4,'CREDIT','DECREASE','213','매입할인','Purchase discount',1,0,0,0,211,1),
(1,2,1,'DEBIT','INCREASE','214','원재료(분양)','Raw materials(sale)　',1,0,0,0,null,1),
(1,2,3,'CREDIT','DECREASE','215','매입환출및에누리','Purchase returns',1,0,0,0,214,1),
(1,2,4,'CREDIT','DECREASE','216','매입할인','Purchase discount',1,0,0,0,214,1),
(1,2,1,'DEBIT','INCREASE','217','부재료','Sub-materials',1,0,0,0,null,1),
(1,2,3,'CREDIT','DECREASE','218','매입환출및에누리','Purchase returns',1,0,0,0,217,1),
(1,2,4,'CREDIT','DECREASE','219','매입할인','Purchase discount',1,0,0,0,217,1),
(1,2,1,'DEBIT','INCREASE','220','건설용지','Construction lots',1,0,0,0,null,1),
(1,2,1,'DEBIT','INCREASE','221','가설재','Temporary establishments',1,1,0,0,null,1),
(1,2,1,'DEBIT','INCREASE','222','저장품','Supplies',1,1,0,0,null,1),
(1,2,1,'DEBIT','INCREASE','223','미착품','Goods in transit',1,1,0,0,null,1),
(1,2,2,'DEBIT','INCREASE','224','재공품','Work-in-process',1,0,0,0,null,1),
(1,2,2,'DEBIT','INCREASE','225','미완성공사(도급)','Incompleted construction(contract)',1,0,0,0,null,1),
(1,2,2,'DEBIT','INCREASE','226','미완성공사(분양)','Incompleted construction(sale)',1,0,0,0,null,1),
(1,2,1,'DEBIT','INCREASE','227','유류','User setup accounts',1,0,0,0,null,1),
(1,2,1,'DEBIT','INCREASE','228','소모품','Supplies',1,1,0,0,null,1),
(1,2,0,'DEBIT','INCREASE','229','사용자설정계정과목','User setup accounts',1,1,0,0,null,1),
(1,2,0,'DEBIT','INCREASE','230','사용자설정계정과목','User setup accounts',1,1,0,0,null,1),
(1,3,1,'DEBIT','INCREASE','301','장기성예금','Long-term deposits',1,1,0,0,null,1),
(1,3,1,'DEBIT','INCREASE','302','특정현금과예금','Restricted cash & deposits',1,1,0,0,null,1),
(1,3,5,'DEBIT','INCREASE','303','매도가능증권','Available sale securities',1,1,0,0,null,1),
(1,3,9,'DEBIT','INCREASE','304','장기대여금','Long-term loans',1,1,0,0,null,1),
(1,3,4,'CREDIT','DECREASE','305','대손충당금','Allowance for doubtful accounts',1,0,0,0,304,1),
(1,3,5,'DEBIT','INCREASE','306','만기보유증권','Held-to-maturity securities',1,1,0,0,null,1),
(1,3,3,'DEBIT','INCREASE','307','지분법적용투자주식','Equity method of investment securities',1,0,0,0,null,1),
(1,3,3,'DEBIT','INCREASE','308','투자부동산','Investment in properties',1,1,0,0,null,1),
(1,3,3,'DEBIT','INCREASE','309','단체퇴직보험예치금','Deposits for group retirement insurance',1,1,0,0,null,1),
(1,3,3,'DEBIT','INCREASE','310','투자일임계약자산','Investment-entrusting assets',1,1,0,0,null,1),
(1,3,0,'DEBIT','INCREASE','314','사용자설정계정과목','User setup accounts',1,1,0,0,null,1),
(1,3,0,'DEBIT','INCREASE','315','사용자설정계정과목','User setup accounts',1,1,0,0,null,1),
(1,3,0,'DEBIT','INCREASE','316','사용자설정계정과목','User setup accounts',1,1,0,0,null,1),
(1,3,0,'DEBIT','INCREASE','317','사용자설정계정과목','User setup accounts',1,1,0,0,null,1),
(1,3,0,'DEBIT','INCREASE','318','사용자설정계정과목','User setup accounts',1,1,0,0,null,1),
(1,3,0,'DEBIT','INCREASE','319','사용자설정계정과목','User setup accounts',1,1,0,0,null,1),
(1,4,1,'DEBIT','INCREASE','401','설비장치','User setup accounts',1,1,0,0,null,1),
(1,4,4,'CREDIT','DECREASE','402','감가상각누계액','User setup accounts',1,0,0,0,401,1),
(1,4,1,'DEBIT','INCREASE','403','사용자설정계정과목','User setup accounts',1,1,0,0,null,1),
(1,4,4,'CREDIT','DECREASE','404','감가상각누계액','User setup accounts',1,0,0,0,403,1),
(1,4,1,'DEBIT','INCREASE','405','건설용장비','Construction materials',1,1,0,0,null,1),
(1,4,4,'CREDIT','DECREASE','406','감가상각누계액','Accumulated depreciation',1,0,0,0,405,1),
(1,4,2,'DEBIT','INCREASE','407','토지','Land',1,0,0,0,null,1),
(1,4,1,'DEBIT','INCREASE','408','건물','Buildings',1,1,0,0,null,1),
(1,4,4,'CREDIT','DECREASE','409','감가상각누계액','Accumulated depreciation',1,0,0,0,408,1),
(1,4,1,'DEBIT','INCREASE','410','구축물','Structures',1,1,0,0,null,1),
(1,4,4,'CREDIT','DECREASE','411','감가상각누계액','Accumulated depreciation',1,0,0,0,410,1),
(1,4,1,'DEBIT','INCREASE','412','기계장치','Machinery',1,1,0,0,null,1),
(1,4,4,'CREDIT','DECREASE','413','감가상각누계액','Accumulated depreciation',1,0,0,0,412,1),
(1,4,1,'DEBIT','INCREASE','414','차량운반구','Vehicles ',1,1,0,0,null,1),
(1,4,4,'CREDIT','DECREASE','415','감가상각누계액','Accumulated depreciation',1,0,0,0,414,1),
(1,4,1,'DEBIT','INCREASE','416','공구와기구','Tools',1,1,0,0,null,1),
(1,4,4,'CREDIT','DECREASE','417','감가상각누계액','Accumulated depreciation',1,0,0,0,416,1),
(1,4,1,'DEBIT','INCREASE','418','비품','Office equipment',1,1,0,0,null,1),
(1,4,4,'CREDIT','DECREASE','419','감가상각누계액','Accumulated depreciation',1,0,0,0,418,1),
(1,4,3,'DEBIT','INCREASE','420','건설중인자산','Construction in progress',1,1,0,0,null,1),
(1,4,1,'DEBIT','INCREASE','421','미착기계','machinery in transit',1,1,0,0,null,1),
(1,4,4,'CREDIT','DECREASE','422','감가상각누계액','Accumulated depreciation',1,0,0,0,421,1),
(1,4,0,'DEBIT','INCREASE','423','사용자설정계정과목','User setup accounts',1,1,0,0,null,1),
(1,5,1,'DEBIT','INCREASE','501','영업권','Accumulated depreciation',1,0,0,0,null,1),
(1,5,1,'DEBIT','INCREASE','502','특허권','Patents',1,0,0,0,null,1),
(1,5,1,'DEBIT','INCREASE','503','상표권','Trademarks',1,0,0,0,null,1),
(1,5,1,'DEBIT','INCREASE','504','실용신안권','Patents-practical model ',1,0,0,0,null,1),
(1,5,1,'DEBIT','INCREASE','505','의장권','Patents-design',1,0,0,0,null,1),
(1,5,1,'DEBIT','INCREASE','506','면허권','Licensing right',1,0,0,0,null,1),
(1,5,1,'DEBIT','INCREASE','507','광업권','Mining rights',1,0,0,0,null,1),
(1,5,1,'DEBIT','INCREASE','508','창업비','Organization costs',1,1,0,0,null,1),
(1,5,1,'DEBIT','INCREASE','509','개발비','Development costs',1,1,0,0,null,1),
(1,5,1,'DEBIT','INCREASE','510','소프트웨어','Software',1,1,0,0,null,1),
(1,5,1,'DEBIT','INCREASE','511','웹사이트원가','websitecost',1,1,0,0,null,1),
(1,5,0,'DEBIT','INCREASE','512','사용자설정계정과목','User setup accounts',1,1,0,0,null,1),
(1,5,0,'DEBIT','INCREASE','513','사용자설정계정과목','User setup accounts',1,1,0,0,null,1),
(1,6,3,'DEBIT','INCREASE','601','이연법인세자산','Deferred income tax assets',1,1,0,0,null,1),
(1,6,3,'DEBIT','INCREASE','602','임차보증금','Leasehold deposits',1,1,0,0,null,1),
(1,6,3,'DEBIT','INCREASE','603','전세권','Leasehold rights',1,1,0,0,null,1),
(1,6,3,'DEBIT','INCREASE','604','기타보증금','Other guarantee deposits',1,1,0,0,null,1),
(1,6,3,'DEBIT','INCREASE','605','장기외상매출금','Long-term accounts receivable',1,1,0,0,null,1),
(1,6,4,'CREDIT','DECREASE','606','현재가치할인차금','Present value discounts account ',1,0,0,0,605,1),
(1,6,4,'CREDIT','DECREASE','607','대손충당금','Allowance for doubtful accounts',1,0,0,0,605,1),
(1,6,8,'DEBIT','INCREASE','608','장기받을어음','Long-term notes receivable',1,1,0,0,null,1),
(1,6,4,'CREDIT','DECREASE','609','현재가치할인차금','Discounts on present value',1,0,0,0,608,1),
(1,6,4,'CREDIT','DECREASE','610','대손충당금','Allowance for doubtful accounts',1,0,0,0,608,1),
(1,6,3,'DEBIT','INCREASE','611','장기미수금','Long-term non-trade receivables',1,1,0,0,null,1),
(1,6,4,'CREDIT','DECREASE','612','현재가치할인차금','Discounts on present value',1,0,0,0,611,1),
(1,6,4,'CREDIT','DECREASE','613','대손충당금','Allowance for doubtful accounts',1,0,0,0,611,1),
(1,6,3,'DEBIT','INCREASE','614','장기선급비용','Long-term prepaid expenses',1,1,0,0,null,1),
(1,6,3,'DEBIT','INCREASE','615','장기선급금','Long-term advance payments',1,1,0,0,null,1),
(1,6,3,'DEBIT','INCREASE','616','부도어음과수표','Dishonored notes receivable &',1,1,0,0,null,1),
(1,6,4,'CREDIT','DECREASE','617','대손충당금','Allowance for doubtful accounts',1,0,0,0,616,1),
(1,6,3,'DEBIT','INCREASE','618','전신전화가입권','Telephone subscription deposit',1,1,0,0,null,1),
(1,6,0,'DEBIT','INCREASE','619','사용자설정계정과목','User setup accounts',1,1,0,0,null,1),
(1,6,0,'DEBIT','INCREASE','620','사용자설정계정과목','User setup accounts',1,1,0,0,null,1),
(1,7,2,'CREDIT','INCREASE','701','외상매입금','Trade payables',1,0,0,0,null,1),
(1,7,6,'CREDIT','INCREASE','702','지급어음','Notes payable',1,0,0,0,null,1),
(1,7,2,'CREDIT','INCREASE','703','미지급금','Non-trade payables',1,1,0,0,null,1),
(1,7,2,'CREDIT','INCREASE','704','예수금','Withholdings',1,1,0,0,null,1),
(1,7,2,'CREDIT','INCREASE','705','부가세예수금','Value added tax withheld',1,0,0,0,null,1),
(1,7,1,'CREDIT','INCREASE','706','당좌차월','Bank overdrafts',1,1,0,0,null,1),
(1,7,5,'CREDIT','INCREASE','707','가수금','Temporary receipts',1,0,0,0,null,1),
(1,7,2,'CREDIT','INCREASE','708','예수보증금','Deposits received',1,1,0,0,null,1),
(1,7,2,'CREDIT','INCREASE','709','선수금','Advances from customers',1,1,0,0,null,1),
(1,7,1,'CREDIT','INCREASE','710','단기차입금','Short-term borrowings ',1,1,0,0,null,1),
(1,7,2,'CREDIT','INCREASE','711','미지급세금','Income taxes payable',1,1,0,0,null,1),
(1,7,2,'CREDIT','INCREASE','712','미지급비용','Accrued expenses',1,1,0,0,null,1),
(1,7,2,'CREDIT','INCREASE','713','선수수익','Unearned revenues',1,1,0,0,null,1),
(1,7,1,'CREDIT','INCREASE','714','유동성장기부채','Current portion of long-term liabilities',1,1,0,0,null,1),
(1,7,2,'CREDIT','INCREASE','715','미지급배당금','Dividends payable',1,0,0,0,null,1),
(1,7,2,'CREDIT','INCREASE','716','지급보증채무','Disbursement liability for guarantee',1,1,0,0,null,1),
(1,7,2,'CREDIT','INCREASE','717','수출금융','Export finance',1,1,0,0,null,1),
(1,7,2,'CREDIT','INCREASE','718','수입금융','Import finance',1,1,0,0,null,1),
(1,7,2,'CREDIT','INCREASE','719','공사손실충당부채','Provision for construction loss',1,0,0,0,null,1),
(1,7,2,'CREDIT','INCREASE','720','하자보수충당부채','Provision for construction warranties',1,1,0,0,null,1),
(1,7,2,'CREDIT','INCREASE','721','공사선수금','Advances from construction contracts',1,1,0,0,null,1),
(1,7,2,'CREDIT','INCREASE','722','분양선수금','Advances from real-estate sales',1,1,0,0,null,1),
(1,7,2,'CREDIT','INCREASE','723','이연법인세부채','Deferred income tax liabilities',1,1,0,0,null,1),
(1,7,0,'CREDIT','INCREASE','724','사용자설정계정과목','User setup accounts',1,1,0,0,null,1),
(1,7,0,'CREDIT','INCREASE','725','사용자설정계정과목','User setup accounts',1,1,0,0,null,1),
(1,7,0,'CREDIT','INCREASE','726','사용자설정계정과목','User setup accounts',1,1,0,0,null,1),
(1,7,0,'CREDIT','INCREASE','727','사용자설정계정과목','User setup accounts',1,1,0,0,null,1),
(1,7,0,'CREDIT','INCREASE','728','사용자설정계정과목','User setup accounts',1,1,0,0,null,1),
(1,7,0,'CREDIT','INCREASE','729','사용자설정계정과목','User setup accounts',1,1,0,0,null,1),
(1,7,0,'CREDIT','INCREASE','730','사용자설정계정과목','User setup accounts',1,1,0,0,null,1),
(1,7,0,'CREDIT','INCREASE','731','사용자설정계정과목','User setup accounts',1,1,0,0,null,1),
(1,7,0,'CREDIT','INCREASE','732','사용자설정계정과목','User setup accounts',1,1,0,0,null,1),
(1,7,0,'CREDIT','INCREASE','733','사용자설정계정과목','User setup accounts',1,1,0,0,null,1),
(1,7,0,'CREDIT','INCREASE','734','사용자설정계정과목','User setup accounts',1,1,0,0,null,1),
(1,7,0,'CREDIT','INCREASE','735','사용자설정계정과목','User setup accounts',1,1,0,0,null,1),
(1,7,0,'CREDIT','INCREASE','736','사용자설정계정과목','User setup accounts',1,1,0,0,null,1),
(1,7,0,'CREDIT','INCREASE','737','사용자설정계정과목','User setup accounts',1,1,0,0,null,1),
(1,7,0,'CREDIT','INCREASE','738','사용자설정계정과목','User setup accounts',1,1,0,0,null,1),
(1,7,0,'CREDIT','INCREASE','739','사용자설정계정과목','User setup accounts',1,1,0,0,null,1),
(1,7,0,'CREDIT','INCREASE','740','사용자설정계정과목','User setup accounts',1,1,0,0,null,1),
(1,8,6,'CREDIT','INCREASE','801','사채','Bonds payable　',1,0,0,0,null,1),
(1,8,4,'DEBIT','DECREASE','802','사채할인발행차금','Discount on bonds payable　',1,0,0,0,801,1),
(1,8,2,'CREDIT','INCREASE','803','장기차입금','Long-term borrowings',1,1,0,0,null,1),
(1,8,3,'CREDIT','INCREASE','804','임대보증금','Leasehold deposits received　',1,0,0,0,null,1),
(1,8,5,'CREDIT','INCREASE','805','퇴직급여충당부채','Allowance for employee retirement benefits',1,0,0,0,null,1),
(1,8,5,'CREDIT','INCREASE','806','퇴직보험충당부채','Allowance for employee retirement insurance',1,0,0,0,null,1),
(1,8,3,'CREDIT','INCREASE','807','장기미지급금','Long-term non-trade payables',1,1,0,0,null,1),
(1,8,1,'CREDIT','INCREASE','808','중소기업투자준비금','Reserve fund for minor biz. investment　',1,0,0,0,null,1),
(1,8,1,'CREDIT','INCREASE','809','연구인력개발준비금','Reserve fund for technology development',1,0,0,0,null,1),
(1,8,1,'CREDIT','INCREASE','810','해외시장개척준비금','Reserve fund for global market develop.',1,0,0,0,null,1),
(1,8,1,'CREDIT','INCREASE','811','지방이전준비금','Reserve fund for local transfer',1,0,0,0,null,1),
(1,8,1,'CREDIT','INCREASE','812','수출손실준비금','Reserve fund for export loss',1,0,0,0,null,1),
(1,8,2,'CREDIT','INCREASE','813','임직원등장기차입금','Long-term borrowings from stockholders',1,1,0,0,null,1),
(1,8,2,'CREDIT','INCREASE','814','관계회사장기차입금','Long-term borrowings from affiliated companies',1,1,0,0,null,1),
(1,8,2,'CREDIT','INCREASE','815','외화장기차입금','Long-term borrowings in foreign currency',1,1,0,0,null,1),
(1,8,3,'CREDIT','INCREASE','816','장기공사선수금','Long-term advances from construction contracts',1,1,0,0,null,1),
(1,8,3,'CREDIT','INCREASE','817','장기임대보증금','Long-term leasehold deposits received',1,1,0,0,null,1),
(1,8,8,'CREDIT','INCREASE','818','장기성지급어음','Long-term notes payable',1,1,0,0,null,1),
(1,8,3,'CREDIT','INCREASE','819','환율조정대','Exchange rate adjustment',1,1,0,0,null,1),
(1,8,3,'CREDIT','INCREASE','820','이연법인세부채','Deferred income tax liabilities　',1,1,0,0,null,1),
(1,8,6,'CREDIT','INCREASE','821','신주인수권부사채','Bonds with stock warrants',1,1,0,0,null,1),
(1,8,6,'CREDIT','INCREASE','822','전환사채','Convertible bonds',1,1,0,0,null,1),
(1,8,7,'CREDIT','INCREASE','823','사채할증발행차금','Premium on bonds payable',1,1,0,0,801,1),
(1,8,5,'CREDIT','INCREASE','824','장기제품보증부채','Long-term provision for product warranties in long-term liabilities',1,1,0,0,null,1),
(1,8,0,'CREDIT','INCREASE','825','사용자설정계정과목','User setup accounts',1,1,0,0,null,1),
(1,8,0,'CREDIT','INCREASE','826','사용자설정계정과목','User setup accounts',1,1,0,0,null,1),
(1,8,0,'CREDIT','INCREASE','827','사용자설정계정과목','User setup accounts',1,1,0,0,null,1),
(1,8,0,'CREDIT','INCREASE','828','사용자설정계정과목','User setup accounts',1,1,0,0,null,1),
(1,8,0,'CREDIT','INCREASE','829','사용자설정계정과목','User setup accounts',1,1,0,0,null,1),
(1,8,0,'CREDIT','INCREASE','830','사용자설정계정과목','User setup accounts',1,1,0,0,null,1),
(1,8,0,'CREDIT','INCREASE','831','사용자설정계정과목','User setup accounts',1,1,0,0,null,1),
(1,8,0,'CREDIT','INCREASE','832','사용자설정계정과목','User setup accounts',1,1,0,0,null,1),
(1,8,0,'CREDIT','INCREASE','833','사용자설정계정과목','User setup accounts',1,1,0,0,null,1),
(1,8,0,'CREDIT','INCREASE','834','사용자설정계정과목','User setup accounts',1,1,0,0,null,1),
(1,8,0,'CREDIT','INCREASE','835','사용자설정계정과목','User setup accounts',1,1,0,0,null,1),
(1,8,0,'CREDIT','INCREASE','836','사용자설정계정과목','User setup accounts',1,1,0,0,null,1),
(1,8,0,'CREDIT','INCREASE','837','사용자설정계정과목','User setup accounts',1,1,0,0,null,1),
(1,8,0,'CREDIT','INCREASE','838','사용자설정계정과목','User setup accounts',1,1,0,0,null,1),
(1,8,5,'CREDIT','INCREASE','839','퇴직연금충당부채','Allowance for retirement pension',1,0,0,0,null,1),
(1,8,5,'CREDIT','INCREASE','840','퇴직연금미지급금','Account payable for retirement pension ',1,0,0,0,null,1),
(1,9,1,'CREDIT','INCREASE','901','자본금','Capital Stock',1,0,0,0,null,1),
(1,9,1,'CREDIT','INCREASE','902','우선주자본금','Preferred stock',1,0,0,0,null,1),
(1,9,0,'CREDIT','INCREASE','903','사용자설정계정과목','User setup accounts',1,1,0,0,null,1),
(1,9,0,'CREDIT','INCREASE','904','사용자설정계정과목','User setup accounts',1,1,0,0,null,1),
(1,9,0,'CREDIT','INCREASE','905','사용자설정계정과목','User setup accounts',1,1,0,0,null,1),
(1,9,0,'CREDIT','INCREASE','906','사용자설정계정과목','User setup accounts',1,1,0,0,null,1),
(1,9,1,'CREDIT','INCREASE','907','출자금','Investment',1,0,0,0,null,1),
(1,9,1,'CREDIT','INCREASE','908','인출금','Drawings',1,0,0,0,null,1),
(1,9,0,'CREDIT','INCREASE','909','사용자설정계정과목','User setup accounts',1,1,0,0,null,1),
(1,9,0,'CREDIT','INCREASE','910','사용자설정계정과목','User setup accounts',1,1,0,0,null,1),
(1,10,1,'CREDIT','INCREASE','1001','주식발행초과금','Additional paid-in capital',1,0,0,0,null,1),
(1,10,1,'CREDIT','INCREASE','1002','감자차익','Gains on capital reduction',1,0,0,0,null,1),
(1,10,1,'CREDIT','INCREASE','1003','자기주식처분이익','Gains on sale of treasury stock',1,1,0,0,null,1),
(1,10,1,'CREDIT','INCREASE','1004','전환권대가','User setup accounts',1,1,0,0,null,1),
(1,10,1,'CREDIT','INCREASE','1005','신주인수권대가','User setup accounts',1,1,0,0,null,1),
(1,10,0,'CREDIT','INCREASE','1006','사용자설정계정과목','User setup accounts',1,1,0,0,null,1),
(1,10,0,'CREDIT','INCREASE','1007','사용자설정계정과목','User setup accounts',1,1,0,0,null,1),
(1,10,0,'CREDIT','INCREASE','1008','사용자설정계정과목','User setup accounts',1,1,0,0,null,1),
(1,10,1,'CREDIT','INCREASE','1009','기타자본잉여금','Other capital surplus',1,1,0,0,null,1),
(1,10,1,'CREDIT','INCREASE','1010','재평가적립금','Revaluation reserve',1,0,0,0,null,1),
(1,13,1,'CREDIT','INCREASE','1301','이익준비금','Legal reserve',1,0,0,0,null,1),
(1,13,1,'CREDIT','INCREASE','1302','기업합리화적립금','Reserve for business rationalization',1,0,0,0,null,1),
(1,13,1,'CREDIT','INCREASE','1303','법정적립금임의설정','Voluntary install for statutory reserves',1,1,0,0,null,1),
(1,13,1,'CREDIT','INCREASE','1304','재무구조개선적립금','Rsv for finance structural improvement',1,0,0,0,null,1),
(1,13,2,'CREDIT','INCREASE','1305','임의적립금','Voluntary reserves',1,0,0,0,null,1),
(1,13,2,'CREDIT','INCREASE','1306','사업확장적립금','Reserve for business expansion',1,1,0,0,null,1),
(1,13,2,'CREDIT','INCREASE','1307','감채적립금','Reserve for sinking funds',1,1,0,0,null,1),
(1,13,2,'CREDIT','INCREASE','1308','배당평균적립금','Reserve for dividend equalization',1,1,0,0,null,1),
(1,13,3,'CREDIT','INCREASE','1309','주식할인발행차상각','Amortization of discount on stk issuance',1,1,0,0,null,1),
(1,13,3,'CREDIT','INCREASE','1310','배당건설이자상각','Amortization of pre-operating dividends',1,1,0,0,null,1),
(1,13,3,'CREDIT','INCREASE','1311','상환주식의상환액','Redemption amt. of collable shares',1,1,0,0,null,1),
(1,13,3,'CREDIT','INCREASE','1312','자기주식처분손잔액','Gains on sales of treasury stock',1,1,0,0,null,1),
(1,13,2,'CREDIT','INCREASE','1313','중소기업투자준비금','Reserve fund for minor biz. investment　',1,1,0,0,null,1),
(1,13,2,'CREDIT','INCREASE','1314','연구인력개발준비금','Reserve fund for technology development',1,1,0,0,null,1),
(1,13,2,'CREDIT','INCREASE','1315','해외시장개척준비금','Reserve for overseas market development',1,1,0,0,null,1),
(1,13,2,'CREDIT','INCREASE','1316','지방이전준비금','Reserve fund for local transfer　',1,1,0,0,null,1),
(1,13,2,'CREDIT','INCREASE','1317','수출손실준비금','Reserve fund for export loss',1,1,0,0,null,1),
(1,13,2,'CREDIT','INCREASE','1318','기타임의적립금','Other voluntary reserves',1,1,0,0,null,1),
(1,13,3,'CREDIT','INCREASE','1319','회계변경의누적효과','Cumulative effects of accounting changes',1,0,0,0,null,1),
(1,13,3,'CREDIT','INCREASE','1320','전기오류수정이익','Gain on prior period error correction',1,0,0,0,null,1),
(1,13,3,'DEBIT','DECREASE','1321','전기오류수정손실','Loss on prior period error correction',1,0,0,0,null,1),
(1,13,3,'CREDIT','INCREASE','1322','중간배당금','Interim dividend',1,0,0,0,null,1),
(1,13,0,'CREDIT','INCREASE','1323','사용자설정계정과목','User setup accounts',1,1,0,0,null,1),
(1,13,3,'CREDIT','INCREASE','1324','기타이익잉여금','Oother retained earnings',1,0,0,0,null,1),
(1,13,4,'CREDIT','INCREASE','1325','이월이익잉여금','Unappropriated retained earnings',1,0,0,0,null,1),
(1,13,4,'DEBIT','INCREASE','1326','이월결손금','Accumulated deficit',1,0,0,0,null,1),
(1,13,4,'CREDIT','INCREASE','1327','미처분이익잉여금','Unappropriated retained earnings',1,0,0,0,null,1),
(1,13,4,'DEBIT','INCREASE','1328','미처리결손금','Undisposed deficit',1,0,0,0,null,1),
(1,13,4,'CREDIT','INCREASE','1329','당기순이익','Net income ',1,0,0,0,null,1),
(1,13,4,'DEBIT','INCREASE','1330','당기순손실','Net loss',1,0,0,0,null,1),
(1,11,4,'DEBIT','DECREASE','1101','주식할인발행차금','Discounts on capital stock',1,0,0,0,null,1),
(1,11,4,'DEBIT','DECREASE','1102','배당건설이자','Pre-operation dividends　',1,0,0,0,null,1),
(1,11,4,'DEBIT','DECREASE','1103','자기주식','Treasury stock',1,0,0,0,null,1),
(1,11,0,'CREDIT','INCREASE','1104','사용자설정계정과목','Government subsidy',1,1,0,0,null,1),
(1,11,0,'CREDIT','INCREASE','1105','사용자설정계정과목','User setup accounts',1,1,0,0,null,1),
(1,11,4,'DEBIT','DECREASE','1106','신주발행비','New share issuing expnses',1,0,0,0,null,1),
(1,11,3,'CREDIT','INCREASE','1107','미교부주식배당금','Didvidend payable',1,0,0,0,null,1),
(1,11,3,'CREDIT','INCREASE','1108','신주청약증거금','Capital stock subscribed',1,0,0,0,null,1),
(1,11,4,'DEBIT','DECREASE','1109','감자차손','Loss on capital reduction',1,1,0,0,null,1),
(1,11,4,'DEBIT','DECREASE','1110','자기주식처분손실','Loss on sale of treasury stock',1,1,0,0,null,1),
(1,11,3,'CREDIT','INCREASE','1111','주식매입선택권','Stock option',1,1,0,0,null,1),
(1,12,3,'CREDIT','INCREASE','1201','재평가차익','revaluation profit',1,1,0,0,null,1),
(1,12,0,'CREDIT','INCREASE','1202','사용자설정계정과목','revaluation loss',1,1,0,0,null,1),
(1,12,3,'CREDIT','INCREASE','1203','매도가능증권평가이익','Gains on Valuation of Marketable Securities',1,0,0,0,null,1),
(1,12,4,'DEBIT','DECREASE','1204','매도가능증권평가손실','Loss on valuation of marketable securities',1,0,0,0,null,1),
(1,12,3,'CREDIT','INCREASE','1205','해외사업환산이익','Cumulative profit of foreing currency translation',1,1,0,0,null,1),
(1,12,4,'DEBIT','DECREASE','1206','해외사업환산손실','Cumulative loss of foreing currency translation',1,1,0,0,null,1),
(1,12,3,'CREDIT','INCREASE','1207','파생상품평가이익','Gains on Valuation of Derivatives',1,1,0,0,null,1),
(1,12,4,'DEBIT','DECREASE','1208','파생상품평가손실','Loss on valuation of derivative products　',1,1,0,0,null,1),
(1,26,0,'CREDIT','INCREASE','2601','손익','Profit and loss',1,0,0,0,null,1),
(1,14,1,'CREDIT','INCREASE','1401','상품매출','Sales-merchandise',1,0,0,0,null,1),
(1,14,2,'DEBIT','DECREASE','1402','매출환입및에누리','Purchase returns',1,0,0,0,1401,1),
(1,14,3,'DEBIT','DECREASE','1403','매출할인','Purchase discount',1,0,0,0,1401,1),
(1,14,1,'CREDIT','INCREASE','1404','제품매출','Sales-finished goods',1,0,0,0,null,1),
(1,14,2,'DEBIT','DECREASE','1405','매출환입및에누리','Purchase returns',1,0,0,0,1404,1),
(1,14,3,'DEBIT','DECREASE','1406','매출할인','Purchase discount',1,0,0,0,1404,1),
(1,14,1,'CREDIT','INCREASE','1407','공사수입금','Revenues-construction',1,1,0,0,null,1),
(1,14,3,'DEBIT','DECREASE','1408','매출할인','Purchase discount',1,1,0,0,1407,1),
(1,14,1,'CREDIT','INCREASE','1409','완성건물매출','Completed building sales',1,0,0,0,null,1),
(1,14,3,'DEBIT','DECREASE','1410','매출할인','Purchase discount',1,0,0,0,1409,1),
(1,14,1,'CREDIT','INCREASE','1411','임대료수입','Revenues-rental',1,0,0,0,null,1),
(1,14,2,'DEBIT','DECREASE','1412','매출환입및에누리','User setup accounts',1,0,0,0,1411,1),
(1,14,3,'DEBIT','DECREASE','1413','매출할인','User setup accounts',1,0,0,0,1411,1),
(1,14,1,'CREDIT','INCREASE','1414','보관료수입','User setup accounts',1,0,0,0,null,1),
(1,14,2,'DEBIT','DECREASE','1415','매출환입및에누리','User setup accounts',1,0,0,0,1414,1),
(1,14,3,'DEBIT','DECREASE','1416','매출할인','User setup accounts',1,0,0,0,1414,1),
(1,14,1,'CREDIT','INCREASE','1417','운송료수입','User setup accounts',1,0,0,0,null,1),
(1,14,2,'DEBIT','DECREASE','1418','매출환입및에누리','User setup accounts',1,0,0,0,1417,1),
(1,14,3,'DEBIT','DECREASE','1419','매출할인','User setup accounts',1,0,0,0,1417,1),
(1,14,0,'CREDIT','INCREASE','1420','사용자설정계정과목','User setup accounts',1,1,0,0,null,1),
(1,14,0,'CREDIT','INCREASE','1421','사용자설정계정과목','User setup accounts',1,1,0,0,null,1),
(1,14,0,'CREDIT','INCREASE','1422','사용자설정계정과목','User setup accounts',1,1,0,0,null,1),
(1,14,0,'CREDIT','INCREASE','1423','사용자설정계정과목','User setup accounts',1,1,0,0,null,1),
(1,14,0,'CREDIT','INCREASE','1424','사용자설정계정과목','User setup accounts',1,1,0,0,null,1),
(1,14,0,'CREDIT','INCREASE','1425','사용자설정계정과목','User setup accounts',1,1,0,0,null,1),
(1,14,0,'CREDIT','INCREASE','1426','사용자설정계정과목','User setup accounts',1,1,0,0,null,1),
(1,14,0,'CREDIT','INCREASE','1427','사용자설정계정과목','User setup accounts',1,1,0,0,null,1),
(1,14,0,'CREDIT','INCREASE','1428','사용자설정계정과목','User setup accounts',1,1,0,0,null,1),
(1,14,0,'CREDIT','INCREASE','1429','사용자설정계정과목','User setup accounts',1,1,0,0,null,1),
(1,14,0,'CREDIT','INCREASE','1430','사용자설정계정과목','User setup accounts',1,1,0,0,null,1),
(1,15,3,'DEBIT','INCREASE','1501','상품매출원가','Cost of merchandise sold',1,0,0,0,201,1),
(1,15,1,'DEBIT','INCREASE','1502','도급공사매출원가','Contract construction sales cost',1,0,0,0,null,1),
(1,15,4,'DEBIT','INCREASE','1503','분양공사매출원가','Lotting out construction sales cost',1,0,0,0,207,1),
(1,15,0,'DEBIT','INCREASE','1504','사용자설정계정과목','Manufacture',1,1,0,0,null,1),
(1,15,2,'DEBIT','INCREASE','1505','제품매출원가','Cost of goods sold',1,0,0,0,205,1),
(1,15,0,'DEBIT','INCREASE','1506','사용자설정계정과목','Housing production',1,1,0,0,null,1),
(1,15,1,'DEBIT','INCREASE','1507','보관매출원가','User setup accounts',1,0,0,0,null,1),
(1,15,1,'DEBIT','INCREASE','1508','운송매출원가','User setup accounts',1,0,0,0,null,1),
(1,15,0,'DEBIT','INCREASE','1509','사용자설정계정과목','User setup accounts',1,1,0,0,null,1),
(1,15,0,'DEBIT','INCREASE','1510','사용자설정계정과목','User setup accounts',1,1,0,0,null,1),
(1,15,0,'DEBIT','INCREASE','1511','사용자설정계정과목','User setup accounts',1,1,0,0,null,1),
(1,15,0,'DEBIT','INCREASE','1512','사용자설정계정과목','User setup accounts',1,1,0,0,null,1),
(1,15,0,'DEBIT','INCREASE','1513','사용자설정계정과목','User setup accounts',1,1,0,0,null,1),
(1,15,0,'DEBIT','INCREASE','1514','사용자설정계정과목','User setup accounts',1,1,0,0,null,1),
(1,15,0,'DEBIT','INCREASE','1515','사용자설정계정과목','User setup accounts',1,1,0,0,null,1),
(1,15,0,'DEBIT','INCREASE','1516','사용자설정계정과목','User setup accounts',1,1,0,0,null,1),
(1,15,0,'DEBIT','INCREASE','1517','사용자설정계정과목','User setup accounts',1,1,0,0,null,1),
(1,15,0,'DEBIT','INCREASE','1518','사용자설정계정과목','User setup accounts',1,1,0,0,null,1),
(1,15,0,'DEBIT','INCREASE','1519','사용자설정계정과목','User setup accounts',1,1,0,0,null,1),
(1,15,0,'DEBIT','INCREASE','1520','사용자설정계정과목','User setup accounts',1,1,0,0,null,1),
(1,16,1,'DEBIT','INCREASE','1601','원재료비','Raw material cost',1,0,0,0,208,1),
(1,16,2,'DEBIT','INCREASE','1602','부재료비','Sub-material cost',1,0,0,0,217,1),
(1,16,3,'DEBIT','INCREASE','1603','급여','Salaries expenses',1,1,0,0,null,1),
(1,16,3,'DEBIT','INCREASE','1604','임금','Wage',1,1,0,0,null,1),
(1,16,3,'DEBIT','INCREASE','1605','상여금','bonuses',1,1,0,0,null,1),
(1,16,3,'DEBIT','INCREASE','1606','제수당','Miscellaneous benefits',1,1,0,0,null,1),
(1,16,3,'DEBIT','INCREASE','1607','잡급','Miscellaneous salaries',1,1,0,0,null,1),
(1,16,4,'DEBIT','INCREASE','1608','퇴직급여','Retirement benefits',1,0,0,0,null,1),
(1,16,4,'DEBIT','INCREASE','1609','퇴직보험충당금전입','Transfer to reserve for retirement insurance allowances',1,0,0,0,null,1),
(1,16,0,'DEBIT','INCREASE','1610','사용자설정계정과목','Retirement benefits',1,1,0,0,null,1),
(1,16,5,'DEBIT','INCREASE','1611','복리후생비','Employee benefits',1,1,0,0,null,1),
(1,16,5,'DEBIT','INCREASE','1612','여비교통비','Travel expenses',1,1,0,0,null,1),
(1,16,5,'DEBIT','INCREASE','1613','기업업무추진비','Entertainment expenses',1,0,0,0,null,1),
(1,16,5,'DEBIT','INCREASE','1614','통신비','Communication expenses',1,1,0,0,null,1),
(1,16,5,'DEBIT','INCREASE','1615','가스수도료','Water and gas',1,1,0,0,null,1),
(1,16,5,'DEBIT','INCREASE','1616','전력비','Electricity',1,1,0,0,null,1),
(1,16,5,'DEBIT','INCREASE','1617','세금과공과','Taxes and dues',1,1,0,0,null,1),
(1,16,5,'DEBIT','INCREASE','1618','감가상각비','Depreciation expenses',1,0,0,0,null,1),
(1,16,5,'DEBIT','INCREASE','1619','임차료','Rental expenses',1,1,0,0,null,1),
(1,16,5,'DEBIT','INCREASE','1620','수선비','Repairs expenses',1,1,0,0,null,1),
(1,16,5,'DEBIT','INCREASE','1621','보험료','Insurance premium',1,1,0,0,null,1),
(1,16,5,'DEBIT','INCREASE','1622','차량유지비','Vehicles maintenance expenses',1,1,0,0,null,1),
(1,16,5,'DEBIT','INCREASE','1623','경상연구개발비','Research & development expenses',1,1,0,0,null,1),
(1,16,5,'DEBIT','INCREASE','1624','운반비','Freight expenses',1,1,0,0,null,1),
(1,16,5,'DEBIT','INCREASE','1625','교육훈련비','Training expenses',1,1,0,0,null,1),
(1,16,5,'DEBIT','INCREASE','1626','도서인쇄비','Publication expenses',1,1,0,0,null,1),
(1,16,5,'DEBIT','INCREASE','1627','회의비','Convention expenses',1,1,0,0,null,1),
(1,16,5,'DEBIT','INCREASE','1628','포장비','Packaging expenses',1,1,0,0,null,1),
(1,16,5,'DEBIT','INCREASE','1629','사무용품비','Office supplies ',1,1,0,0,null,1),
(1,16,5,'DEBIT','INCREASE','1630','소모품비','Supplies expenses',1,1,0,0,null,1),
(1,16,5,'DEBIT','INCREASE','1631','수수료비용','Service fees',1,1,0,0,null,1),
(1,16,5,'DEBIT','INCREASE','1632','보관료','Custody charges',1,1,0,0,null,1),
(1,16,5,'DEBIT','INCREASE','1633','외주가공비','Outsourcing processing expenses',1,1,0,0,null,1),
(1,16,5,'DEBIT','INCREASE','1634','시험비','Examination fees',1,1,0,0,null,1),
(1,16,5,'DEBIT','INCREASE','1635','기밀비','Promotional expenses',1,1,0,0,null,1),
(1,16,5,'DEBIT','INCREASE','1636','잡비','Miscellaneous expenses',1,1,0,0,null,1),
(1,16,0,'DEBIT','INCREASE','1637','사용자설정계정과목','User setup accounts',1,1,0,0,null,1),
(1,16,0,'DEBIT','INCREASE','1638','사용자설정계정과목','User setup accounts',1,1,0,0,null,1),
(1,16,0,'DEBIT','INCREASE','1639','사용자설정계정과목','User setup accounts',1,1,0,0,null,1),
(1,16,0,'DEBIT','INCREASE','1640','사용자설정계정과목','User setup accounts',1,1,0,0,null,1),
(1,16,0,'DEBIT','INCREASE','1641','사용자설정계정과목','User setup accounts',1,1,0,0,null,1),
(1,16,0,'DEBIT','INCREASE','1642','사용자설정계정과목','User setup accounts',1,1,0,0,null,1),
(1,16,0,'DEBIT','INCREASE','1643','사용자설정계정과목','User setup accounts',1,1,0,0,null,1),
(1,16,0,'DEBIT','INCREASE','1644','사용자설정계정과목','User setup accounts',1,1,0,0,null,1),
(1,16,0,'DEBIT','INCREASE','1645','사용자설정계정과목','User setup accounts',1,1,0,0,null,1),
(1,16,0,'DEBIT','INCREASE','1646','사용자설정계정과목','User setup accounts',1,1,0,0,null,1),
(1,16,0,'DEBIT','INCREASE','1647','사용자설정계정과목','User setup accounts',1,1,0,0,null,1),
(1,16,0,'DEBIT','INCREASE','1648','사용자설정계정과목','User setup accounts',1,1,0,0,null,1),
(1,16,4,'DEBIT','INCREASE','1649','명예퇴직금','Early retirement benefit',1,1,0,0,null,1),
(1,16,4,'DEBIT','INCREASE','1650','퇴직연금충당금전입','User setup accounts',1,0,0,0,null,1),
(1,16,0,'DEBIT','INCREASE','1651','사용자설정계정과목','User setup accounts',1,1,0,0,null,1),
(1,16,0,'DEBIT','INCREASE','1652','사용자설정계정과목','User setup accounts',1,1,0,0,null,1),
(1,16,0,'DEBIT','INCREASE','1653','사용자설정계정과목','User setup accounts',1,1,0,0,null,1),
(1,16,0,'DEBIT','INCREASE','1654','사용자설정계정과목','User setup accounts',1,1,0,0,null,1),
(1,16,0,'DEBIT','INCREASE','1655','사용자설정계정과목','User setup accounts',1,1,0,0,null,1),
(1,16,0,'DEBIT','INCREASE','1656','사용자설정계정과목','User setup accounts',1,1,0,0,null,1),
(1,16,0,'DEBIT','INCREASE','1657','사용자설정계정과목','User setup accounts',1,1,0,0,null,1),
(1,16,0,'DEBIT','INCREASE','1658','사용자설정계정과목','User setup accounts',1,1,0,0,null,1),
(1,16,0,'DEBIT','INCREASE','1659','사용자설정계정과목','User setup accounts',1,1,0,0,null,1),
(1,16,0,'DEBIT','INCREASE','1660','사용자설정계정과목','User setup accounts',1,1,0,0,null,1),
(1,16,0,'DEBIT','INCREASE','1661','사용자설정계정과목','User setup accounts',1,1,0,0,null,1),
(1,16,0,'DEBIT','INCREASE','1662','사용자설정계정과목','User setup accounts',1,1,0,0,null,1),
(1,16,0,'DEBIT','INCREASE','1663','사용자설정계정과목','User setup accounts',1,1,0,0,null,1),
(1,16,0,'DEBIT','INCREASE','1664','사용자설정계정과목','User setup accounts',1,1,0,0,null,1),
(1,16,0,'DEBIT','INCREASE','1665','사용자설정계정과목','User setup accounts',1,1,0,0,null,1),
(1,16,0,'DEBIT','INCREASE','1666','사용자설정계정과목','User setup accounts',1,1,0,0,null,1),
(1,16,0,'DEBIT','INCREASE','1667','사용자설정계정과목','User setup accounts',1,1,0,0,null,1),
(1,16,0,'DEBIT','INCREASE','1668','사용자설정계정과목','User setup accounts',1,1,0,0,null,1),
(1,16,0,'DEBIT','INCREASE','1669','사용자설정계정과목','User setup accounts',1,1,0,0,null,1),
(1,16,0,'DEBIT','INCREASE','1670','사용자설정계정과목','User setup accounts',1,1,0,0,null,1),
(1,16,0,'DEBIT','INCREASE','1671','사용자설정계정과목','User setup accounts',1,1,0,0,null,1),
(1,16,0,'DEBIT','INCREASE','1672','사용자설정계정과목','User setup accounts',1,1,0,0,null,1),
(1,16,0,'DEBIT','INCREASE','1673','사용자설정계정과목','User setup accounts',1,1,0,0,null,1),
(1,16,0,'DEBIT','INCREASE','1674','사용자설정계정과목','User setup accounts',1,1,0,0,null,1),
(1,16,0,'DEBIT','INCREASE','1675','사용자설정계정과목','User setup accounts',1,1,0,0,null,1),
(1,16,0,'DEBIT','INCREASE','1676','사용자설정계정과목','User setup accounts',1,1,0,0,null,1),
(1,16,0,'DEBIT','INCREASE','1677','사용자설정계정과목','User setup accounts',1,1,0,0,null,1),
(1,16,0,'DEBIT','INCREASE','1678','사용자설정계정과목','User setup accounts',1,1,0,0,null,1),
(1,16,0,'DEBIT','INCREASE','1679','사용자설정계정과목','User setup accounts',1,1,0,0,null,1),
(1,16,0,'DEBIT','INCREASE','1680','사용자설정계정과목','User setup accounts',1,1,0,0,null,1),
(1,16,0,'DEBIT','INCREASE','1681','사용자설정계정과목','User setup accounts',1,1,0,0,null,1),
(1,16,0,'DEBIT','INCREASE','1682','사용자설정계정과목','User setup accounts',1,1,0,0,null,1),
(1,16,0,'DEBIT','INCREASE','1683','사용자설정계정과목','User setup accounts',1,1,0,0,null,1),
(1,16,0,'DEBIT','INCREASE','1684','사용자설정계정과목','User setup accounts',1,1,0,0,null,1),
(1,16,0,'DEBIT','INCREASE','1685','사용자설정계정과목','User setup accounts',1,1,0,0,null,1),
(1,16,0,'DEBIT','INCREASE','1686','사용자설정계정과목','User setup accounts',1,1,0,0,null,1),
(1,16,0,'DEBIT','INCREASE','1687','사용자설정계정과목','User setup accounts',1,1,0,0,null,1),
(1,16,0,'DEBIT','INCREASE','1688','사용자설정계정과목','User setup accounts',1,1,0,0,null,1),
(1,16,0,'DEBIT','INCREASE','1689','사용자설정계정과목','User setup accounts',1,1,0,0,null,1),
(1,16,0,'DEBIT','INCREASE','1690','사용자설정계정과목','User setup accounts',1,1,0,0,null,1),
(1,16,0,'DEBIT','INCREASE','1691','사용자설정계정과목','User setup accounts',1,1,0,0,null,1),
(1,16,0,'DEBIT','INCREASE','1692','사용자설정계정과목','User setup accounts',1,1,0,0,null,1),
(1,16,0,'DEBIT','INCREASE','1693','사용자설정계정과목','User setup accounts',1,1,0,0,null,1),
(1,16,0,'DEBIT','INCREASE','1694','사용자설정계정과목','User setup accounts',1,1,0,0,null,1),
(1,16,0,'DEBIT','INCREASE','1695','사용자설정계정과목','User setup accounts',1,1,0,0,null,1),
(1,16,0,'DEBIT','INCREASE','1696','사용자설정계정과목','User setup accounts',1,1,0,0,null,1),
(1,16,0,'DEBIT','INCREASE','1697','사용자설정계정과목','User setup accounts',1,1,0,0,null,1),
(1,16,0,'DEBIT','INCREASE','1698','사용자설정계정과목','User setup accounts',1,1,0,0,null,1),
(1,16,0,'DEBIT','INCREASE','1699','사용자설정계정과목','User setup accounts',1,1,0,0,null,1),
(1,16,0,'DEBIT','INCREASE','1700','사용자설정계정과목','User setup accounts',1,1,0,0,null,1),
(1,17,1,'DEBIT','INCREASE','1701','원재료비','Raw material cost',1,0,0,0,211,1),
(1,17,6,'DEBIT','INCREASE','1702','외주비','Outsourcing cost',1,0,0,0,null,1),
(1,17,3,'DEBIT','INCREASE','1703','급여','Salaries expenses',1,1,0,0,null,1),
(1,17,3,'DEBIT','INCREASE','1704','임금','Wage',1,1,0,0,null,1),
(1,17,3,'DEBIT','INCREASE','1705','상여금','bonuses',1,1,0,0,null,1),
(1,17,3,'DEBIT','INCREASE','1706','제수당','Miscellaneous benefits',1,1,0,0,null,1),
(1,17,4,'DEBIT','INCREASE','1707','퇴직급여','Miscellaneous salaries',1,0,0,0,null,1),
(1,17,4,'DEBIT','INCREASE','1708','퇴직보험충당금전입','Retirement benefits',1,0,0,0,null,1),
(1,17,0,'DEBIT','INCREASE','1709','사용자설정계정과목','Transfer to reserve for retirement insurance allowances',1,1,0,0,null,1),
(1,17,6,'DEBIT','INCREASE','1710','중기및운반비','Heavy machinery and delivery expenses',1,0,0,0,null,1),
(1,17,5,'DEBIT','INCREASE','1711','복리후생비','Employee benefits',1,1,0,0,null,1),
(1,17,5,'DEBIT','INCREASE','1712','여비교통비','Travel expenses',1,1,0,0,null,1),
(1,17,5,'DEBIT','INCREASE','1713','기업업무추진비','Entertainment expenses',1,0,0,0,null,1),
(1,17,5,'DEBIT','INCREASE','1714','통신비','Communication expenses',1,1,0,0,null,1),
(1,17,5,'DEBIT','INCREASE','1715','가스수도료','Water and gas',1,1,0,0,null,1),
(1,17,5,'DEBIT','INCREASE','1716','전력비','Electricity',1,1,0,0,null,1),
(1,17,5,'DEBIT','INCREASE','1717','세금과공과','Taxes and dues',1,1,0,0,null,1),
(1,17,5,'DEBIT','INCREASE','1718','감가상각비','Depreciation expenses',1,0,0,0,null,1),
(1,17,5,'DEBIT','INCREASE','1719','임차료','Rental expenses',1,1,0,0,null,1),
(1,17,5,'DEBIT','INCREASE','1720','수선비','Repairs expenses',1,1,0,0,null,1),
(1,17,5,'DEBIT','INCREASE','1721','보험료','Insurance premium',1,1,0,0,null,1),
(1,17,5,'DEBIT','INCREASE','1722','차량유지비','Vehicles maintenance expenses',1,1,0,0,null,1),
(1,17,5,'DEBIT','INCREASE','1723','운반비','Freight expenses',1,1,0,0,null,1),
(1,17,5,'DEBIT','INCREASE','1724','잡자재대','Miscellaneous materials',1,1,0,0,null,1),
(1,17,5,'DEBIT','INCREASE','1725','교육훈련비','Training expenses',1,1,0,0,null,1),
(1,17,5,'DEBIT','INCREASE','1726','도서인쇄비','Publication expenses',1,1,0,0,null,1),
(1,17,5,'DEBIT','INCREASE','1727','하자보수비','Warranty expenses',1,1,0,0,null,1),
(1,17,5,'DEBIT','INCREASE','1728','포장비','Packaging expenses',1,1,0,0,null,1),
(1,17,5,'DEBIT','INCREASE','1729','사무용품비','Office supplies ',1,1,0,0,null,1),
(1,17,5,'DEBIT','INCREASE','1730','소모품비','Supplies expenses',1,1,0,0,null,1),
(1,17,5,'DEBIT','INCREASE','1731','수수료비용','Service fees',1,1,0,0,null,1),
(1,17,5,'DEBIT','INCREASE','1732','보관료','Custody charges',1,1,0,0,null,1),
(1,17,5,'DEBIT','INCREASE','1733','외주가공비','Outsourcing processing expenses',1,1,0,0,null,1),
(1,17,5,'DEBIT','INCREASE','1734','장비사용료','Equipment rental fee',1,1,0,0,null,1),
(1,17,5,'DEBIT','INCREASE','1735','설계용역비','Design service charges',1,1,0,0,null,1),
(1,17,5,'DEBIT','INCREASE','1736','광고선전비','Advertising expenses',1,1,0,0,null,1),
(1,17,5,'DEBIT','INCREASE','1737','소모공구비','Consumable tool expeneses',1,1,0,0,null,1),
(1,17,5,'DEBIT','INCREASE','1738','외주공사비','Outsourcing construction expenses',1,1,0,0,null,1),
(1,17,5,'DEBIT','INCREASE','1739','협회비','Association expenses',1,1,0,0,null,1),
(1,17,5,'DEBIT','INCREASE','1740','잡비','Miscellaneous expenses',1,1,0,0,null,1),
(1,17,6,'DEBIT','INCREASE','1741','공사손실충당금전입','Provision for construction loss',1,0,0,0,null,1),
(1,17,6,'CREDIT','DECREASE','1742','공사손실충당금환입','Return allowance for costruction loss',1,0,0,0,null,1),
(1,17,0,'DEBIT','INCREASE','1743','사용자설정계정과목','User setup accounts',1,1,0,0,null,1),
(1,17,0,'DEBIT','INCREASE','1744','사용자설정계정과목','User setup accounts',1,1,0,0,null,1),
(1,17,0,'DEBIT','INCREASE','1745','사용자설정계정과목','User setup accounts',1,1,0,0,null,1),
(1,17,0,'DEBIT','INCREASE','1746','사용자설정계정과목','User setup accounts',1,1,0,0,null,1),
(1,17,0,'DEBIT','INCREASE','1747','사용자설정계정과목','User setup accounts',1,1,0,0,null,1),
(1,17,0,'DEBIT','INCREASE','1748','사용자설정계정과목','User setup accounts',1,1,0,0,null,1),
(1,17,4,'DEBIT','INCREASE','1749','명예퇴직금','Early retirement benefit',1,1,0,0,null,1),
(1,17,4,'DEBIT','INCREASE','1750','퇴직연금충당금전입','User setup accounts',1,0,0,0,null,1),
(1,18,0,'DEBIT','INCREASE','1801','사용자설정계정과목','User setup accounts',1,1,0,0,null,1),
(1,18,0,'DEBIT','INCREASE','1802','사용자설정계정과목','User setup accounts',1,1,0,0,null,1),
(1,18,3,'DEBIT','INCREASE','1803','급여','User setup accounts',1,1,0,0,null,1),
(1,18,3,'DEBIT','INCREASE','1804','임금','User setup accounts',1,1,0,0,null,1),
(1,18,3,'DEBIT','INCREASE','1805','상여금','User setup accounts',1,1,0,0,null,1),
(1,18,0,'DEBIT','INCREASE','1806','사용자설정계정과목','User setup accounts',1,1,0,0,null,1),
(1,18,4,'DEBIT','INCREASE','1807','퇴직급여','User setup accounts',1,0,0,0,null,1),
(1,18,0,'DEBIT','INCREASE','1808','사용자설정계정과목','User setup accounts',1,1,0,0,null,1),
(1,18,0,'DEBIT','INCREASE','1809','사용자설정계정과목','User setup accounts',1,1,0,0,null,1),
(1,18,0,'DEBIT','INCREASE','1810','사용자설정계정과목','User setup accounts',1,1,0,0,null,1),
(1,18,5,'DEBIT','INCREASE','1811','복리후생비','User setup accounts',1,1,0,0,null,1),
(1,18,5,'DEBIT','INCREASE','1812','여비교통비','User setup accounts',1,1,0,0,null,1),
(1,18,5,'DEBIT','INCREASE','1813','기업업무추진비','User setup accounts',1,0,0,0,null,1),
(1,18,5,'DEBIT','INCREASE','1814','통신비','User setup accounts',1,1,0,0,null,1),
(1,18,5,'DEBIT','INCREASE','1815','가스수도료','User setup accounts',1,1,0,0,null,1),
(1,18,5,'DEBIT','INCREASE','1816','전력비','User setup accounts',1,1,0,0,null,1),
(1,18,5,'DEBIT','INCREASE','1817','세금과공과','User setup accounts',1,1,0,0,null,1),
(1,18,5,'DEBIT','INCREASE','1818','감가상각비','User setup accounts',1,0,0,0,null,1),
(1,18,5,'DEBIT','INCREASE','1819','임차료','User setup accounts',1,1,0,0,null,1),
(1,18,5,'DEBIT','INCREASE','1820','수선비','User setup accounts',1,1,0,0,null,1),
(1,18,5,'DEBIT','INCREASE','1821','보험료','User setup accounts',1,1,0,0,null,1),
(1,18,5,'DEBIT','INCREASE','1822','차량유지비','User setup accounts',1,1,0,0,null,1),
(1,18,5,'DEBIT','INCREASE','1823','운반비','User setup accounts',1,1,0,0,null,1),
(1,18,0,'DEBIT','INCREASE','1824','사용자설정계정과목','User setup accounts',1,1,0,0,null,1),
(1,18,5,'DEBIT','INCREASE','1825','교육훈련비','User setup accounts',1,1,0,0,null,1),
(1,18,5,'DEBIT','INCREASE','1826','도서인쇄비','User setup accounts',1,1,0,0,null,1),
(1,18,0,'DEBIT','INCREASE','1827','사용자설정계정과목','User setup accounts',1,1,0,0,null,1),
(1,18,0,'DEBIT','INCREASE','1828','사용자설정계정과목','User setup accounts',1,1,0,0,null,1),
(1,18,5,'DEBIT','INCREASE','1829','사무용품비','User setup accounts',1,1,0,0,null,1),
(1,18,5,'DEBIT','INCREASE','1830','소모품비','User setup accounts',1,1,0,0,null,1),
(1,18,4,'DEBIT','INCREASE','1831','퇴직연금충당금전입','User setup accounts',1,0,0,0,null,1),
(1,18,0,'DEBIT','INCREASE','1832','사용자설정계정과목','User setup accounts',1,1,0,0,null,1),
(1,18,0,'DEBIT','INCREASE','1833','사용자설정계정과목','User setup accounts',1,1,0,0,null,1),
(1,18,0,'DEBIT','INCREASE','1834','사용자설정계정과목','User setup accounts',1,1,0,0,null,1),
(1,18,0,'DEBIT','INCREASE','1835','사용자설정계정과목','User setup accounts',1,1,0,0,null,1),
(1,18,0,'DEBIT','INCREASE','1836','사용자설정계정과목','User setup accounts',1,1,0,0,null,1),
(1,18,0,'DEBIT','INCREASE','1837','사용자설정계정과목','User setup accounts',1,1,0,0,null,1),
(1,18,0,'DEBIT','INCREASE','1838','사용자설정계정과목','User setup accounts',1,1,0,0,null,1),
(1,18,0,'DEBIT','INCREASE','1839','사용자설정계정과목','User setup accounts',1,1,0,0,null,1),
(1,18,0,'DEBIT','INCREASE','1840','사용자설정계정과목','User setup accounts',1,1,0,0,null,1),
(1,18,0,'DEBIT','INCREASE','1841','사용자설정계정과목','User setup accounts',1,1,0,0,null,1),
(1,18,0,'DEBIT','INCREASE','1842','사용자설정계정과목','User setup accounts',1,1,0,0,null,1),
(1,18,0,'DEBIT','INCREASE','1843','사용자설정계정과목','User setup accounts',1,1,0,0,null,1),
(1,18,0,'DEBIT','INCREASE','1844','사용자설정계정과목','User setup accounts',1,1,0,0,null,1),
(1,18,0,'DEBIT','INCREASE','1845','사용자설정계정과목','User setup accounts',1,1,0,0,null,1),
(1,18,0,'DEBIT','INCREASE','1846','사용자설정계정과목','User setup accounts',1,1,0,0,null,1),
(1,18,0,'DEBIT','INCREASE','1847','사용자설정계정과목','User setup accounts',1,1,0,0,null,1),
(1,18,0,'DEBIT','INCREASE','1848','사용자설정계정과목','User setup accounts',1,1,0,0,null,1),
(1,18,0,'DEBIT','INCREASE','1849','사용자설정계정과목','User setup accounts',1,1,0,0,null,1),
(1,18,0,'DEBIT','INCREASE','1850','사용자설정계정과목','User setup accounts',1,1,0,0,null,1),
(1,19,1,'DEBIT','INCREASE','1901','원재료비','Raw material cost',1,0,0,0,214,1),
(1,19,6,'DEBIT','INCREASE','1902','중기및운반비','Heavy machinery and delivery expenses',1,0,0,0,null,1),
(1,19,3,'DEBIT','INCREASE','1903','급여','Salaries expenses',1,1,0,0,null,1),
(1,19,3,'DEBIT','INCREASE','1904','임금','Wage',1,1,0,0,null,1),
(1,19,3,'DEBIT','INCREASE','1905','상여금','bonuses',1,1,0,0,null,1),
(1,19,3,'DEBIT','INCREASE','1906','제수당','Miscellaneous benefits',1,1,0,0,null,1),
(1,19,4,'DEBIT','INCREASE','1907','퇴직급여','Miscellaneous salaries',1,0,0,0,null,1),
(1,19,4,'DEBIT','INCREASE','1908','퇴직보험충당금전입','Retirement benefits',1,0,0,0,null,1),
(1,19,4,'DEBIT','INCREASE','1909','사용자설정계정과목','Transfer to reserve for retirement insurance allowances',1,1,0,0,null,1),
(1,19,6,'DEBIT','INCREASE','1910','건설용지비','Construction site expenses',1,0,0,0,220,1),
(1,19,5,'DEBIT','INCREASE','1911','복리후생비','Employee benefits',1,1,0,0,null,1),
(1,19,5,'DEBIT','INCREASE','1912','여비교통비','Travel expenses',1,1,0,0,null,1),
(1,19,5,'DEBIT','INCREASE','1913','기업업무추진비','Entertainment expenses',1,0,0,0,null,1),
(1,19,5,'DEBIT','INCREASE','1914','통신비','Communication expenses',1,1,0,0,null,1),
(1,19,5,'DEBIT','INCREASE','1915','가스수도료','Water and gas',1,1,0,0,null,1),
(1,19,5,'DEBIT','INCREASE','1916','전력비','Electricity',1,1,0,0,null,1),
(1,19,5,'DEBIT','INCREASE','1917','세금과공과','Taxes and dues',1,1,0,0,null,1),
(1,19,5,'DEBIT','INCREASE','1918','감가상각비','Depreciation expenses',1,0,0,0,null,1),
(1,19,5,'DEBIT','INCREASE','1919','임차료','Rental expenses',1,1,0,0,null,1),
(1,19,5,'DEBIT','INCREASE','1920','수선비','Repairs expenses',1,1,0,0,null,1),
(1,19,5,'DEBIT','INCREASE','1921','보험료','Insurance premium',1,1,0,0,null,1),
(1,19,5,'DEBIT','INCREASE','1922','차량유지비','Vehicles maintenance expenses',1,1,0,0,null,1),
(1,19,5,'DEBIT','INCREASE','1923','경상연구개발비','Research & development expenses',1,1,0,0,null,1),
(1,19,5,'DEBIT','INCREASE','1924','잡자재대','Miscellaneous materials',1,1,0,0,null,1),
(1,19,5,'DEBIT','INCREASE','1925','교육훈련비','Training expenses',1,1,0,0,null,1),
(1,19,5,'DEBIT','INCREASE','1926','도서인쇄비','Publication expenses',1,1,0,0,null,1),
(1,19,5,'DEBIT','INCREASE','1927','회의비','Convention expenses',1,1,0,0,null,1),
(1,19,5,'DEBIT','INCREASE','1928','포장비','Packaging expenses',1,1,0,0,null,1),
(1,19,5,'DEBIT','INCREASE','1929','사무용품비','Office supplies ',1,1,0,0,null,1),
(1,19,5,'DEBIT','INCREASE','1930','소모품비','Supplies expenses',1,1,0,0,null,1),
(1,19,5,'DEBIT','INCREASE','1931','수수료비용','Service fees',1,1,0,0,null,1),
(1,19,5,'DEBIT','INCREASE','1932','보관료','Custody charges',1,1,0,0,null,1),
(1,19,5,'DEBIT','INCREASE','1933','외주가공비','Outsourcing processing expenses',1,1,0,0,null,1),
(1,19,5,'DEBIT','INCREASE','1934','시험비','Examination fees',1,1,0,0,null,1),
(1,19,5,'DEBIT','INCREASE','1935','설계용역비','Design service charges',1,1,0,0,null,1),
(1,19,5,'DEBIT','INCREASE','1936','가설재손료','Temporary loss',1,1,0,0,null,1),
(1,19,5,'DEBIT','INCREASE','1937','잡비','Consumable tool expeneses',1,1,0,0,null,1),
(1,19,0,'DEBIT','INCREASE','1938','사용자설정계정과목','User setup accounts',1,1,0,0,null,1),
(1,19,0,'DEBIT','INCREASE','1939','사용자설정계정과목','User setup accounts',1,1,0,0,null,1),
(1,19,0,'DEBIT','INCREASE','1940','사용자설정계정과목','User setup accounts',1,1,0,0,null,1),
(1,19,6,'DEBIT','INCREASE','1941','공사손실충당금전입','Provision for construction loss',1,0,0,0,null,1),
(1,19,6,'CREDIT','DECREASE','1942','공사손실충당금환입','Return allowance for costruction loss',1,0,0,0,null,1),
(1,19,6,'DEBIT','INCREASE','1943','외주비','Outsourcing processing expenses',1,0,0,0,null,1),
(1,19,0,'DEBIT','INCREASE','1944','사용자설정계정과목','User setup accounts',1,1,0,0,null,1),
(1,19,0,'DEBIT','INCREASE','1945','사용자설정계정과목','User setup accounts',1,1,0,0,null,1),
(1,19,0,'DEBIT','INCREASE','1946','사용자설정계정과목','User setup accounts',1,1,0,0,null,1),
(1,19,0,'DEBIT','INCREASE','1947','사용자설정계정과목','User setup accounts',1,1,0,0,null,1),
(1,19,0,'DEBIT','INCREASE','1948','사용자설정계정과목','User setup accounts',1,1,0,0,null,1),
(1,19,4,'DEBIT','INCREASE','1949','명예퇴직금','Early retirement benefit',1,1,0,0,null,1),
(1,19,4,'DEBIT','INCREASE','1950','퇴직연금충당금전입','User setup accounts',1,0,0,0,null,1),
(1,20,1,'DEBIT','INCREASE','2001','유류비','User setup accounts',1,0,0,0,227,1),
(1,20,0,'DEBIT','INCREASE','2002','사용자설정계정과목','User setup accounts',1,1,0,0,null,1),
(1,20,3,'DEBIT','INCREASE','2003','급여','User setup accounts',1,1,0,0,null,1),
(1,20,3,'DEBIT','INCREASE','2004','임금','User setup accounts',1,1,0,0,null,1),
(1,20,3,'DEBIT','INCREASE','2005','상여금','User setup accounts',1,1,0,0,null,1),
(1,20,0,'DEBIT','INCREASE','2006','사용자설정계정과목','User setup accounts',1,1,0,0,null,1),
(1,20,4,'DEBIT','INCREASE','2007','퇴직급여','User setup accounts',1,0,0,0,null,1),
(1,20,0,'DEBIT','INCREASE','2008','사용자설정계정과목','User setup accounts',1,1,0,0,null,1),
(1,20,0,'DEBIT','INCREASE','2009','사용자설정계정과목','User setup accounts',1,1,0,0,null,1),
(1,20,0,'DEBIT','INCREASE','2010','사용자설정계정과목','User setup accounts',1,1,0,0,null,1),
(1,20,5,'DEBIT','INCREASE','2011','복리후생비','User setup accounts',1,1,0,0,null,1),
(1,20,5,'DEBIT','INCREASE','2012','여비교통비','User setup accounts',1,1,0,0,null,1),
(1,20,5,'DEBIT','INCREASE','2013','기업업무추진비','User setup accounts',1,0,0,0,null,1),
(1,20,5,'DEBIT','INCREASE','2014','통신비','User setup accounts',1,1,0,0,null,1),
(1,20,5,'DEBIT','INCREASE','2015','가스수도비','User setup accounts',1,1,0,0,null,1),
(1,20,5,'DEBIT','INCREASE','2016','전력비','User setup accounts',1,1,0,0,null,1),
(1,20,5,'DEBIT','INCREASE','2017','세금과공과','User setup accounts',1,1,0,0,null,1),
(1,20,5,'DEBIT','INCREASE','2018','감가상각비','User setup accounts',1,0,0,0,null,1),
(1,20,5,'DEBIT','INCREASE','2019','임차료','User setup accounts',1,1,0,0,null,1),
(1,20,5,'DEBIT','INCREASE','2020','수선비','User setup accounts',1,1,0,0,null,1),
(1,20,5,'DEBIT','INCREASE','2021','보험료','User setup accounts',1,1,0,0,null,1),
(1,20,5,'DEBIT','INCREASE','2022','차량유지비','User setup accounts',1,1,0,0,null,1),
(1,20,5,'DEBIT','INCREASE','2023','통행료','User setup accounts',1,1,0,0,null,1),
(1,20,5,'DEBIT','INCREASE','2024','청소비','User setup accounts',1,1,0,0,null,1),
(1,20,5,'DEBIT','INCREASE','2025','교육훈련비','User setup accounts',1,1,0,0,null,1),
(1,20,5,'DEBIT','INCREASE','2026','도서인쇄비','User setup accounts',1,1,0,0,null,1),
(1,20,5,'DEBIT','INCREASE','2027','회의비','User setup accounts',1,1,0,0,null,1),
(1,20,5,'DEBIT','INCREASE','2028','포장비','User setup accounts',1,1,0,0,null,1),
(1,20,5,'DEBIT','INCREASE','2029','사무용품비','User setup accounts',1,1,0,0,null,1),
(1,20,5,'DEBIT','INCREASE','2030','소모품비','User setup accounts',1,1,0,0,null,1),
(1,20,5,'DEBIT','INCREASE','2031','수수료비용','User setup accounts',1,1,0,0,null,1),
(1,20,5,'DEBIT','INCREASE','2032','보관료','User setup accounts',1,1,0,0,null,1),
(1,20,0,'DEBIT','INCREASE','2033','사용자설정계정과목','User setup accounts',1,1,0,0,null,1),
(1,20,5,'DEBIT','INCREASE','2034','하역작업료','User setup accounts',1,1,0,0,null,1),
(1,20,4,'DEBIT','INCREASE','2035','퇴직연금충당금전입','User setup accounts',1,0,0,0,null,1),
(1,20,0,'DEBIT','INCREASE','2036','사용자설정계정과목','User setup accounts',1,1,0,0,null,1),
(1,20,0,'DEBIT','INCREASE','2037','사용자설정계정과목','User setup accounts',1,1,0,0,null,1),
(1,20,0,'DEBIT','INCREASE','2038','사용자설정계정과목','User setup accounts',1,1,0,0,null,1),
(1,20,0,'DEBIT','INCREASE','2039','사용자설정계정과목','User setup accounts',1,1,0,0,null,1),
(1,20,0,'DEBIT','INCREASE','2040','사용자설정계정과목','User setup accounts',1,1,0,0,null,1),
(1,20,0,'DEBIT','INCREASE','2041','사용자설정계정과목','User setup accounts',1,1,0,0,null,1),
(1,20,0,'DEBIT','INCREASE','2042','사용자설정계정과목','User setup accounts',1,1,0,0,null,1),
(1,20,0,'DEBIT','INCREASE','2043','사용자설정계정과목','User setup accounts',1,1,0,0,null,1),
(1,20,0,'DEBIT','INCREASE','2044','사용자설정계정과목','User setup accounts',1,1,0,0,null,1),
(1,20,0,'DEBIT','INCREASE','2045','사용자설정계정과목','User setup accounts',1,1,0,0,null,1),
(1,20,0,'DEBIT','INCREASE','2046','사용자설정계정과목','User setup accounts',1,1,0,0,null,1),
(1,20,0,'DEBIT','INCREASE','2047','사용자설정계정과목','User setup accounts',1,1,0,0,null,1),
(1,20,0,'DEBIT','INCREASE','2048','사용자설정계정과목','User setup accounts',1,1,0,0,null,1),
(1,20,0,'DEBIT','INCREASE','2049','사용자설정계정과목','User setup accounts',1,1,0,0,null,1),
(1,20,0,'DEBIT','INCREASE','2050','사용자설정계정과목','User setup accounts',1,1,0,0,null,1),
(1,21,1,'DEBIT','INCREASE','2101','급여','Executive compensations',1,1,0,0,null,1),
(1,21,0,'DEBIT','INCREASE','2102','사용자설정계정과목','Employee wages and salaries',1,1,0,0,null,1),
(1,21,1,'DEBIT','INCREASE','2103','상여금','Bonuses',1,1,0,0,null,1),
(1,21,1,'DEBIT','INCREASE','2104','제수당','Miscellaneous benefits',1,1,0,0,null,1),
(1,21,1,'DEBIT','INCREASE','2105','잡급','Miscellaneous salaries　',1,1,0,0,null,1),
(1,21,2,'DEBIT','INCREASE','2106','퇴직급여','Retirement benefits',1,0,0,0,null,1),
(1,21,2,'DEBIT','INCREASE','2107','퇴직보험충당금전입','Transfer to reserve for retirement insurance allowances',1,0,0,0,null,1),
(1,21,0,'DEBIT','INCREASE','2108','사용자설정계정과목','Retirement benefits',1,1,0,0,null,1),
(1,21,0,'DEBIT','INCREASE','2109','사용자설정계정과목','User setup accounts',1,1,0,0,null,1),
(1,21,0,'DEBIT','INCREASE','2110','사 용 자설정계정과목','User setup accounts',1,1,0,0,null,1),
(1,21,3,'DEBIT','INCREASE','2111','복리후생비','Employee benefits',1,1,0,0,null,1),
(1,21,3,'DEBIT','INCREASE','2112','여비교통비','Travel expenses',1,1,0,0,null,1),
(1,21,3,'DEBIT','INCREASE','2113','기업업무추진비','Entertainment expenses',1,0,0,0,null,1),
(1,21,3,'DEBIT','INCREASE','2114','통신비','Communication expenses',1,1,0,0,null,1),
(1,21,3,'DEBIT','INCREASE','2115','수도광열비','Water and gas',1,1,0,0,null,1),
(1,21,3,'DEBIT','INCREASE','2116','전력비','Electricity',1,1,0,0,null,1),
(1,21,3,'DEBIT','INCREASE','2117','세금과공과','Taxes and dues',1,1,0,0,null,1),
(1,21,3,'DEBIT','INCREASE','2118','감가상각비','Depreciation expenses',1,0,0,0,null,1),
(1,21,3,'DEBIT','INCREASE','2119','임차료','Rental expenses',1,1,0,0,null,1),
(1,21,3,'DEBIT','INCREASE','2120','수선비','Repairs expenses',1,1,0,0,null,1),
(1,21,3,'DEBIT','INCREASE','2121','보험료','Insurance premium',1,1,0,0,null,1),
(1,21,3,'DEBIT','INCREASE','2122','차량유지비','Vehicles maintenance expenses',1,1,0,0,null,1),
(1,21,3,'DEBIT','INCREASE','2123','경상연구개발비','Research & development expenses',1,1,0,0,null,1),
(1,21,3,'DEBIT','INCREASE','2124','운반비','Miscellaneous materials',1,1,0,0,null,1),
(1,21,3,'DEBIT','INCREASE','2125','교육훈련비','Training expenses',1,1,0,0,null,1),
(1,21,3,'DEBIT','INCREASE','2126','도서인쇄비','Publication expenses',1,1,0,0,null,1),
(1,21,3,'DEBIT','INCREASE','2127','회의비','Convention expenses',1,1,0,0,null,1),
(1,21,3,'DEBIT','INCREASE','2128','포장비','Packaging expenses',1,1,0,0,null,1),
(1,21,3,'DEBIT','INCREASE','2129','사무용품비','Office supplies ',1,1,0,0,null,1),
(1,21,3,'DEBIT','INCREASE','2130','소모품비','Supplies expenses',1,1,0,0,null,1),
(1,21,3,'DEBIT','INCREASE','2131','수수료비용','Service fees',1,1,0,0,null,1),
(1,21,3,'DEBIT','INCREASE','2132','보관료','Custody charges',1,1,0,0,null,1),
(1,21,3,'DEBIT','INCREASE','2133','광고선전비','Advertising expenses',1,1,0,0,null,1),
(1,21,3,'DEBIT','INCREASE','2134','판매촉진비','Sales promotional expenses',1,1,0,0,null,1),
(1,21,3,'DEBIT','INCREASE','2135','대손상각비','Bad debt expenses',1,0,0,0,null,1),
(1,21,3,'DEBIT','INCREASE','2136','기밀비','Promotional expenses',1,1,0,0,null,1),
(1,21,3,'DEBIT','INCREASE','2137','건물관리비','Building maintenance expenses',1,1,0,0,null,1),
(1,21,3,'DEBIT','INCREASE','2138','수출제비용','Export expenses',1,1,0,0,null,1),
(1,21,3,'DEBIT','INCREASE','2139','판매수수료','Sales commission',1,1,0,0,null,1),
(1,21,3,'DEBIT','INCREASE','2140','무형자산상각비','Amortization of intangible fixed assets　',1,0,0,0,null,1),
(1,21,3,'DEBIT','INCREASE','2141','환가료','Charges for conversion into cash',1,1,0,0,null,1),
(1,21,3,'DEBIT','INCREASE','2142','견본비','Samples expenses',1,1,0,0,null,1),
(1,21,3,'DEBIT','INCREASE','2143','해외기업업무추진비','Overseas reception expenses',1,1,0,0,null,1),
(1,21,3,'DEBIT','INCREASE','2144','해외시장개척비','Overseas marketing expenses',1,1,0,0,null,1),
(1,21,3,'DEBIT','INCREASE','2145','미분양주택관리비','Maintenance expenses on real-estate held for sale',1,1,0,0,null,1),
(1,21,3,'DEBIT','INCREASE','2146','수주비','Promotional expenses',1,1,0,0,null,1),
(1,21,3,'DEBIT','INCREASE','2147','하자보수충당금전입','Warranty expenses',1,1,0,0,null,1),
(1,21,3,'DEBIT','INCREASE','2148','잡비','Miscellaneous expenses',1,1,0,0,null,1),
(1,21,2,'DEBIT','INCREASE','2149','명예퇴직금','Early retirement benefit',1,1,0,0,null,1),
(1,21,2,'DEBIT','INCREASE','2150','퇴직연금충당금전입','User setup accounts',1,0,0,0,null,1),
(1,21,0,'DEBIT','INCREASE','2151','사용자설정계정과목','User setup accounts',1,1,0,0,null,1),
(1,21,0,'DEBIT','INCREASE','2152','사용자설정계정과목','User setup accounts',1,1,0,0,null,1),
(1,21,0,'DEBIT','INCREASE','2153','사용자설정계정과목','User setup accounts',1,1,0,0,null,1),
(1,21,0,'DEBIT','INCREASE','2154','사용자설정계정과목','User setup accounts',1,1,0,0,null,1),
(1,21,0,'DEBIT','INCREASE','2155','사용자설정계정과목','User setup accounts',1,1,0,0,null,1),
(1,21,0,'DEBIT','INCREASE','2156','사용자설정계정과목','User setup accounts',1,1,0,0,null,1),
(1,21,0,'DEBIT','INCREASE','2157','사용자설정계정과목','User setup accounts',1,1,0,0,null,1),
(1,21,0,'DEBIT','INCREASE','2158','사용자설정계정과목','User setup accounts',1,1,0,0,null,1),
(1,21,0,'DEBIT','INCREASE','2159','사용자설정계정과목','User setup accounts',1,1,0,0,null,1),
(1,21,0,'DEBIT','INCREASE','2160','사용자설정계정과목','User setup accounts',1,1,0,0,null,1),
(1,21,0,'DEBIT','INCREASE','2161','사용자설정계정과목','User setup accounts',1,1,0,0,null,1),
(1,21,0,'DEBIT','INCREASE','2162','사용자설정계정과목','User setup accounts',1,1,0,0,null,1),
(1,21,0,'DEBIT','INCREASE','2163','사용자설정계정과목','User setup accounts',1,1,0,0,null,1),
(1,21,0,'DEBIT','INCREASE','2164','사용자설정계정과목','User setup accounts',1,1,0,0,null,1),
(1,21,0,'DEBIT','INCREASE','2165','사용자설정계정과목','User setup accounts',1,1,0,0,null,1),
(1,21,0,'DEBIT','INCREASE','2166','사용자설정계정과목','User setup accounts',1,1,0,0,null,1),
(1,21,0,'DEBIT','INCREASE','2167','사용자설정계정과목','User setup accounts',1,1,0,0,null,1),
(1,21,0,'DEBIT','INCREASE','2168','사용자설정계정과목','User setup accounts',1,1,0,0,null,1),
(1,21,0,'DEBIT','INCREASE','2169','사용자설정계정과목','User setup accounts',1,1,0,0,null,1),
(1,21,0,'DEBIT','INCREASE','2170','사용자설정계정과목','User setup accounts',1,1,0,0,null,1),
(1,21,0,'DEBIT','INCREASE','2171','사용자설정계정과목','User setup accounts',1,1,0,0,null,1),
(1,21,0,'DEBIT','INCREASE','2172','사용자설정계정과목','User setup accounts',1,1,0,0,null,1),
(1,21,0,'DEBIT','INCREASE','2173','사용자설정계정과목','User setup accounts',1,1,0,0,null,1),
(1,21,0,'DEBIT','INCREASE','2174','사용자설정계정과목','User setup accounts',1,1,0,0,null,1),
(1,21,0,'DEBIT','INCREASE','2175','사용자설정계정과목','User setup accounts',1,1,0,0,null,1),
(1,21,0,'DEBIT','INCREASE','2176','사용자설정계정과목','User setup accounts',1,1,0,0,null,1),
(1,21,0,'DEBIT','INCREASE','2177','사용자설정계정과목','User setup accounts',1,1,0,0,null,1),
(1,21,0,'DEBIT','INCREASE','2178','사용자설정계정과목','User setup accounts',1,1,0,0,null,1),
(1,21,0,'DEBIT','INCREASE','2179','사용자설정계정과목','User setup accounts',1,1,0,0,null,1),
(1,21,0,'DEBIT','INCREASE','2180','사용자설정계정과목','User setup accounts',1,1,0,0,null,1),
(1,21,0,'DEBIT','INCREASE','2181','사용자설정계정과목','User setup accounts',1,1,0,0,null,1),
(1,21,0,'DEBIT','INCREASE','2182','사용자설정계정과목','User setup accounts',1,1,0,0,null,1),
(1,21,0,'DEBIT','INCREASE','2183','사용자설정계정과목','User setup accounts',1,1,0,0,null,1),
(1,21,0,'DEBIT','INCREASE','2184','사용자설정계정과목','User setup accounts',1,1,0,0,null,1),
(1,21,0,'DEBIT','INCREASE','2185','사용자설정계정과목','User setup accounts',1,1,0,0,null,1),
(1,21,0,'DEBIT','INCREASE','2186','사용자설정계정과목','User setup accounts',1,1,0,0,null,1),
(1,21,0,'DEBIT','INCREASE','2187','사용자설정계정과목','User setup accounts',1,1,0,0,null,1),
(1,21,0,'DEBIT','INCREASE','2188','사용자설정계정과목','User setup accounts',1,1,0,0,null,1),
(1,21,0,'DEBIT','INCREASE','2189','사용자설정계정과목','User setup accounts',1,1,0,0,null,1),
(1,21,0,'DEBIT','INCREASE','2190','사용자설정계정과목','User setup accounts',1,1,0,0,null,1),
(1,21,0,'DEBIT','INCREASE','2191','사용자설정계정과목','User setup accounts',1,1,0,0,null,1),
(1,21,0,'DEBIT','INCREASE','2192','사용자설정계정과목','User setup accounts',1,1,0,0,null,1),
(1,21,0,'DEBIT','INCREASE','2193','사용자설정계정과목','User setup accounts',1,1,0,0,null,1),
(1,21,0,'DEBIT','INCREASE','2194','사용자설정계정과목','User setup accounts',1,1,0,0,null,1),
(1,21,0,'DEBIT','INCREASE','2195','사용자설정계정과목','User setup accounts',1,1,0,0,null,1),
(1,21,0,'DEBIT','INCREASE','2196','사용자설정계정과목','User setup accounts',1,1,0,0,null,1),
(1,21,0,'DEBIT','INCREASE','2197','사용자설정계정과목','User setup accounts',1,1,0,0,null,1),
(1,21,0,'DEBIT','INCREASE','2198','사용자설정계정과목','User setup accounts',1,1,0,0,null,1),
(1,21,0,'DEBIT','INCREASE','2199','사용자설정계정과목','User setup accounts',1,1,0,0,null,1),
(1,21,0,'DEBIT','INCREASE','2200','사용자설정계정과목','User setup accounts',1,1,0,0,null,1),
(1,22,1,'CREDIT','INCREASE','2201','이자수익','Interest revenues　',1,1,0,0,null,1),
(1,22,1,'CREDIT','INCREASE','2202','만기보유증권이자','Interest of held to maturity securities in investment assets　',1,1,0,0,null,1),
(1,22,2,'CREDIT','INCREASE','2203','배당금수익','Dividends income　',1,1,0,0,null,1),
(1,22,2,'CREDIT','INCREASE','2204','임대료','Rental revenues　',1,1,0,0,null,1),
(1,22,2,'CREDIT','INCREASE','2205','단기매매증권평가이익','Gains from valuation of short-term investments　',1,1,0,0,null,1),
(1,22,2,'CREDIT','INCREASE','2206','단기매매증권처분이익','Gains on disposal of short-term investments　',1,1,0,0,null,1),
(1,22,2,'CREDIT','INCREASE','2207','외환차익','Gains on foreign currency transaction　',1,1,0,0,null,1),
(1,22,2,'CREDIT','INCREASE','2208','대손충당금환입','Reversal of allowance for doubtful accounts　',1,1,0,0,null,1),
(1,22,2,'CREDIT','INCREASE','2209','수수료수익','Fees revenues　',1,1,0,0,null,1),
(1,22,2,'CREDIT','INCREASE','2210','외화환산이익','Gains on foreign currency translation　',1,1,0,0,null,1),
(1,22,2,'CREDIT','INCREASE','2211','사채상환이익','Gains on retirement of bonds　',1,1,0,0,null,1),
(1,22,2,'CREDIT','INCREASE','2212','전기오류수정이익','Loss on prior period error correction　',1,1,0,0,null,1),
(1,22,2,'CREDIT','INCREASE','2213','하자보수충당금환입','Reversal of provision for construction warranties　',1,1,0,0,null,1),
(1,22,2,'CREDIT','INCREASE','2214','유형자산처분이익','Gains on disposition of property',1,1,0,0,null,1),
(1,22,2,'CREDIT','INCREASE','2215','매도가능증권처분이익','Gains on disposition of investments　',1,1,0,0,null,1),
(1,22,2,'CREDIT','INCREASE','2216','상각채권추심이익','Gains on collection of redemption credit 　',1,1,0,0,null,1),
(1,22,2,'CREDIT','INCREASE','2217','자산수증이익','Gains on assets contributed　',1,1,0,0,null,1),
(1,22,2,'CREDIT','INCREASE','2218','채무면제이익','Gains from liabilities exempted　',1,1,0,0,null,1),
(1,22,2,'CREDIT','INCREASE','2219','보험차익','Gains on insurance settlementss　',1,1,0,0,null,1),
(1,22,2,'CREDIT','INCREASE','2220','투자증권손상차환입','Recovery of impairment loss on investment securities',1,1,0,0,null,1),
(1,22,2,'CREDIT','INCREASE','2221','지분법이익','Income on investments　',1,1,0,0,null,1),
(1,22,2,'CREDIT','INCREASE','2222','만기보유증권처분이익','Gains on disposal of matured investments　　',1,1,0,0,null,1),
(1,22,2,'CREDIT','INCREASE','2223','무형자산처분이익','User setup accounts　',1,1,0,0,null,1),
(1,22,4,'CREDIT','INCREASE','2224','중소투자준비금환입','Transfer of rsv for sm&med sized invest.　',1,1,0,0,808,1),
(1,22,4,'CREDIT','INCREASE','2225','연구개발준비금환입','Transfer of rsv for tech. development',1,1,0,0,809,1),
(1,22,4,'CREDIT','INCREASE','2226','해외개척준비금환입','Transfer of rsv for overseas development　',1,1,0,0,810,1),
(1,22,4,'CREDIT','INCREASE','2227','지방이전준비금환입','Transfer of reserve for local transfer　',1,1,0,0,811,1),
(1,22,4,'CREDIT','INCREASE','2228','수출손실준비금환입','Transfer of reserve for export loss　',1,1,0,0,812,1),
(1,22,2,'CREDIT','INCREASE','2229','재평가이익','User setup accounts　',1,1,0,0,null,1),
(1,22,2,'CREDIT','INCREASE','2230','잡이익','Miscellaneous revenues　',1,1,0,0,null,1),
(1,22,2,'CREDIT','INCREASE','2231','정부보조금','Government Subsidies',1,1,0,0,null,1),
(1,22,0,'CREDIT','INCREASE','2232','사용자설정계정과목','User setup accounts',1,1,0,0,null,1),
(1,22,0,'CREDIT','INCREASE','2233','사용자설정계정과목','User setup accounts',1,1,0,0,null,1),
(1,22,0,'CREDIT','INCREASE','2234','사용자설정계정과목','User setup accounts',1,1,0,0,null,1),
(1,22,0,'CREDIT','INCREASE','2235','사용자설정계정과목','User setup accounts',1,1,0,0,null,1),
(1,22,0,'CREDIT','INCREASE','2236','사용자설정계정과목','User setup accounts',1,1,0,0,null,1),
(1,22,0,'CREDIT','INCREASE','2237','사용자설정계정과목','User setup accounts',1,1,0,0,null,1),
(1,22,0,'CREDIT','INCREASE','2238','사용자설정계정과목','User setup accounts',1,1,0,0,null,1),
(1,22,0,'CREDIT','INCREASE','2239','사용자설정계정과목','User setup accounts',1,1,0,0,null,1),
(1,22,0,'CREDIT','INCREASE','2240','사용자설정계정과목','User setup accounts',1,1,0,0,null,1),
(1,22,0,'CREDIT','INCREASE','2241','사용자설정계정과목','User setup accounts',1,1,0,0,null,1),
(1,22,0,'CREDIT','INCREASE','2242','사용자설정계정과목','User setup accounts',1,1,0,0,null,1),
(1,22,0,'CREDIT','INCREASE','2243','사용자설정계정과목','User setup accounts',1,1,0,0,null,1),
(1,22,0,'CREDIT','INCREASE','2244','사용자설정계정과목','User setup accounts',1,1,0,0,null,1),
(1,22,0,'CREDIT','INCREASE','2245','사용자설정계정과목','User setup accounts',1,1,0,0,null,1),
(1,22,0,'CREDIT','INCREASE','2246','사용자설정계정과목','User setup accounts',1,1,0,0,null,1),
(1,22,0,'CREDIT','INCREASE','2247','사용자설정계정과목','User setup accounts',1,1,0,0,null,1),
(1,22,0,'CREDIT','INCREASE','2248','사용자설정계정과목','User setup accounts',1,1,0,0,null,1),
(1,22,0,'CREDIT','INCREASE','2249','사용자설정계정과목','User setup accounts',1,1,0,0,null,1),
(1,22,0,'CREDIT','INCREASE','2250','사용자설정계정과목','User setup accounts',1,1,0,0,null,1),
(1,23,1,'DEBIT','INCREASE','2301','이자비용','Interest expenses　',1,1,0,0,null,1),
(1,23,2,'DEBIT','INCREASE','2302','외환차손','Loss on foreign currency transaction　',1,1,0,0,null,1),
(1,23,2,'DEBIT','INCREASE','2303','기부금','Donations　',1,1,0,0,null,1),
(1,23,2,'DEBIT','INCREASE','2304','기타의대손상각비','Other bad debt expenses　',1,0,0,0,null,1),
(1,23,2,'DEBIT','INCREASE','2305','외화환산손실','Loss on foreign currency translation　',1,1,0,0,null,1),
(1,23,2,'DEBIT','INCREASE','2306','매출채권처분손실','Loss on dispose of sale credit　',1,1,0,0,null,1),
(1,23,2,'DEBIT','INCREASE','2307','단기매매증권평가손실','Loss from valuation of short-term investments',1,1,0,0,null,1),
(1,23,2,'DEBIT','INCREASE','2308','단기매매증권처분손실','Loss on disposal of short-term investments　',1,1,0,0,null,1),
(1,23,2,'DEBIT','INCREASE','2309','재고자산감모손실','Loss on inventory obsolescence　',1,1,0,0,null,1),
(1,23,2,'DEBIT','INCREASE','2310','재고자산평가손실','Loss on valuation of inventories　',1,1,0,0,null,1),
(1,23,2,'DEBIT','INCREASE','2311','재해손실','Loss due to disaster　',1,1,0,0,null,1),
(1,23,2,'DEBIT','INCREASE','2312','전기오류수정손실','Loss on prior period error correction　',1,1,0,0,null,1),
(1,23,2,'DEBIT','INCREASE','2313','투자증권손상차손','Loss on impairment of investment securities　',1,1,0,0,null,1),
(1,23,2,'DEBIT','INCREASE','2314','지분법손실','Loss on investments　',1,1,0,0,null,1),
(1,23,2,'DEBIT','INCREASE','2315','무형자산손상차손','User setup accounts',1,1,0,0,null,1),
(1,23,2,'DEBIT','INCREASE','2316','사용자설정계정과목','User setup accounts',1,1,0,0,null,1),
(1,23,1,'DEBIT','INCREASE','2317','회사채이자','Interest of coporate bond　',1,1,0,0,null,1),
(1,23,2,'DEBIT','INCREASE','2318','사채상환손실','Loss on retirement of bonds　',1,1,0,0,null,1),
(1,23,2,'DEBIT','INCREASE','2319','보상비','Compensation expenses　',1,1,0,0,null,1),
(1,23,2,'DEBIT','INCREASE','2320','유형자산처분손실','Loss on disposition of property',1,1,0,0,null,1),
(1,23,2,'DEBIT','INCREASE','2321','매도가능증권처분손실','Loss on disposition of investments　',1,1,0,0,null,1),
(1,23,5,'DEBIT','INCREASE','2322','중소투자준비금전입','Transfer of rsv for sm&med sized invest.　',1,1,0,0,808,1),
(1,23,5,'DEBIT','INCREASE','2323','연구개발준비금전입','Transfer of rsv for tech. development　',1,1,0,0,809,1),
(1,23,5,'DEBIT','INCREASE','2324','해외개척준비금전입','Transfer of rsv for overseas development　',1,1,0,0,810,1),
(1,23,5,'DEBIT','INCREASE','2325','지방이전준비금전입','Transfer of reserve for local transfer　',1,1,0,0,811,1),
(1,23,5,'DEBIT','INCREASE','2326','수출손실준비금전입','Transfer of reserve for export loss　',1,1,0,0,812,1),
(1,23,6,'DEBIT','INCREASE','2327','특별상각','Extraordinary depreciation　',1,1,0,0,null,1),
(1,23,2,'DEBIT','INCREASE','2328','만기보유증권처분손실','Loss on disposal of matured investments　　',1,1,0,0,null,1),
(1,23,2,'DEBIT','INCREASE','2329','무형자산처분손실','User setup accounts',1,1,0,0,null,1),
(1,23,2,'DEBIT','INCREASE','2330','잡손실','Miscellaneous loss　',1,1,0,0,null,1),
(1,23,0,'DEBIT','INCREASE','2331','사용자설정계정과목','User setup accounts',1,1,0,0,null,1),
(1,23,0,'DEBIT','INCREASE','2332','사용자설정계정과목','User setup accounts',1,1,0,0,null,1),
(1,23,2,'DEBIT','INCREASE','2333','재평가손실','User setup accounts',1,1,0,0,null,1),
(1,23,2,'DEBIT','INCREASE','2334','수수료비용','User setup accounts',1,1,0,0,null,1),
(1,23,0,'DEBIT','INCREASE','2335','사용자설정계정과목','User setup accounts',1,1,0,0,null,1),
(1,23,0,'DEBIT','INCREASE','2336','사용자설정계정과목','User setup accounts',1,1,0,0,null,1),
(1,23,0,'DEBIT','INCREASE','2337','사용자설정계정과목','User setup accounts',1,1,0,0,null,1),
(1,23,0,'DEBIT','INCREASE','2338','사용자설정계정과목','User setup accounts',1,1,0,0,null,1),
(1,23,0,'DEBIT','INCREASE','2339','사용자설정계정과목','User setup accounts',1,1,0,0,null,1),
(1,23,0,'DEBIT','INCREASE','2340','사용자설정계정과목','User setup accounts',1,1,0,0,null,1),
(1,23,0,'DEBIT','INCREASE','2341','사용자설정계정과목','User setup accounts',1,1,0,0,null,1),
(1,23,0,'DEBIT','INCREASE','2342','사용자설정계정과목','User setup accounts',1,1,0,0,null,1),
(1,23,0,'DEBIT','INCREASE','2343','사용자설정계정과목','User setup accounts',1,1,0,0,null,1),
(1,23,0,'DEBIT','INCREASE','2344','사용자설정계정과목','User setup accounts',1,1,0,0,null,1),
(1,23,0,'DEBIT','INCREASE','2345','사용자설정계정과목','User setup accounts',1,1,0,0,null,1),
(1,23,0,'DEBIT','INCREASE','2346','사용자설정계정과목','User setup accounts',1,1,0,0,null,1),
(1,23,0,'DEBIT','INCREASE','2347','사용자설정계정과목','User setup accounts',1,1,0,0,null,1),
(1,24,0,'DEBIT','INCREASE','2401','법인세등','Corporate tax etc　',1,0,0,0,null,1),
(1,24,0,'DEBIT','INCREASE','2402','소득세등','Income tax etc　',1,0,0,0,null,1),
(1,25,0,'DEBIT','INCREASE','2501','특수설정계정과목','SPECIAL ACCOUNTS',0,0,0,0,null,1),
(1,25,0,'DEBIT','INCREASE','2502','특수설정계정과목','SPECIAL ACCOUNTS',0,0,0,0,null,1),
(1,25,0,'DEBIT','INCREASE','2503','특수설정계정과목','SPECIAL ACCOUNTS',0,0,0,0,null,1),
(1,25,0,'DEBIT','INCREASE','2504','특수설정계정과목','SPECIAL ACCOUNTS',0,0,0,0,null,1),
(1,25,0,'DEBIT','INCREASE','2505','특수설정계정과목','SPECIAL ACCOUNTS',0,0,0,0,null,1),
(1,25,0,'DEBIT','INCREASE','2506','특수설정계정과목','SPECIAL ACCOUNTS',0,0,0,0,null,1),
(1,25,0,'DEBIT','INCREASE','2507','특수설정계정과목','SPECIAL ACCOUNTS',0,0,0,0,null,1),
(1,25,0,'DEBIT','INCREASE','2508','특수설정계정과목','SPECIAL ACCOUNTS',0,0,0,0,null,1),
(1,25,0,'DEBIT','INCREASE','2509','특수설정계정과목','SPECIAL ACCOUNTS',0,0,0,0,null,1),
(1,25,0,'DEBIT','INCREASE','2510','특수설정계정과목','SPECIAL ACCOUNTS',0,0,0,0,null,1),
(1,25,0,'DEBIT','INCREASE','2511','특수설정계정과목','SPECIAL ACCOUNTS',0,0,0,0,null,1),
(1,3,3,'DEBIT','INCREASE','311','퇴직연금운용자산','Retirement pension',1,0,0,0,839,1),
(1,3,3,'DEBIT','INCREASE','312','퇴직보험예치금','Deposits for retirement insurance',1,0,0,0,805,1),
(1,3,3,'DEBIT','INCREASE','313','국민연금전환금','Convertion amount for national pension',1,0,0,0,805,1),
(2,1,3,'DEBIT','INCREASE','101','현금','Cash',1,0,0,0,null,1),
(2,1,1,'DEBIT','INCREASE','102','당좌예금','Current deposits',1,0,0,0,null,1),
(2,1,1,'DEBIT','INCREASE','103','보통예금','Bank deposits',1,0,0,0,null,1),
(2,1,1,'DEBIT','INCREASE','104','제예금2','Re-deposits',1,1,0,0,null,1),
(2,1,1,'DEBIT','INCREASE','105','정기예금','Regular installment deposits',1,1,0,0,null,1),
(2,1,2,'DEBIT','INCREASE','106','정기적금','Short-term other financial instruement',1,1,0,0,null,1),
(2,1,5,'DEBIT','INCREASE','107','단기매매증권','Short-term trading Securities',1,1,0,0,null,1),
(2,1,3,'DEBIT','INCREASE','108','외상매출금','Trade receivables in foreign currency',1,0,0,0,null,1),
(2,1,4,'CREDIT','DECREASE','109','대손충당금','Allowance for doubtful accounts',1,0,0,0,108,1),
(2,1,8,'DEBIT','INCREASE','110','받을어음','Notes receivable',1,0,0,0,null,1),
(2,1,4,'CREDIT','DECREASE','111','대손충당금','Allowance for doubtful accounts',1,0,0,0,110,1),
(2,1,3,'DEBIT','INCREASE','112','공사미수금','Receivables from construction contracts',1,0,0,0,null,1),
(2,1,4,'CREDIT','DECREASE','113','대손충당금','Allowance for doubtful accounts',1,0,0,0,112,1),
(2,1,9,'DEBIT','INCREASE','114','단기대여금','Short-term loans',1,1,0,0,null,1),
(2,1,4,'CREDIT','DECREASE','115','대손충당금','Allowance for doubtful accounts',1,0,0,0,114,1),
(2,1,3,'DEBIT','INCREASE','116','미수수익','Accrued revenues',1,1,0,0,null,1),
(2,1,4,'CREDIT','DECREASE','117','대손충당금','Allowance for doubtful accounts',1,0,0,0,116,1),
(2,1,3,'DEBIT','INCREASE','118','분양미수금','Receivables from real-estate sales',1,1,0,0,null,1),
(2,1,4,'CREDIT','DECREASE','119','대손충당금','Allowance for doubtful accounts',1,0,0,0,118,1),
(2,1,3,'DEBIT','INCREASE','120','미수금','Non-trade receivables',1,1,0,0,null,1),
(2,1,4,'CREDIT','DECREASE','121','대손충당금','Allowance for doubtful accounts',1,0,0,0,120,1),
(2,1,0,'DEBIT','INCREASE','122','사용자설정계정과목','User setup accounts',1,1,0,0,103,1),
(2,1,5,'DEBIT','INCREASE','123','매도가능증권','Available for sale securities ',1,1,0,0,null,1),
(2,1,5,'DEBIT','INCREASE','124','만기보유증권','Held-to-maturity securities',1,1,0,0,null,1),
(2,1,3,'DEBIT','INCREASE','125','용역미수금','User setup accounts',1,1,0,0,null,1),
(2,1,4,'CREDIT','DECREASE','126','대손충당금','User setup accounts',1,0,0,0,125,1),
(2,1,1,'DEBIT','INCREASE','127','외화예금','User setup accounts',1,1,0,0,null,1),
(2,1,0,'DEBIT','INCREASE','128','사용자설정계정과목','User setup accounts',1,1,0,0,null,1),
(2,1,0,'DEBIT','INCREASE','129','사용자설정계정과목','User setup accounts',1,1,0,0,null,1),
(2,1,0,'DEBIT','INCREASE','130','사용자설정계정과목','User setup accounts',1,1,0,0,null,1),
(2,1,3,'DEBIT','INCREASE','131','선급금','Advance payments',1,1,0,0,null,1),
(2,1,4,'CREDIT','DECREASE','132','대손충당금','Allowance for doubtful accounts',1,0,0,0,131,1),
(2,1,3,'DEBIT','INCREASE','133','선급비용','Pprepaid expenses',1,1,0,0,null,1),
(2,1,7,'DEBIT','INCREASE','134','가지급금','Temporary payment',1,0,0,0,null,1),
(2,1,3,'DEBIT','INCREASE','135','부가세대급금','Value added tax payment',1,0,0,0,null,1),
(2,1,3,'DEBIT','INCREASE','136','선납세금','Pprepaid income taxes',1,0,0,0,null,1),
(2,1,3,'DEBIT','INCREASE','137','임직원등 단기채권','Short-term loans to stockholders',1,1,0,0,null,1),
(2,1,3,'DEBIT','INCREASE','138','전도금','Advanced money ',1,0,0,0,null,1),
(2,1,3,'DEBIT','INCREASE','139','선급공사비','Prepaid construction expenses',1,1,0,0,null,1),
(2,1,3,'DEBIT','INCREASE','140','이연법인세자산','Deferred income tax assets',1,1,0,0,null,1),
(2,1,3,'DEBIT','INCREASE','141','현금과부족','cash overs and shorts',1,1,0,0,null,1),
(2,1,3,'DEBIT','INCREASE','142','미결산','open account',1,1,0,0,null,1),
(2,1,3,'DEBIT','INCREASE','143','본지점','User setup accounts',1,1,0,0,null,1),
(2,1,0,'DEBIT','INCREASE','144','사용자설정계정과목','User setup accounts',1,1,0,0,null,1),
(2,1,0,'DEBIT','INCREASE','145','사용자설정계정과목','User setup accounts',1,1,0,0,null,1),
(2,2,1,'DEBIT','INCREASE','201','상품','Merchandises　',1,0,0,0,null,1),
(2,2,3,'CREDIT','DECREASE','202','매입환출및에누리','Purchase returns',1,0,0,0,201,1),
(2,2,4,'CREDIT','DECREASE','203','매입할인','Purchase discount',1,0,0,0,201,1),
(2,2,5,'CREDIT','DECREASE','204','관세환급금','Tariff drawback',1,0,0,0,201,1),
(2,2,1,'DEBIT','INCREASE','205','제품','Finished goods',1,0,0,0,null,1),
(2,2,5,'CREDIT','DECREASE','206','관세환급금','Tariff drawback',1,0,0,0,205,1),
(2,2,1,'DEBIT','INCREASE','207','완성건물','Finished buildings',1,0,0,0,null,1),
(2,2,1,'DEBIT','INCREASE','208','원재료','Raw materials',1,0,0,0,null,1),
(2,2,3,'CREDIT','DECREASE','209','매입환출및에누리','Purchase returns',1,0,0,0,208,1),
(2,2,4,'CREDIT','DECREASE','210','매입할인','Purchase discount',1,0,0,0,208,1),
(2,2,1,'DEBIT','INCREASE','211','원재료(도급)','Raw materials(contract)',1,0,0,0,null,1),
(2,2,3,'CREDIT','DECREASE','212','매입환출및에누리','Purchase returns',1,0,0,0,211,1),
(2,2,4,'CREDIT','DECREASE','213','매입할인','Purchase discount',1,0,0,0,211,1),
(2,2,1,'DEBIT','INCREASE','214','원재료(분양)','Raw materials(sale)　',1,0,0,0,null,1),
(2,2,3,'CREDIT','DECREASE','215','매입환출및에누리','Purchase returns',1,0,0,0,214,1),
(2,2,4,'CREDIT','DECREASE','216','매입할인','Purchase discount',1,0,0,0,214,1),
(2,2,1,'DEBIT','INCREASE','217','부재료','Sub-materials',1,0,0,0,null,1),
(2,2,3,'CREDIT','DECREASE','218','매입환출및에누리','Purchase returns',1,0,0,0,217,1),
(2,2,4,'CREDIT','DECREASE','219','매입할인','Purchase discount',1,0,0,0,217,1),
(2,2,1,'DEBIT','INCREASE','220','건설용지','Construction lots',1,0,0,0,null,1),
(2,2,1,'DEBIT','INCREASE','221','가설재','Temporary establishments',1,1,0,0,null,1),
(2,2,1,'DEBIT','INCREASE','222','저장품','Supplies',1,1,0,0,null,1),
(2,2,1,'DEBIT','INCREASE','223','미착품','Goods in transit',1,1,0,0,null,1),
(2,2,2,'DEBIT','INCREASE','224','재공품','Work-in-process',1,0,0,0,null,1),
(2,2,2,'DEBIT','INCREASE','225','미완성공사(도급)','Incompleted construction(contract)',1,0,0,0,null,1),
(2,2,2,'DEBIT','INCREASE','226','미완성공사(분양)','Incompleted construction(sale)',1,0,0,0,null,1),
(2,2,1,'DEBIT','INCREASE','227','유류','User setup accounts',1,0,0,0,null,1),
(2,2,1,'DEBIT','INCREASE','228','소모품','Supplies',1,1,0,0,null,1),
(2,2,0,'DEBIT','INCREASE','229','사용자설정계정과목','User setup accounts',1,1,0,0,null,1),
(2,2,0,'DEBIT','INCREASE','230','사용자설정계정과목','User setup accounts',1,1,0,0,null,1),
(2,3,1,'DEBIT','INCREASE','301','장기성예금','Long-term deposits',1,1,0,0,null,1),
(2,3,1,'DEBIT','INCREASE','302','특정현금과예금','Restricted cash & deposits',1,1,0,0,null,1),
(2,3,5,'DEBIT','INCREASE','303','매도가능증권','Available sale securities',1,1,0,0,null,1),
(2,3,9,'DEBIT','INCREASE','304','장기대여금','Long-term loans',1,1,0,0,null,1),
(2,3,4,'CREDIT','DECREASE','305','대손충당금','Allowance for doubtful accounts',1,0,0,0,304,1),
(2,3,5,'DEBIT','INCREASE','306','만기보유증권','Held-to-maturity securities',1,1,0,0,null,1),
(2,3,3,'DEBIT','INCREASE','307','지분법적용투자주식','Equity method of investment securities',1,0,0,0,null,1),
(2,3,3,'DEBIT','INCREASE','308','투자부동산','Investment in properties',1,1,0,0,null,1),
(2,3,3,'DEBIT','INCREASE','309','단체퇴직보험예치금','Deposits for group retirement insurance',1,1,0,0,null,1),
(2,3,3,'DEBIT','INCREASE','310','투자일임계약자산','Investment-entrusting assets',1,1,0,0,null,1),
(2,3,0,'DEBIT','INCREASE','314','사용자설정계정과목','User setup accounts',1,1,0,0,null,1),
(2,3,0,'DEBIT','INCREASE','315','사용자설정계정과목','User setup accounts',1,1,0,0,null,1),
(2,3,0,'DEBIT','INCREASE','316','사용자설정계정과목','User setup accounts',1,1,0,0,null,1),
(2,3,0,'DEBIT','INCREASE','317','사용자설정계정과목','User setup accounts',1,1,0,0,null,1),
(2,3,0,'DEBIT','INCREASE','318','사용자설정계정과목','User setup accounts',1,1,0,0,null,1),
(2,3,0,'DEBIT','INCREASE','319','사용자설정계정과목','User setup accounts',1,1,0,0,null,1),
(2,4,1,'DEBIT','INCREASE','401','설비장치','User setup accounts',1,1,0,0,null,1),
(2,4,4,'CREDIT','DECREASE','402','감가상각누계액','User setup accounts',1,0,0,0,401,1),
(2,4,1,'DEBIT','INCREASE','403','사용자설정계정과목','User setup accounts',1,1,0,0,null,1),
(2,4,4,'CREDIT','DECREASE','404','감가상각누계액','User setup accounts',1,0,0,0,403,1),
(2,4,1,'DEBIT','INCREASE','405','건설용장비','Construction materials',1,1,0,0,null,1),
(2,4,4,'CREDIT','DECREASE','406','감가상각누계액','Accumulated depreciation',1,0,0,0,405,1),
(2,4,2,'DEBIT','INCREASE','407','토지','Land',1,0,0,0,null,1),
(2,4,1,'DEBIT','INCREASE','408','건물','Buildings',1,1,0,0,null,1),
(2,4,4,'CREDIT','DECREASE','409','감가상각누계액','Accumulated depreciation',1,0,0,0,408,1),
(2,4,1,'DEBIT','INCREASE','410','구축물','Structures',1,1,0,0,null,1),
(2,4,4,'CREDIT','DECREASE','411','감가상각누계액','Accumulated depreciation',1,0,0,0,410,1),
(2,4,1,'DEBIT','INCREASE','412','기계장치','Machinery',1,1,0,0,null,1),
(2,4,4,'CREDIT','DECREASE','413','감가상각누계액','Accumulated depreciation',1,0,0,0,412,1),
(2,4,1,'DEBIT','INCREASE','414','차량운반구','Vehicles ',1,1,0,0,null,1),
(2,4,4,'CREDIT','DECREASE','415','감가상각누계액','Accumulated depreciation',1,0,0,0,414,1),
(2,4,1,'DEBIT','INCREASE','416','공구와기구','Tools',1,1,0,0,null,1),
(2,4,4,'CREDIT','DECREASE','417','감가상각누계액','Accumulated depreciation',1,0,0,0,416,1),
(2,4,1,'DEBIT','INCREASE','418','비품','Office equipment',1,1,0,0,null,1),
(2,4,4,'CREDIT','DECREASE','419','감가상각누계액','Accumulated depreciation',1,0,0,0,418,1),
(2,4,3,'DEBIT','INCREASE','420','건설중인자산','Construction in progress',1,1,0,0,null,1),
(2,4,1,'DEBIT','INCREASE','421','미착기계','machinery in transit',1,1,0,0,null,1),
(2,4,4,'CREDIT','DECREASE','422','감가상각누계액','Accumulated depreciation',1,0,0,0,421,1),
(2,4,0,'DEBIT','INCREASE','423','사용자설정계정과목','User setup accounts',1,1,0,0,null,1),
(2,5,1,'DEBIT','INCREASE','501','영업권','Accumulated depreciation',1,0,0,0,null,1),
(2,5,1,'DEBIT','INCREASE','502','특허권','Patents',1,0,0,0,null,1),
(2,5,1,'DEBIT','INCREASE','503','상표권','Trademarks',1,0,0,0,null,1),
(2,5,1,'DEBIT','INCREASE','504','실용신안권','Patents-practical model ',1,0,0,0,null,1),
(2,5,1,'DEBIT','INCREASE','505','의장권','Patents-design',1,0,0,0,null,1),
(2,5,1,'DEBIT','INCREASE','506','면허권','Licensing right',1,0,0,0,null,1),
(2,5,1,'DEBIT','INCREASE','507','광업권','Mining rights',1,0,0,0,null,1),
(2,5,1,'DEBIT','INCREASE','508','창업비','Organization costs',1,1,0,0,null,1),
(2,5,1,'DEBIT','INCREASE','509','개발비','Development costs',1,1,0,0,null,1),
(2,5,1,'DEBIT','INCREASE','510','소프트웨어','Software',1,1,0,0,null,1),
(2,5,1,'DEBIT','INCREASE','511','웹사이트원가','websitecost',1,1,0,0,null,1),
(2,5,0,'DEBIT','INCREASE','512','사용자설정계정과목','User setup accounts',1,1,0,0,null,1),
(2,5,0,'DEBIT','INCREASE','513','사용자설정계정과목','User setup accounts',1,1,0,0,null,1),
(2,6,3,'DEBIT','INCREASE','601','이연법인세자산','Deferred income tax assets',1,1,0,0,null,1),
(2,6,3,'DEBIT','INCREASE','602','임차보증금','Leasehold deposits',1,1,0,0,null,1),
(2,6,3,'DEBIT','INCREASE','603','전세권','Leasehold rights',1,1,0,0,null,1),
(2,6,3,'DEBIT','INCREASE','604','기타보증금','Other guarantee deposits',1,1,0,0,null,1),
(2,6,3,'DEBIT','INCREASE','605','장기외상매출금','Long-term accounts receivable',1,1,0,0,null,1),
(2,6,4,'CREDIT','DECREASE','606','현재가치할인차금','Present value discounts account ',1,0,0,0,605,1),
(2,6,4,'CREDIT','DECREASE','607','대손충당금','Allowance for doubtful accounts',1,0,0,0,605,1),
(2,6,8,'DEBIT','INCREASE','608','장기받을어음','Long-term notes receivable',1,1,0,0,null,1),
(2,6,4,'CREDIT','DECREASE','609','현재가치할인차금','Discounts on present value',1,0,0,0,608,1),
(2,6,4,'CREDIT','DECREASE','610','대손충당금','Allowance for doubtful accounts',1,0,0,0,608,1),
(2,6,3,'DEBIT','INCREASE','611','장기미수금','Long-term non-trade receivables',1,1,0,0,null,1),
(2,6,4,'CREDIT','DECREASE','612','현재가치할인차금','Discounts on present value',1,0,0,0,611,1),
(2,6,4,'CREDIT','DECREASE','613','대손충당금','Allowance for doubtful accounts',1,0,0,0,611,1),
(2,6,3,'DEBIT','INCREASE','614','장기선급비용','Long-term prepaid expenses',1,1,0,0,null,1),
(2,6,3,'DEBIT','INCREASE','615','장기선급금','Long-term advance payments',1,1,0,0,null,1),
(2,6,3,'DEBIT','INCREASE','616','부도어음과수표','Dishonored notes receivable &',1,1,0,0,null,1),
(2,6,4,'CREDIT','DECREASE','617','대손충당금','Allowance for doubtful accounts',1,0,0,0,616,1),
(2,6,3,'DEBIT','INCREASE','618','전신전화가입권','Telephone subscription deposit',1,1,0,0,null,1),
(2,6,0,'DEBIT','INCREASE','619','사용자설정계정과목','User setup accounts',1,1,0,0,null,1),
(2,6,0,'DEBIT','INCREASE','620','사용자설정계정과목','User setup accounts',1,1,0,0,null,1),
(2,7,2,'CREDIT','INCREASE','701','외상매입금','Trade payables',1,0,0,0,null,1),
(2,7,6,'CREDIT','INCREASE','702','지급어음','Notes payable',1,0,0,0,null,1),
(2,7,2,'CREDIT','INCREASE','703','미지급금','Non-trade payables',1,1,0,0,null,1),
(2,7,2,'CREDIT','INCREASE','704','예수금','Withholdings',1,1,0,0,null,1),
(2,7,2,'CREDIT','INCREASE','705','부가세예수금','Value added tax withheld',1,0,0,0,null,1),
(2,7,1,'CREDIT','INCREASE','706','당좌차월','Bank overdrafts',1,1,0,0,null,1),
(2,7,5,'CREDIT','INCREASE','707','가수금','Temporary receipts',1,0,0,0,null,1),
(2,7,2,'CREDIT','INCREASE','708','예수보증금','Deposits received',1,1,0,0,null,1),
(2,7,2,'CREDIT','INCREASE','709','선수금','Advances from customers',1,1,0,0,null,1),
(2,7,1,'CREDIT','INCREASE','710','단기차입금','Short-term borrowings ',1,1,0,0,null,1),
(2,7,2,'CREDIT','INCREASE','711','미지급세금','Income taxes payable',1,1,0,0,null,1),
(2,7,2,'CREDIT','INCREASE','712','미지급비용','Accrued expenses',1,1,0,0,null,1),
(2,7,2,'CREDIT','INCREASE','713','선수수익','Unearned revenues',1,1,0,0,null,1),
(2,7,1,'CREDIT','INCREASE','714','유동성장기부채','Current portion of long-term liabilities',1,1,0,0,null,1),
(2,7,2,'CREDIT','INCREASE','715','미지급배당금','Dividends payable',1,0,0,0,null,1),
(2,7,2,'CREDIT','INCREASE','716','지급보증채무','Disbursement liability for guarantee',1,1,0,0,null,1),
(2,7,2,'CREDIT','INCREASE','717','수출금융','Export finance',1,1,0,0,null,1),
(2,7,2,'CREDIT','INCREASE','718','수입금융','Import finance',1,1,0,0,null,1),
(2,7,2,'CREDIT','INCREASE','719','공사손실충당부채','Provision for construction loss',1,0,0,0,null,1),
(2,7,2,'CREDIT','INCREASE','720','하자보수충당부채','Provision for construction warranties',1,1,0,0,null,1),
(2,7,2,'CREDIT','INCREASE','721','공사선수금','Advances from construction contracts',1,1,0,0,null,1),
(2,7,2,'CREDIT','INCREASE','722','분양선수금','Advances from real-estate sales',1,1,0,0,null,1),
(2,7,2,'CREDIT','INCREASE','723','이연법인세부채','Deferred income tax liabilities',1,1,0,0,null,1),
(2,7,0,'CREDIT','INCREASE','724','사용자설정계정과목','User setup accounts',1,1,0,0,null,1),
(2,7,0,'CREDIT','INCREASE','725','사용자설정계정과목','User setup accounts',1,1,0,0,null,1),
(2,7,0,'CREDIT','INCREASE','726','사용자설정계정과목','User setup accounts',1,1,0,0,null,1),
(2,7,0,'CREDIT','INCREASE','727','사용자설정계정과목','User setup accounts',1,1,0,0,null,1),
(2,7,0,'CREDIT','INCREASE','728','사용자설정계정과목','User setup accounts',1,1,0,0,null,1),
(2,7,0,'CREDIT','INCREASE','729','사용자설정계정과목','User setup accounts',1,1,0,0,null,1),
(2,7,0,'CREDIT','INCREASE','730','사용자설정계정과목','User setup accounts',1,1,0,0,null,1),
(2,7,0,'CREDIT','INCREASE','731','사용자설정계정과목','User setup accounts',1,1,0,0,null,1),
(2,7,0,'CREDIT','INCREASE','732','사용자설정계정과목','User setup accounts',1,1,0,0,null,1),
(2,7,0,'CREDIT','INCREASE','733','사용자설정계정과목','User setup accounts',1,1,0,0,null,1),
(2,7,0,'CREDIT','INCREASE','734','사용자설정계정과목','User setup accounts',1,1,0,0,null,1),
(2,7,0,'CREDIT','INCREASE','735','사용자설정계정과목','User setup accounts',1,1,0,0,null,1),
(2,7,0,'CREDIT','INCREASE','736','사용자설정계정과목','User setup accounts',1,1,0,0,null,1),
(2,7,0,'CREDIT','INCREASE','737','사용자설정계정과목','User setup accounts',1,1,0,0,null,1),
(2,7,0,'CREDIT','INCREASE','738','사용자설정계정과목','User setup accounts',1,1,0,0,null,1),
(2,7,0,'CREDIT','INCREASE','739','사용자설정계정과목','User setup accounts',1,1,0,0,null,1),
(2,7,0,'CREDIT','INCREASE','740','사용자설정계정과목','User setup accounts',1,1,0,0,null,1),
(2,8,6,'CREDIT','INCREASE','801','사채','Bonds payable　',1,0,0,0,null,1),
(2,8,4,'DEBIT','DECREASE','802','사채할인발행차금','Discount on bonds payable　',1,0,0,0,801,1),
(2,8,2,'CREDIT','INCREASE','803','장기차입금','Long-term borrowings',1,1,0,0,null,1),
(2,8,3,'CREDIT','INCREASE','804','임대보증금','Leasehold deposits received　',1,0,0,0,null,1),
(2,8,5,'CREDIT','INCREASE','805','퇴직급여충당부채','Allowance for employee retirement benefits',1,0,0,0,null,1),
(2,8,5,'CREDIT','INCREASE','806','퇴직보험충당부채','Allowance for employee retirement insurance',1,0,0,0,null,1),
(2,8,3,'CREDIT','INCREASE','807','장기미지급금','Long-term non-trade payables',1,1,0,0,null,1),
(2,8,1,'CREDIT','INCREASE','808','중소기업투자준비금','Reserve fund for minor biz. investment　',1,0,0,0,null,1),
(2,8,1,'CREDIT','INCREASE','809','연구인력개발준비금','Reserve fund for technology development',1,0,0,0,null,1),
(2,8,1,'CREDIT','INCREASE','810','해외시장개척준비금','Reserve fund for global market develop.',1,0,0,0,null,1),
(2,8,1,'CREDIT','INCREASE','811','지방이전준비금','Reserve fund for local transfer',1,0,0,0,null,1),
(2,8,1,'CREDIT','INCREASE','812','수출손실준비금','Reserve fund for export loss',1,0,0,0,null,1),
(2,8,2,'CREDIT','INCREASE','813','임직원등장기차입금','Long-term borrowings from stockholders',1,1,0,0,null,1),
(2,8,2,'CREDIT','INCREASE','814','관계회사장기차입금','Long-term borrowings from affiliated companies',1,1,0,0,null,1),
(2,8,2,'CREDIT','INCREASE','815','외화장기차입금','Long-term borrowings in foreign currency',1,1,0,0,null,1),
(2,8,3,'CREDIT','INCREASE','816','장기공사선수금','Long-term advances from construction contracts',1,1,0,0,null,1),
(2,8,3,'CREDIT','INCREASE','817','장기임대보증금','Long-term leasehold deposits received',1,1,0,0,null,1),
(2,8,8,'CREDIT','INCREASE','818','장기성지급어음','Long-term notes payable',1,1,0,0,null,1),
(2,8,3,'CREDIT','INCREASE','819','환율조정대','Exchange rate adjustment',1,1,0,0,null,1),
(2,8,3,'CREDIT','INCREASE','820','이연법인세부채','Deferred income tax liabilities　',1,1,0,0,null,1),
(2,8,6,'CREDIT','INCREASE','821','신주인수권부사채','Bonds with stock warrants',1,1,0,0,null,1),
(2,8,6,'CREDIT','INCREASE','822','전환사채','Convertible bonds',1,1,0,0,null,1),
(2,8,7,'CREDIT','INCREASE','823','사채할증발행차금','Premium on bonds payable',1,1,0,0,801,1),
(2,8,5,'CREDIT','INCREASE','824','장기제품보증부채','Long-term provision for product warranties in long-term liabilities',1,1,0,0,null,1),
(2,8,0,'CREDIT','INCREASE','825','사용자설정계정과목','User setup accounts',1,1,0,0,null,1),
(2,8,0,'CREDIT','INCREASE','826','사용자설정계정과목','User setup accounts',1,1,0,0,null,1),
(2,8,0,'CREDIT','INCREASE','827','사용자설정계정과목','User setup accounts',1,1,0,0,null,1),
(2,8,0,'CREDIT','INCREASE','828','사용자설정계정과목','User setup accounts',1,1,0,0,null,1),
(2,8,0,'CREDIT','INCREASE','829','사용자설정계정과목','User setup accounts',1,1,0,0,null,1),
(2,8,0,'CREDIT','INCREASE','830','사용자설정계정과목','User setup accounts',1,1,0,0,null,1),
(2,8,0,'CREDIT','INCREASE','831','사용자설정계정과목','User setup accounts',1,1,0,0,null,1),
(2,8,0,'CREDIT','INCREASE','832','사용자설정계정과목','User setup accounts',1,1,0,0,null,1),
(2,8,0,'CREDIT','INCREASE','833','사용자설정계정과목','User setup accounts',1,1,0,0,null,1),
(2,8,0,'CREDIT','INCREASE','834','사용자설정계정과목','User setup accounts',1,1,0,0,null,1),
(2,8,0,'CREDIT','INCREASE','835','사용자설정계정과목','User setup accounts',1,1,0,0,null,1),
(2,8,0,'CREDIT','INCREASE','836','사용자설정계정과목','User setup accounts',1,1,0,0,null,1),
(2,8,0,'CREDIT','INCREASE','837','사용자설정계정과목','User setup accounts',1,1,0,0,null,1),
(2,8,0,'CREDIT','INCREASE','838','사용자설정계정과목','User setup accounts',1,1,0,0,null,1),
(2,8,5,'CREDIT','INCREASE','839','퇴직연금충당부채','Allowance for retirement pension',1,0,0,0,null,1),
(2,8,5,'CREDIT','INCREASE','840','퇴직연금미지급금','Account payable for retirement pension ',1,0,0,0,null,1),
(2,9,1,'CREDIT','INCREASE','901','자본금','Capital Stock',1,0,0,0,null,1),
(2,9,1,'CREDIT','INCREASE','902','우선주자본금','Preferred stock',1,0,0,0,null,1),
(2,9,0,'CREDIT','INCREASE','903','사용자설정계정과목','User setup accounts',1,1,0,0,null,1),
(2,9,0,'CREDIT','INCREASE','904','사용자설정계정과목','User setup accounts',1,1,0,0,null,1),
(2,9,0,'CREDIT','INCREASE','905','사용자설정계정과목','User setup accounts',1,1,0,0,null,1),
(2,9,0,'CREDIT','INCREASE','906','사용자설정계정과목','User setup accounts',1,1,0,0,null,1),
(2,9,1,'CREDIT','INCREASE','907','출자금','Investment',1,0,0,0,null,1),
(2,9,1,'CREDIT','INCREASE','908','인출금','Drawings',1,0,0,0,null,1),
(2,9,0,'CREDIT','INCREASE','909','사용자설정계정과목','User setup accounts',1,1,0,0,null,1),
(2,9,0,'CREDIT','INCREASE','910','사용자설정계정과목','User setup accounts',1,1,0,0,null,1),
(2,10,1,'CREDIT','INCREASE','1001','주식발행초과금','Additional paid-in capital',1,0,0,0,null,1),
(2,10,1,'CREDIT','INCREASE','1002','감자차익','Gains on capital reduction',1,0,0,0,null,1),
(2,10,1,'CREDIT','INCREASE','1003','자기주식처분이익','Gains on sale of treasury stock',1,1,0,0,null,1),
(2,10,1,'CREDIT','INCREASE','1004','전환권대가','User setup accounts',1,1,0,0,null,1),
(2,10,1,'CREDIT','INCREASE','1005','신주인수권대가','User setup accounts',1,1,0,0,null,1),
(2,10,0,'CREDIT','INCREASE','1006','사용자설정계정과목','User setup accounts',1,1,0,0,null,1),
(2,10,0,'CREDIT','INCREASE','1007','사용자설정계정과목','User setup accounts',1,1,0,0,null,1),
(2,10,0,'CREDIT','INCREASE','1008','사용자설정계정과목','User setup accounts',1,1,0,0,null,1),
(2,10,1,'CREDIT','INCREASE','1009','기타자본잉여금','Other capital surplus',1,1,0,0,null,1),
(2,10,1,'CREDIT','INCREASE','1010','재평가적립금','Revaluation reserve',1,0,0,0,null,1),
(2,13,1,'CREDIT','INCREASE','1301','이익준비금','Legal reserve',1,0,0,0,null,1),
(2,13,1,'CREDIT','INCREASE','1302','기업합리화적립금','Reserve for business rationalization',1,0,0,0,null,1),
(2,13,1,'CREDIT','INCREASE','1303','법정적립금임의설정','Voluntary install for statutory reserves',1,1,0,0,null,1),
(2,13,1,'CREDIT','INCREASE','1304','재무구조개선적립금','Rsv for finance structural improvement',1,0,0,0,null,1),
(2,13,2,'CREDIT','INCREASE','1305','임의적립금','Voluntary reserves',1,0,0,0,null,1),
(2,13,2,'CREDIT','INCREASE','1306','사업확장적립금','Reserve for business expansion',1,1,0,0,null,1),
(2,13,2,'CREDIT','INCREASE','1307','감채적립금','Reserve for sinking funds',1,1,0,0,null,1),
(2,13,2,'CREDIT','INCREASE','1308','배당평균적립금','Reserve for dividend equalization',1,1,0,0,null,1),
(2,13,3,'CREDIT','INCREASE','1309','주식할인발행차상각','Amortization of discount on stk issuance',1,1,0,0,null,1),
(2,13,3,'CREDIT','INCREASE','1310','배당건설이자상각','Amortization of pre-operating dividends',1,1,0,0,null,1),
(2,13,3,'CREDIT','INCREASE','1311','상환주식의상환액','Redemption amt. of collable shares',1,1,0,0,null,1),
(2,13,3,'CREDIT','INCREASE','1312','자기주식처분손잔액','Gains on sales of treasury stock',1,1,0,0,null,1),
(2,13,2,'CREDIT','INCREASE','1313','중소기업투자준비금','Reserve fund for minor biz. investment　',1,1,0,0,null,1),
(2,13,2,'CREDIT','INCREASE','1314','연구인력개발준비금','Reserve fund for technology development',1,1,0,0,null,1),
(2,13,2,'CREDIT','INCREASE','1315','해외시장개척준비금','Reserve for overseas market development',1,1,0,0,null,1),
(2,13,2,'CREDIT','INCREASE','1316','지방이전준비금','Reserve fund for local transfer　',1,1,0,0,null,1),
(2,13,2,'CREDIT','INCREASE','1317','수출손실준비금','Reserve fund for export loss',1,1,0,0,null,1),
(2,13,2,'CREDIT','INCREASE','1318','기타임의적립금','Other voluntary reserves',1,1,0,0,null,1),
(2,13,3,'CREDIT','INCREASE','1319','회계변경의누적효과','Cumulative effects of accounting changes',1,0,0,0,null,1),
(2,13,3,'CREDIT','INCREASE','1320','전기오류수정이익','Gain on prior period error correction',1,0,0,0,null,1),
(2,13,3,'DEBIT','DECREASE','1321','전기오류수정손실','Loss on prior period error correction',1,0,0,0,null,1),
(2,13,3,'CREDIT','INCREASE','1322','중간배당금','Interim dividend',1,0,0,0,null,1),
(2,13,0,'CREDIT','INCREASE','1323','사용자설정계정과목','User setup accounts',1,1,0,0,null,1),
(2,13,3,'CREDIT','INCREASE','1324','기타이익잉여금','Oother retained earnings',1,0,0,0,null,1),
(2,13,4,'CREDIT','INCREASE','1325','이월이익잉여금','Unappropriated retained earnings',1,0,0,0,null,1),
(2,13,4,'DEBIT','INCREASE','1326','이월결손금','Accumulated deficit',1,0,0,0,null,1),
(2,13,4,'CREDIT','INCREASE','1327','미처분이익잉여금','Unappropriated retained earnings',1,0,0,0,null,1),
(2,13,4,'DEBIT','INCREASE','1328','미처리결손금','Undisposed deficit',1,0,0,0,null,1),
(2,13,4,'CREDIT','INCREASE','1329','당기순이익','Net income ',1,0,0,0,null,1),
(2,13,4,'DEBIT','INCREASE','1330','당기순손실','Net loss',1,0,0,0,null,1),
(2,11,4,'DEBIT','DECREASE','1101','주식할인발행차금','Discounts on capital stock',1,0,0,0,null,1),
(2,11,4,'DEBIT','DECREASE','1102','배당건설이자','Pre-operation dividends　',1,0,0,0,null,1),
(2,11,4,'DEBIT','DECREASE','1103','자기주식','Treasury stock',1,0,0,0,null,1),
(2,11,0,'CREDIT','INCREASE','1104','사용자설정계정과목','Government subsidy',1,1,0,0,null,1),
(2,11,0,'CREDIT','INCREASE','1105','사용자설정계정과목','User setup accounts',1,1,0,0,null,1),
(2,11,4,'DEBIT','DECREASE','1106','신주발행비','New share issuing expnses',1,0,0,0,null,1),
(2,11,3,'CREDIT','INCREASE','1107','미교부주식배당금','Didvidend payable',1,0,0,0,null,1),
(2,11,3,'CREDIT','INCREASE','1108','신주청약증거금','Capital stock subscribed',1,0,0,0,null,1),
(2,11,4,'DEBIT','DECREASE','1109','감자차손','Loss on capital reduction',1,1,0,0,null,1),
(2,11,4,'DEBIT','DECREASE','1110','자기주식처분손실','Loss on sale of treasury stock',1,1,0,0,null,1),
(2,11,3,'CREDIT','INCREASE','1111','주식매입선택권','Stock option',1,1,0,0,null,1),
(2,12,3,'CREDIT','INCREASE','1201','재평가차익','revaluation profit',1,1,0,0,null,1),
(2,12,0,'CREDIT','INCREASE','1202','사용자설정계정과목','revaluation loss',1,1,0,0,null,1),
(2,12,3,'CREDIT','INCREASE','1203','매도가능증권평가이익','Gains on Valuation of Marketable Securities',1,0,0,0,null,1),
(2,12,4,'DEBIT','DECREASE','1204','매도가능증권평가손실','Loss on valuation of marketable securities',1,0,0,0,null,1),
(2,12,3,'CREDIT','INCREASE','1205','해외사업환산이익','Cumulative profit of foreing currency translation',1,1,0,0,null,1),
(2,12,4,'DEBIT','DECREASE','1206','해외사업환산손실','Cumulative loss of foreing currency translation',1,1,0,0,null,1),
(2,12,3,'CREDIT','INCREASE','1207','파생상품평가이익','Gains on Valuation of Derivatives',1,1,0,0,null,1),
(2,12,4,'DEBIT','DECREASE','1208','파생상품평가손실','Loss on valuation of derivative products　',1,1,0,0,null,1),
(2,26,0,'CREDIT','INCREASE','2601','손익','Profit and loss',1,0,0,0,null,1),
(2,14,1,'CREDIT','INCREASE','1401','상품매출','Sales-merchandise',1,0,0,0,null,1),
(2,14,2,'DEBIT','DECREASE','1402','매출환입및에누리','Purchase returns',1,0,0,0,1401,1),
(2,14,3,'DEBIT','DECREASE','1403','매출할인','Purchase discount',1,0,0,0,1401,1),
(2,14,1,'CREDIT','INCREASE','1404','제품매출','Sales-finished goods',1,0,0,0,null,1),
(2,14,2,'DEBIT','DECREASE','1405','매출환입및에누리','Purchase returns',1,0,0,0,1404,1),
(2,14,3,'DEBIT','DECREASE','1406','매출할인','Purchase discount',1,0,0,0,1404,1),
(2,14,1,'CREDIT','INCREASE','1407','공사수입금','Revenues-construction',1,1,0,0,null,1),
(2,14,3,'DEBIT','DECREASE','1408','매출할인','Purchase discount',1,1,0,0,1407,1),
(2,14,1,'CREDIT','INCREASE','1409','완성건물매출','Completed building sales',1,0,0,0,null,1),
(2,14,3,'DEBIT','DECREASE','1410','매출할인','Purchase discount',1,0,0,0,1409,1),
(2,14,1,'CREDIT','INCREASE','1411','임대료수입','Revenues-rental',1,0,0,0,null,1),
(2,14,2,'DEBIT','DECREASE','1412','매출환입및에누리','User setup accounts',1,0,0,0,1411,1),
(2,14,3,'DEBIT','DECREASE','1413','매출할인','User setup accounts',1,0,0,0,1411,1),
(2,14,1,'CREDIT','INCREASE','1414','보관료수입','User setup accounts',1,0,0,0,null,1),
(2,14,2,'DEBIT','DECREASE','1415','매출환입및에누리','User setup accounts',1,0,0,0,1414,1),
(2,14,3,'DEBIT','DECREASE','1416','매출할인','User setup accounts',1,0,0,0,1414,1),
(2,14,1,'CREDIT','INCREASE','1417','운송료수입','User setup accounts',1,0,0,0,null,1),
(2,14,2,'DEBIT','DECREASE','1418','매출환입및에누리','User setup accounts',1,0,0,0,1417,1),
(2,14,3,'DEBIT','DECREASE','1419','매출할인','User setup accounts',1,0,0,0,1417,1),
(2,14,0,'CREDIT','INCREASE','1420','사용자설정계정과목','User setup accounts',1,1,0,0,null,1),
(2,14,0,'CREDIT','INCREASE','1421','사용자설정계정과목','User setup accounts',1,1,0,0,null,1),
(2,14,0,'CREDIT','INCREASE','1422','사용자설정계정과목','User setup accounts',1,1,0,0,null,1),
(2,14,0,'CREDIT','INCREASE','1423','사용자설정계정과목','User setup accounts',1,1,0,0,null,1),
(2,14,0,'CREDIT','INCREASE','1424','사용자설정계정과목','User setup accounts',1,1,0,0,null,1),
(2,14,0,'CREDIT','INCREASE','1425','사용자설정계정과목','User setup accounts',1,1,0,0,null,1),
(2,14,0,'CREDIT','INCREASE','1426','사용자설정계정과목','User setup accounts',1,1,0,0,null,1),
(2,14,0,'CREDIT','INCREASE','1427','사용자설정계정과목','User setup accounts',1,1,0,0,null,1),
(2,14,0,'CREDIT','INCREASE','1428','사용자설정계정과목','User setup accounts',1,1,0,0,null,1),
(2,14,0,'CREDIT','INCREASE','1429','사용자설정계정과목','User setup accounts',1,1,0,0,null,1),
(2,14,0,'CREDIT','INCREASE','1430','사용자설정계정과목','User setup accounts',1,1,0,0,null,1),
(2,15,3,'DEBIT','INCREASE','1501','상품매출원가','Cost of merchandise sold',1,0,0,0,201,1),
(2,15,1,'DEBIT','INCREASE','1502','도급공사매출원가','Contract construction sales cost',1,0,0,0,null,1),
(2,15,4,'DEBIT','INCREASE','1503','분양공사매출원가','Lotting out construction sales cost',1,0,0,0,207,1),
(2,15,0,'DEBIT','INCREASE','1504','사용자설정계정과목','Manufacture',1,1,0,0,null,1),
(2,15,2,'DEBIT','INCREASE','1505','제품매출원가','Cost of goods sold',1,0,0,0,205,1),
(2,15,0,'DEBIT','INCREASE','1506','사용자설정계정과목','Housing production',1,1,0,0,null,1),
(2,15,1,'DEBIT','INCREASE','1507','보관매출원가','User setup accounts',1,0,0,0,null,1),
(2,15,1,'DEBIT','INCREASE','1508','운송매출원가','User setup accounts',1,0,0,0,null,1),
(2,15,0,'DEBIT','INCREASE','1509','사용자설정계정과목','User setup accounts',1,1,0,0,null,1),
(2,15,0,'DEBIT','INCREASE','1510','사용자설정계정과목','User setup accounts',1,1,0,0,null,1),
(2,15,0,'DEBIT','INCREASE','1511','사용자설정계정과목','User setup accounts',1,1,0,0,null,1),
(2,15,0,'DEBIT','INCREASE','1512','사용자설정계정과목','User setup accounts',1,1,0,0,null,1),
(2,15,0,'DEBIT','INCREASE','1513','사용자설정계정과목','User setup accounts',1,1,0,0,null,1),
(2,15,0,'DEBIT','INCREASE','1514','사용자설정계정과목','User setup accounts',1,1,0,0,null,1),
(2,15,0,'DEBIT','INCREASE','1515','사용자설정계정과목','User setup accounts',1,1,0,0,null,1),
(2,15,0,'DEBIT','INCREASE','1516','사용자설정계정과목','User setup accounts',1,1,0,0,null,1),
(2,15,0,'DEBIT','INCREASE','1517','사용자설정계정과목','User setup accounts',1,1,0,0,null,1),
(2,15,0,'DEBIT','INCREASE','1518','사용자설정계정과목','User setup accounts',1,1,0,0,null,1),
(2,15,0,'DEBIT','INCREASE','1519','사용자설정계정과목','User setup accounts',1,1,0,0,null,1),
(2,15,0,'DEBIT','INCREASE','1520','사용자설정계정과목','User setup accounts',1,1,0,0,null,1),
(2,16,1,'DEBIT','INCREASE','1601','원재료비','Raw material cost',1,0,0,0,208,1),
(2,16,2,'DEBIT','INCREASE','1602','부재료비','Sub-material cost',1,0,0,0,217,1),
(2,16,3,'DEBIT','INCREASE','1603','급여','Salaries expenses',1,1,0,0,null,1),
(2,16,3,'DEBIT','INCREASE','1604','임금','Wage',1,1,0,0,null,1),
(2,16,3,'DEBIT','INCREASE','1605','상여금','bonuses',1,1,0,0,null,1),
(2,16,3,'DEBIT','INCREASE','1606','제수당','Miscellaneous benefits',1,1,0,0,null,1),
(2,16,3,'DEBIT','INCREASE','1607','잡급','Miscellaneous salaries',1,1,0,0,null,1),
(2,16,4,'DEBIT','INCREASE','1608','퇴직급여','Retirement benefits',1,0,0,0,null,1),
(2,16,4,'DEBIT','INCREASE','1609','퇴직보험충당금전입','Transfer to reserve for retirement insurance allowances',1,0,0,0,null,1),
(2,16,0,'DEBIT','INCREASE','1610','사용자설정계정과목','Retirement benefits',1,1,0,0,null,1),
(2,16,5,'DEBIT','INCREASE','1611','복리후생비','Employee benefits',1,1,0,0,null,1),
(2,16,5,'DEBIT','INCREASE','1612','여비교통비','Travel expenses',1,1,0,0,null,1),
(2,16,5,'DEBIT','INCREASE','1613','기업업무추진비','Entertainment expenses',1,0,0,0,null,1),
(2,16,5,'DEBIT','INCREASE','1614','통신비','Communication expenses',1,1,0,0,null,1),
(2,16,5,'DEBIT','INCREASE','1615','가스수도료','Water and gas',1,1,0,0,null,1),
(2,16,5,'DEBIT','INCREASE','1616','전력비','Electricity',1,1,0,0,null,1),
(2,16,5,'DEBIT','INCREASE','1617','세금과공과','Taxes and dues',1,1,0,0,null,1),
(2,16,5,'DEBIT','INCREASE','1618','감가상각비','Depreciation expenses',1,0,0,0,null,1),
(2,16,5,'DEBIT','INCREASE','1619','임차료','Rental expenses',1,1,0,0,null,1),
(2,16,5,'DEBIT','INCREASE','1620','수선비','Repairs expenses',1,1,0,0,null,1),
(2,16,5,'DEBIT','INCREASE','1621','보험료','Insurance premium',1,1,0,0,null,1),
(2,16,5,'DEBIT','INCREASE','1622','차량유지비','Vehicles maintenance expenses',1,1,0,0,null,1),
(2,16,5,'DEBIT','INCREASE','1623','경상연구개발비','Research & development expenses',1,1,0,0,null,1),
(2,16,5,'DEBIT','INCREASE','1624','운반비','Freight expenses',1,1,0,0,null,1),
(2,16,5,'DEBIT','INCREASE','1625','교육훈련비','Training expenses',1,1,0,0,null,1),
(2,16,5,'DEBIT','INCREASE','1626','도서인쇄비','Publication expenses',1,1,0,0,null,1),
(2,16,5,'DEBIT','INCREASE','1627','회의비','Convention expenses',1,1,0,0,null,1),
(2,16,5,'DEBIT','INCREASE','1628','포장비','Packaging expenses',1,1,0,0,null,1),
(2,16,5,'DEBIT','INCREASE','1629','사무용품비','Office supplies ',1,1,0,0,null,1),
(2,16,5,'DEBIT','INCREASE','1630','소모품비','Supplies expenses',1,1,0,0,null,1),
(2,16,5,'DEBIT','INCREASE','1631','수수료비용','Service fees',1,1,0,0,null,1),
(2,16,5,'DEBIT','INCREASE','1632','보관료','Custody charges',1,1,0,0,null,1),
(2,16,5,'DEBIT','INCREASE','1633','외주가공비','Outsourcing processing expenses',1,1,0,0,null,1),
(2,16,5,'DEBIT','INCREASE','1634','시험비','Examination fees',1,1,0,0,null,1),
(2,16,5,'DEBIT','INCREASE','1635','기밀비','Promotional expenses',1,1,0,0,null,1),
(2,16,5,'DEBIT','INCREASE','1636','잡비','Miscellaneous expenses',1,1,0,0,null,1),
(2,16,0,'DEBIT','INCREASE','1637','사용자설정계정과목','User setup accounts',1,1,0,0,null,1),
(2,16,0,'DEBIT','INCREASE','1638','사용자설정계정과목','User setup accounts',1,1,0,0,null,1),
(2,16,0,'DEBIT','INCREASE','1639','사용자설정계정과목','User setup accounts',1,1,0,0,null,1),
(2,16,0,'DEBIT','INCREASE','1640','사용자설정계정과목','User setup accounts',1,1,0,0,null,1),
(2,16,0,'DEBIT','INCREASE','1641','사용자설정계정과목','User setup accounts',1,1,0,0,null,1),
(2,16,0,'DEBIT','INCREASE','1642','사용자설정계정과목','User setup accounts',1,1,0,0,null,1),
(2,16,0,'DEBIT','INCREASE','1643','사용자설정계정과목','User setup accounts',1,1,0,0,null,1),
(2,16,0,'DEBIT','INCREASE','1644','사용자설정계정과목','User setup accounts',1,1,0,0,null,1),
(2,16,0,'DEBIT','INCREASE','1645','사용자설정계정과목','User setup accounts',1,1,0,0,null,1),
(2,16,0,'DEBIT','INCREASE','1646','사용자설정계정과목','User setup accounts',1,1,0,0,null,1),
(2,16,0,'DEBIT','INCREASE','1647','사용자설정계정과목','User setup accounts',1,1,0,0,null,1),
(2,16,0,'DEBIT','INCREASE','1648','사용자설정계정과목','User setup accounts',1,1,0,0,null,1),
(2,16,4,'DEBIT','INCREASE','1649','명예퇴직금','Early retirement benefit',1,1,0,0,null,1),
(2,16,4,'DEBIT','INCREASE','1650','퇴직연금충당금전입','User setup accounts',1,0,0,0,null,1),
(2,16,0,'DEBIT','INCREASE','1651','사용자설정계정과목','User setup accounts',1,1,0,0,null,1),
(2,16,0,'DEBIT','INCREASE','1652','사용자설정계정과목','User setup accounts',1,1,0,0,null,1),
(2,16,0,'DEBIT','INCREASE','1653','사용자설정계정과목','User setup accounts',1,1,0,0,null,1),
(2,16,0,'DEBIT','INCREASE','1654','사용자설정계정과목','User setup accounts',1,1,0,0,null,1),
(2,16,0,'DEBIT','INCREASE','1655','사용자설정계정과목','User setup accounts',1,1,0,0,null,1),
(2,16,0,'DEBIT','INCREASE','1656','사용자설정계정과목','User setup accounts',1,1,0,0,null,1),
(2,16,0,'DEBIT','INCREASE','1657','사용자설정계정과목','User setup accounts',1,1,0,0,null,1),
(2,16,0,'DEBIT','INCREASE','1658','사용자설정계정과목','User setup accounts',1,1,0,0,null,1),
(2,16,0,'DEBIT','INCREASE','1659','사용자설정계정과목','User setup accounts',1,1,0,0,null,1),
(2,16,0,'DEBIT','INCREASE','1660','사용자설정계정과목','User setup accounts',1,1,0,0,null,1),
(2,16,0,'DEBIT','INCREASE','1661','사용자설정계정과목','User setup accounts',1,1,0,0,null,1),
(2,16,0,'DEBIT','INCREASE','1662','사용자설정계정과목','User setup accounts',1,1,0,0,null,1),
(2,16,0,'DEBIT','INCREASE','1663','사용자설정계정과목','User setup accounts',1,1,0,0,null,1),
(2,16,0,'DEBIT','INCREASE','1664','사용자설정계정과목','User setup accounts',1,1,0,0,null,1),
(2,16,0,'DEBIT','INCREASE','1665','사용자설정계정과목','User setup accounts',1,1,0,0,null,1),
(2,16,0,'DEBIT','INCREASE','1666','사용자설정계정과목','User setup accounts',1,1,0,0,null,1),
(2,16,0,'DEBIT','INCREASE','1667','사용자설정계정과목','User setup accounts',1,1,0,0,null,1),
(2,16,0,'DEBIT','INCREASE','1668','사용자설정계정과목','User setup accounts',1,1,0,0,null,1),
(2,16,0,'DEBIT','INCREASE','1669','사용자설정계정과목','User setup accounts',1,1,0,0,null,1),
(2,16,0,'DEBIT','INCREASE','1670','사용자설정계정과목','User setup accounts',1,1,0,0,null,1),
(2,16,0,'DEBIT','INCREASE','1671','사용자설정계정과목','User setup accounts',1,1,0,0,null,1),
(2,16,0,'DEBIT','INCREASE','1672','사용자설정계정과목','User setup accounts',1,1,0,0,null,1),
(2,16,0,'DEBIT','INCREASE','1673','사용자설정계정과목','User setup accounts',1,1,0,0,null,1),
(2,16,0,'DEBIT','INCREASE','1674','사용자설정계정과목','User setup accounts',1,1,0,0,null,1),
(2,16,0,'DEBIT','INCREASE','1675','사용자설정계정과목','User setup accounts',1,1,0,0,null,1),
(2,16,0,'DEBIT','INCREASE','1676','사용자설정계정과목','User setup accounts',1,1,0,0,null,1),
(2,16,0,'DEBIT','INCREASE','1677','사용자설정계정과목','User setup accounts',1,1,0,0,null,1),
(2,16,0,'DEBIT','INCREASE','1678','사용자설정계정과목','User setup accounts',1,1,0,0,null,1),
(2,16,0,'DEBIT','INCREASE','1679','사용자설정계정과목','User setup accounts',1,1,0,0,null,1),
(2,16,0,'DEBIT','INCREASE','1680','사용자설정계정과목','User setup accounts',1,1,0,0,null,1),
(2,16,0,'DEBIT','INCREASE','1681','사용자설정계정과목','User setup accounts',1,1,0,0,null,1),
(2,16,0,'DEBIT','INCREASE','1682','사용자설정계정과목','User setup accounts',1,1,0,0,null,1),
(2,16,0,'DEBIT','INCREASE','1683','사용자설정계정과목','User setup accounts',1,1,0,0,null,1),
(2,16,0,'DEBIT','INCREASE','1684','사용자설정계정과목','User setup accounts',1,1,0,0,null,1),
(2,16,0,'DEBIT','INCREASE','1685','사용자설정계정과목','User setup accounts',1,1,0,0,null,1),
(2,16,0,'DEBIT','INCREASE','1686','사용자설정계정과목','User setup accounts',1,1,0,0,null,1),
(2,16,0,'DEBIT','INCREASE','1687','사용자설정계정과목','User setup accounts',1,1,0,0,null,1),
(2,16,0,'DEBIT','INCREASE','1688','사용자설정계정과목','User setup accounts',1,1,0,0,null,1),
(2,16,0,'DEBIT','INCREASE','1689','사용자설정계정과목','User setup accounts',1,1,0,0,null,1),
(2,16,0,'DEBIT','INCREASE','1690','사용자설정계정과목','User setup accounts',1,1,0,0,null,1),
(2,16,0,'DEBIT','INCREASE','1691','사용자설정계정과목','User setup accounts',1,1,0,0,null,1),
(2,16,0,'DEBIT','INCREASE','1692','사용자설정계정과목','User setup accounts',1,1,0,0,null,1),
(2,16,0,'DEBIT','INCREASE','1693','사용자설정계정과목','User setup accounts',1,1,0,0,null,1),
(2,16,0,'DEBIT','INCREASE','1694','사용자설정계정과목','User setup accounts',1,1,0,0,null,1),
(2,16,0,'DEBIT','INCREASE','1695','사용자설정계정과목','User setup accounts',1,1,0,0,null,1),
(2,16,0,'DEBIT','INCREASE','1696','사용자설정계정과목','User setup accounts',1,1,0,0,null,1),
(2,16,0,'DEBIT','INCREASE','1697','사용자설정계정과목','User setup accounts',1,1,0,0,null,1),
(2,16,0,'DEBIT','INCREASE','1698','사용자설정계정과목','User setup accounts',1,1,0,0,null,1),
(2,16,0,'DEBIT','INCREASE','1699','사용자설정계정과목','User setup accounts',1,1,0,0,null,1),
(2,16,0,'DEBIT','INCREASE','1700','사용자설정계정과목','User setup accounts',1,1,0,0,null,1),
(2,17,1,'DEBIT','INCREASE','1701','원재료비','Raw material cost',1,0,0,0,211,1),
(2,17,6,'DEBIT','INCREASE','1702','외주비','Outsourcing cost',1,0,0,0,null,1),
(2,17,3,'DEBIT','INCREASE','1703','급여','Salaries expenses',1,1,0,0,null,1),
(2,17,3,'DEBIT','INCREASE','1704','임금','Wage',1,1,0,0,null,1),
(2,17,3,'DEBIT','INCREASE','1705','상여금','bonuses',1,1,0,0,null,1),
(2,17,3,'DEBIT','INCREASE','1706','제수당','Miscellaneous benefits',1,1,0,0,null,1),
(2,17,4,'DEBIT','INCREASE','1707','퇴직급여','Miscellaneous salaries',1,0,0,0,null,1),
(2,17,4,'DEBIT','INCREASE','1708','퇴직보험충당금전입','Retirement benefits',1,0,0,0,null,1),
(2,17,0,'DEBIT','INCREASE','1709','사용자설정계정과목','Transfer to reserve for retirement insurance allowances',1,1,0,0,null,1),
(2,17,6,'DEBIT','INCREASE','1710','중기및운반비','Heavy machinery and delivery expenses',1,0,0,0,null,1),
(2,17,5,'DEBIT','INCREASE','1711','복리후생비','Employee benefits',1,1,0,0,null,1),
(2,17,5,'DEBIT','INCREASE','1712','여비교통비','Travel expenses',1,1,0,0,null,1),
(2,17,5,'DEBIT','INCREASE','1713','기업업무추진비','Entertainment expenses',1,0,0,0,null,1),
(2,17,5,'DEBIT','INCREASE','1714','통신비','Communication expenses',1,1,0,0,null,1),
(2,17,5,'DEBIT','INCREASE','1715','가스수도료','Water and gas',1,1,0,0,null,1),
(2,17,5,'DEBIT','INCREASE','1716','전력비','Electricity',1,1,0,0,null,1),
(2,17,5,'DEBIT','INCREASE','1717','세금과공과','Taxes and dues',1,1,0,0,null,1),
(2,17,5,'DEBIT','INCREASE','1718','감가상각비','Depreciation expenses',1,0,0,0,null,1),
(2,17,5,'DEBIT','INCREASE','1719','임차료','Rental expenses',1,1,0,0,null,1),
(2,17,5,'DEBIT','INCREASE','1720','수선비','Repairs expenses',1,1,0,0,null,1),
(2,17,5,'DEBIT','INCREASE','1721','보험료','Insurance premium',1,1,0,0,null,1),
(2,17,5,'DEBIT','INCREASE','1722','차량유지비','Vehicles maintenance expenses',1,1,0,0,null,1),
(2,17,5,'DEBIT','INCREASE','1723','운반비','Freight expenses',1,1,0,0,null,1),
(2,17,5,'DEBIT','INCREASE','1724','잡자재대','Miscellaneous materials',1,1,0,0,null,1),
(2,17,5,'DEBIT','INCREASE','1725','교육훈련비','Training expenses',1,1,0,0,null,1),
(2,17,5,'DEBIT','INCREASE','1726','도서인쇄비','Publication expenses',1,1,0,0,null,1),
(2,17,5,'DEBIT','INCREASE','1727','하자보수비','Warranty expenses',1,1,0,0,null,1),
(2,17,5,'DEBIT','INCREASE','1728','포장비','Packaging expenses',1,1,0,0,null,1),
(2,17,5,'DEBIT','INCREASE','1729','사무용품비','Office supplies ',1,1,0,0,null,1),
(2,17,5,'DEBIT','INCREASE','1730','소모품비','Supplies expenses',1,1,0,0,null,1),
(2,17,5,'DEBIT','INCREASE','1731','수수료비용','Service fees',1,1,0,0,null,1),
(2,17,5,'DEBIT','INCREASE','1732','보관료','Custody charges',1,1,0,0,null,1),
(2,17,5,'DEBIT','INCREASE','1733','외주가공비','Outsourcing processing expenses',1,1,0,0,null,1),
(2,17,5,'DEBIT','INCREASE','1734','장비사용료','Equipment rental fee',1,1,0,0,null,1),
(2,17,5,'DEBIT','INCREASE','1735','설계용역비','Design service charges',1,1,0,0,null,1),
(2,17,5,'DEBIT','INCREASE','1736','광고선전비','Advertising expenses',1,1,0,0,null,1),
(2,17,5,'DEBIT','INCREASE','1737','소모공구비','Consumable tool expeneses',1,1,0,0,null,1),
(2,17,5,'DEBIT','INCREASE','1738','외주공사비','Outsourcing construction expenses',1,1,0,0,null,1),
(2,17,5,'DEBIT','INCREASE','1739','협회비','Association expenses',1,1,0,0,null,1),
(2,17,5,'DEBIT','INCREASE','1740','잡비','Miscellaneous expenses',1,1,0,0,null,1),
(2,17,6,'DEBIT','INCREASE','1741','공사손실충당금전입','Provision for construction loss',1,0,0,0,null,1),
(2,17,6,'CREDIT','DECREASE','1742','공사손실충당금환입','Return allowance for costruction loss',1,0,0,0,null,1),
(2,17,0,'DEBIT','INCREASE','1743','사용자설정계정과목','User setup accounts',1,1,0,0,null,1),
(2,17,0,'DEBIT','INCREASE','1744','사용자설정계정과목','User setup accounts',1,1,0,0,null,1),
(2,17,0,'DEBIT','INCREASE','1745','사용자설정계정과목','User setup accounts',1,1,0,0,null,1),
(2,17,0,'DEBIT','INCREASE','1746','사용자설정계정과목','User setup accounts',1,1,0,0,null,1),
(2,17,0,'DEBIT','INCREASE','1747','사용자설정계정과목','User setup accounts',1,1,0,0,null,1),
(2,17,0,'DEBIT','INCREASE','1748','사용자설정계정과목','User setup accounts',1,1,0,0,null,1),
(2,17,4,'DEBIT','INCREASE','1749','명예퇴직금','Early retirement benefit',1,1,0,0,null,1),
(2,17,4,'DEBIT','INCREASE','1750','퇴직연금충당금전입','User setup accounts',1,0,0,0,null,1),
(2,18,0,'DEBIT','INCREASE','1801','사용자설정계정과목','User setup accounts',1,1,0,0,null,1),
(2,18,0,'DEBIT','INCREASE','1802','사용자설정계정과목','User setup accounts',1,1,0,0,null,1),
(2,18,3,'DEBIT','INCREASE','1803','급여','User setup accounts',1,1,0,0,null,1),
(2,18,3,'DEBIT','INCREASE','1804','임금','User setup accounts',1,1,0,0,null,1),
(2,18,3,'DEBIT','INCREASE','1805','상여금','User setup accounts',1,1,0,0,null,1),
(2,18,0,'DEBIT','INCREASE','1806','사용자설정계정과목','User setup accounts',1,1,0,0,null,1),
(2,18,4,'DEBIT','INCREASE','1807','퇴직급여','User setup accounts',1,0,0,0,null,1),
(2,18,0,'DEBIT','INCREASE','1808','사용자설정계정과목','User setup accounts',1,1,0,0,null,1),
(2,18,0,'DEBIT','INCREASE','1809','사용자설정계정과목','User setup accounts',1,1,0,0,null,1),
(2,18,0,'DEBIT','INCREASE','1810','사용자설정계정과목','User setup accounts',1,1,0,0,null,1),
(2,18,5,'DEBIT','INCREASE','1811','복리후생비','User setup accounts',1,1,0,0,null,1),
(2,18,5,'DEBIT','INCREASE','1812','여비교통비','User setup accounts',1,1,0,0,null,1),
(2,18,5,'DEBIT','INCREASE','1813','기업업무추진비','User setup accounts',1,0,0,0,null,1),
(2,18,5,'DEBIT','INCREASE','1814','통신비','User setup accounts',1,1,0,0,null,1),
(2,18,5,'DEBIT','INCREASE','1815','가스수도료','User setup accounts',1,1,0,0,null,1),
(2,18,5,'DEBIT','INCREASE','1816','전력비','User setup accounts',1,1,0,0,null,1),
(2,18,5,'DEBIT','INCREASE','1817','세금과공과','User setup accounts',1,1,0,0,null,1),
(2,18,5,'DEBIT','INCREASE','1818','감가상각비','User setup accounts',1,0,0,0,null,1),
(2,18,5,'DEBIT','INCREASE','1819','임차료','User setup accounts',1,1,0,0,null,1),
(2,18,5,'DEBIT','INCREASE','1820','수선비','User setup accounts',1,1,0,0,null,1),
(2,18,5,'DEBIT','INCREASE','1821','보험료','User setup accounts',1,1,0,0,null,1),
(2,18,5,'DEBIT','INCREASE','1822','차량유지비','User setup accounts',1,1,0,0,null,1),
(2,18,5,'DEBIT','INCREASE','1823','운반비','User setup accounts',1,1,0,0,null,1),
(2,18,0,'DEBIT','INCREASE','1824','사용자설정계정과목','User setup accounts',1,1,0,0,null,1),
(2,18,5,'DEBIT','INCREASE','1825','교육훈련비','User setup accounts',1,1,0,0,null,1),
(2,18,5,'DEBIT','INCREASE','1826','도서인쇄비','User setup accounts',1,1,0,0,null,1),
(2,18,0,'DEBIT','INCREASE','1827','사용자설정계정과목','User setup accounts',1,1,0,0,null,1),
(2,18,0,'DEBIT','INCREASE','1828','사용자설정계정과목','User setup accounts',1,1,0,0,null,1),
(2,18,5,'DEBIT','INCREASE','1829','사무용품비','User setup accounts',1,1,0,0,null,1),
(2,18,5,'DEBIT','INCREASE','1830','소모품비','User setup accounts',1,1,0,0,null,1),
(2,18,4,'DEBIT','INCREASE','1831','퇴직연금충당금전입','User setup accounts',1,0,0,0,null,1),
(2,18,0,'DEBIT','INCREASE','1832','사용자설정계정과목','User setup accounts',1,1,0,0,null,1),
(2,18,0,'DEBIT','INCREASE','1833','사용자설정계정과목','User setup accounts',1,1,0,0,null,1),
(2,18,0,'DEBIT','INCREASE','1834','사용자설정계정과목','User setup accounts',1,1,0,0,null,1),
(2,18,0,'DEBIT','INCREASE','1835','사용자설정계정과목','User setup accounts',1,1,0,0,null,1),
(2,18,0,'DEBIT','INCREASE','1836','사용자설정계정과목','User setup accounts',1,1,0,0,null,1),
(2,18,0,'DEBIT','INCREASE','1837','사용자설정계정과목','User setup accounts',1,1,0,0,null,1),
(2,18,0,'DEBIT','INCREASE','1838','사용자설정계정과목','User setup accounts',1,1,0,0,null,1),
(2,18,0,'DEBIT','INCREASE','1839','사용자설정계정과목','User setup accounts',1,1,0,0,null,1),
(2,18,0,'DEBIT','INCREASE','1840','사용자설정계정과목','User setup accounts',1,1,0,0,null,1),
(2,18,0,'DEBIT','INCREASE','1841','사용자설정계정과목','User setup accounts',1,1,0,0,null,1),
(2,18,0,'DEBIT','INCREASE','1842','사용자설정계정과목','User setup accounts',1,1,0,0,null,1),
(2,18,0,'DEBIT','INCREASE','1843','사용자설정계정과목','User setup accounts',1,1,0,0,null,1),
(2,18,0,'DEBIT','INCREASE','1844','사용자설정계정과목','User setup accounts',1,1,0,0,null,1),
(2,18,0,'DEBIT','INCREASE','1845','사용자설정계정과목','User setup accounts',1,1,0,0,null,1),
(2,18,0,'DEBIT','INCREASE','1846','사용자설정계정과목','User setup accounts',1,1,0,0,null,1),
(2,18,0,'DEBIT','INCREASE','1847','사용자설정계정과목','User setup accounts',1,1,0,0,null,1),
(2,18,0,'DEBIT','INCREASE','1848','사용자설정계정과목','User setup accounts',1,1,0,0,null,1),
(2,18,0,'DEBIT','INCREASE','1849','사용자설정계정과목','User setup accounts',1,1,0,0,null,1),
(2,18,0,'DEBIT','INCREASE','1850','사용자설정계정과목','User setup accounts',1,1,0,0,null,1),
(2,19,1,'DEBIT','INCREASE','1901','원재료비','Raw material cost',1,0,0,0,214,1),
(2,19,6,'DEBIT','INCREASE','1902','중기및운반비','Heavy machinery and delivery expenses',1,0,0,0,null,1),
(2,19,3,'DEBIT','INCREASE','1903','급여','Salaries expenses',1,1,0,0,null,1),
(2,19,3,'DEBIT','INCREASE','1904','임금','Wage',1,1,0,0,null,1),
(2,19,3,'DEBIT','INCREASE','1905','상여금','bonuses',1,1,0,0,null,1),
(2,19,3,'DEBIT','INCREASE','1906','제수당','Miscellaneous benefits',1,1,0,0,null,1),
(2,19,4,'DEBIT','INCREASE','1907','퇴직급여','Miscellaneous salaries',1,0,0,0,null,1),
(2,19,4,'DEBIT','INCREASE','1908','퇴직보험충당금전입','Retirement benefits',1,0,0,0,null,1),
(2,19,4,'DEBIT','INCREASE','1909','사용자설정계정과목','Transfer to reserve for retirement insurance allowances',1,1,0,0,null,1),
(2,19,6,'DEBIT','INCREASE','1910','건설용지비','Construction site expenses',1,0,0,0,220,1),
(2,19,5,'DEBIT','INCREASE','1911','복리후생비','Employee benefits',1,1,0,0,null,1),
(2,19,5,'DEBIT','INCREASE','1912','여비교통비','Travel expenses',1,1,0,0,null,1),
(2,19,5,'DEBIT','INCREASE','1913','기업업무추진비','Entertainment expenses',1,0,0,0,null,1),
(2,19,5,'DEBIT','INCREASE','1914','통신비','Communication expenses',1,1,0,0,null,1),
(2,19,5,'DEBIT','INCREASE','1915','가스수도료','Water and gas',1,1,0,0,null,1),
(2,19,5,'DEBIT','INCREASE','1916','전력비','Electricity',1,1,0,0,null,1),
(2,19,5,'DEBIT','INCREASE','1917','세금과공과','Taxes and dues',1,1,0,0,null,1),
(2,19,5,'DEBIT','INCREASE','1918','감가상각비','Depreciation expenses',1,0,0,0,null,1),
(2,19,5,'DEBIT','INCREASE','1919','임차료','Rental expenses',1,1,0,0,null,1),
(2,19,5,'DEBIT','INCREASE','1920','수선비','Repairs expenses',1,1,0,0,null,1),
(2,19,5,'DEBIT','INCREASE','1921','보험료','Insurance premium',1,1,0,0,null,1),
(2,19,5,'DEBIT','INCREASE','1922','차량유지비','Vehicles maintenance expenses',1,1,0,0,null,1),
(2,19,5,'DEBIT','INCREASE','1923','경상연구개발비','Research & development expenses',1,1,0,0,null,1),
(2,19,5,'DEBIT','INCREASE','1924','잡자재대','Miscellaneous materials',1,1,0,0,null,1),
(2,19,5,'DEBIT','INCREASE','1925','교육훈련비','Training expenses',1,1,0,0,null,1),
(2,19,5,'DEBIT','INCREASE','1926','도서인쇄비','Publication expenses',1,1,0,0,null,1),
(2,19,5,'DEBIT','INCREASE','1927','회의비','Convention expenses',1,1,0,0,null,1),
(2,19,5,'DEBIT','INCREASE','1928','포장비','Packaging expenses',1,1,0,0,null,1),
(2,19,5,'DEBIT','INCREASE','1929','사무용품비','Office supplies ',1,1,0,0,null,1),
(2,19,5,'DEBIT','INCREASE','1930','소모품비','Supplies expenses',1,1,0,0,null,1),
(2,19,5,'DEBIT','INCREASE','1931','수수료비용','Service fees',1,1,0,0,null,1),
(2,19,5,'DEBIT','INCREASE','1932','보관료','Custody charges',1,1,0,0,null,1),
(2,19,5,'DEBIT','INCREASE','1933','외주가공비','Outsourcing processing expenses',1,1,0,0,null,1),
(2,19,5,'DEBIT','INCREASE','1934','시험비','Examination fees',1,1,0,0,null,1),
(2,19,5,'DEBIT','INCREASE','1935','설계용역비','Design service charges',1,1,0,0,null,1),
(2,19,5,'DEBIT','INCREASE','1936','가설재손료','Temporary loss',1,1,0,0,null,1),
(2,19,5,'DEBIT','INCREASE','1937','잡비','Consumable tool expeneses',1,1,0,0,null,1),
(2,19,0,'DEBIT','INCREASE','1938','사용자설정계정과목','User setup accounts',1,1,0,0,null,1),
(2,19,0,'DEBIT','INCREASE','1939','사용자설정계정과목','User setup accounts',1,1,0,0,null,1),
(2,19,0,'DEBIT','INCREASE','1940','사용자설정계정과목','User setup accounts',1,1,0,0,null,1),
(2,19,6,'DEBIT','INCREASE','1941','공사손실충당금전입','Provision for construction loss',1,0,0,0,null,1),
(2,19,6,'CREDIT','DECREASE','1942','공사손실충당금환입','Return allowance for costruction loss',1,0,0,0,null,1),
(2,19,6,'DEBIT','INCREASE','1943','외주비','Outsourcing processing expenses',1,0,0,0,null,1),
(2,19,0,'DEBIT','INCREASE','1944','사용자설정계정과목','User setup accounts',1,1,0,0,null,1),
(2,19,0,'DEBIT','INCREASE','1945','사용자설정계정과목','User setup accounts',1,1,0,0,null,1),
(2,19,0,'DEBIT','INCREASE','1946','사용자설정계정과목','User setup accounts',1,1,0,0,null,1),
(2,19,0,'DEBIT','INCREASE','1947','사용자설정계정과목','User setup accounts',1,1,0,0,null,1),
(2,19,0,'DEBIT','INCREASE','1948','사용자설정계정과목','User setup accounts',1,1,0,0,null,1),
(2,19,4,'DEBIT','INCREASE','1949','명예퇴직금','Early retirement benefit',1,1,0,0,null,1),
(2,19,4,'DEBIT','INCREASE','1950','퇴직연금충당금전입','User setup accounts',1,0,0,0,null,1),
(2,20,1,'DEBIT','INCREASE','2001','유류비','User setup accounts',1,0,0,0,227,1),
(2,20,0,'DEBIT','INCREASE','2002','사용자설정계정과목','User setup accounts',1,1,0,0,null,1),
(2,20,3,'DEBIT','INCREASE','2003','급여','User setup accounts',1,1,0,0,null,1),
(2,20,3,'DEBIT','INCREASE','2004','임금','User setup accounts',1,1,0,0,null,1),
(2,20,3,'DEBIT','INCREASE','2005','상여금','User setup accounts',1,1,0,0,null,1),
(2,20,0,'DEBIT','INCREASE','2006','사용자설정계정과목','User setup accounts',1,1,0,0,null,1),
(2,20,4,'DEBIT','INCREASE','2007','퇴직급여','User setup accounts',1,0,0,0,null,1),
(2,20,0,'DEBIT','INCREASE','2008','사용자설정계정과목','User setup accounts',1,1,0,0,null,1),
(2,20,0,'DEBIT','INCREASE','2009','사용자설정계정과목','User setup accounts',1,1,0,0,null,1),
(2,20,0,'DEBIT','INCREASE','2010','사용자설정계정과목','User setup accounts',1,1,0,0,null,1),
(2,20,5,'DEBIT','INCREASE','2011','복리후생비','User setup accounts',1,1,0,0,null,1),
(2,20,5,'DEBIT','INCREASE','2012','여비교통비','User setup accounts',1,1,0,0,null,1),
(2,20,5,'DEBIT','INCREASE','2013','기업업무추진비','User setup accounts',1,0,0,0,null,1),
(2,20,5,'DEBIT','INCREASE','2014','통신비','User setup accounts',1,1,0,0,null,1),
(2,20,5,'DEBIT','INCREASE','2015','가스수도비','User setup accounts',1,1,0,0,null,1),
(2,20,5,'DEBIT','INCREASE','2016','전력비','User setup accounts',1,1,0,0,null,1),
(2,20,5,'DEBIT','INCREASE','2017','세금과공과','User setup accounts',1,1,0,0,null,1),
(2,20,5,'DEBIT','INCREASE','2018','감가상각비','User setup accounts',1,0,0,0,null,1),
(2,20,5,'DEBIT','INCREASE','2019','임차료','User setup accounts',1,1,0,0,null,1),
(2,20,5,'DEBIT','INCREASE','2020','수선비','User setup accounts',1,1,0,0,null,1),
(2,20,5,'DEBIT','INCREASE','2021','보험료','User setup accounts',1,1,0,0,null,1),
(2,20,5,'DEBIT','INCREASE','2022','차량유지비','User setup accounts',1,1,0,0,null,1),
(2,20,5,'DEBIT','INCREASE','2023','통행료','User setup accounts',1,1,0,0,null,1),
(2,20,5,'DEBIT','INCREASE','2024','청소비','User setup accounts',1,1,0,0,null,1),
(2,20,5,'DEBIT','INCREASE','2025','교육훈련비','User setup accounts',1,1,0,0,null,1),
(2,20,5,'DEBIT','INCREASE','2026','도서인쇄비','User setup accounts',1,1,0,0,null,1),
(2,20,5,'DEBIT','INCREASE','2027','회의비','User setup accounts',1,1,0,0,null,1),
(2,20,5,'DEBIT','INCREASE','2028','포장비','User setup accounts',1,1,0,0,null,1),
(2,20,5,'DEBIT','INCREASE','2029','사무용품비','User setup accounts',1,1,0,0,null,1),
(2,20,5,'DEBIT','INCREASE','2030','소모품비','User setup accounts',1,1,0,0,null,1),
(2,20,5,'DEBIT','INCREASE','2031','수수료비용','User setup accounts',1,1,0,0,null,1),
(2,20,5,'DEBIT','INCREASE','2032','보관료','User setup accounts',1,1,0,0,null,1),
(2,20,0,'DEBIT','INCREASE','2033','사용자설정계정과목','User setup accounts',1,1,0,0,null,1),
(2,20,5,'DEBIT','INCREASE','2034','하역작업료','User setup accounts',1,1,0,0,null,1),
(2,20,4,'DEBIT','INCREASE','2035','퇴직연금충당금전입','User setup accounts',1,0,0,0,null,1),
(2,20,0,'DEBIT','INCREASE','2036','사용자설정계정과목','User setup accounts',1,1,0,0,null,1),
(2,20,0,'DEBIT','INCREASE','2037','사용자설정계정과목','User setup accounts',1,1,0,0,null,1),
(2,20,0,'DEBIT','INCREASE','2038','사용자설정계정과목','User setup accounts',1,1,0,0,null,1),
(2,20,0,'DEBIT','INCREASE','2039','사용자설정계정과목','User setup accounts',1,1,0,0,null,1),
(2,20,0,'DEBIT','INCREASE','2040','사용자설정계정과목','User setup accounts',1,1,0,0,null,1),
(2,20,0,'DEBIT','INCREASE','2041','사용자설정계정과목','User setup accounts',1,1,0,0,null,1),
(2,20,0,'DEBIT','INCREASE','2042','사용자설정계정과목','User setup accounts',1,1,0,0,null,1),
(2,20,0,'DEBIT','INCREASE','2043','사용자설정계정과목','User setup accounts',1,1,0,0,null,1),
(2,20,0,'DEBIT','INCREASE','2044','사용자설정계정과목','User setup accounts',1,1,0,0,null,1),
(2,20,0,'DEBIT','INCREASE','2045','사용자설정계정과목','User setup accounts',1,1,0,0,null,1),
(2,20,0,'DEBIT','INCREASE','2046','사용자설정계정과목','User setup accounts',1,1,0,0,null,1),
(2,20,0,'DEBIT','INCREASE','2047','사용자설정계정과목','User setup accounts',1,1,0,0,null,1),
(2,20,0,'DEBIT','INCREASE','2048','사용자설정계정과목','User setup accounts',1,1,0,0,null,1),
(2,20,0,'DEBIT','INCREASE','2049','사용자설정계정과목','User setup accounts',1,1,0,0,null,1),
(2,20,0,'DEBIT','INCREASE','2050','사용자설정계정과목','User setup accounts',1,1,0,0,null,1),
(2,21,1,'DEBIT','INCREASE','2101','급여','Executive compensations',1,1,0,0,null,1),
(2,21,0,'DEBIT','INCREASE','2102','사용자설정계정과목','Employee wages and salaries',1,1,0,0,null,1),
(2,21,1,'DEBIT','INCREASE','2103','상여금','Bonuses',1,1,0,0,null,1),
(2,21,1,'DEBIT','INCREASE','2104','제수당','Miscellaneous benefits',1,1,0,0,null,1),
(2,21,1,'DEBIT','INCREASE','2105','잡급','Miscellaneous salaries　',1,1,0,0,null,1),
(2,21,2,'DEBIT','INCREASE','2106','퇴직급여','Retirement benefits',1,0,0,0,null,1),
(2,21,2,'DEBIT','INCREASE','2107','퇴직보험충당금전입','Transfer to reserve for retirement insurance allowances',1,0,0,0,null,1),
(2,21,0,'DEBIT','INCREASE','2108','사용자설정계정과목','Retirement benefits',1,1,0,0,null,1),
(2,21,0,'DEBIT','INCREASE','2109','사용자설정계정과목','User setup accounts',1,1,0,0,null,1),
(2,21,0,'DEBIT','INCREASE','2110','사 용 자설정계정과목','User setup accounts',1,1,0,0,null,1),
(2,21,3,'DEBIT','INCREASE','2111','복리후생비','Employee benefits',1,1,0,0,null,1),
(2,21,3,'DEBIT','INCREASE','2112','여비교통비','Travel expenses',1,1,0,0,null,1),
(2,21,3,'DEBIT','INCREASE','2113','기업업무추진비','Entertainment expenses',1,0,0,0,null,1),
(2,21,3,'DEBIT','INCREASE','2114','통신비','Communication expenses',1,1,0,0,null,1),
(2,21,3,'DEBIT','INCREASE','2115','수도광열비','Water and gas',1,1,0,0,null,1),
(2,21,3,'DEBIT','INCREASE','2116','전력비','Electricity',1,1,0,0,null,1),
(2,21,3,'DEBIT','INCREASE','2117','세금과공과','Taxes and dues',1,1,0,0,null,1),
(2,21,3,'DEBIT','INCREASE','2118','감가상각비','Depreciation expenses',1,0,0,0,null,1),
(2,21,3,'DEBIT','INCREASE','2119','임차료','Rental expenses',1,1,0,0,null,1),
(2,21,3,'DEBIT','INCREASE','2120','수선비','Repairs expenses',1,1,0,0,null,1),
(2,21,3,'DEBIT','INCREASE','2121','보험료','Insurance premium',1,1,0,0,null,1),
(2,21,3,'DEBIT','INCREASE','2122','차량유지비','Vehicles maintenance expenses',1,1,0,0,null,1),
(2,21,3,'DEBIT','INCREASE','2123','경상연구개발비','Research & development expenses',1,1,0,0,null,1),
(2,21,3,'DEBIT','INCREASE','2124','운반비','Miscellaneous materials',1,1,0,0,null,1),
(2,21,3,'DEBIT','INCREASE','2125','교육훈련비','Training expenses',1,1,0,0,null,1),
(2,21,3,'DEBIT','INCREASE','2126','도서인쇄비','Publication expenses',1,1,0,0,null,1),
(2,21,3,'DEBIT','INCREASE','2127','회의비','Convention expenses',1,1,0,0,null,1),
(2,21,3,'DEBIT','INCREASE','2128','포장비','Packaging expenses',1,1,0,0,null,1),
(2,21,3,'DEBIT','INCREASE','2129','사무용품비','Office supplies ',1,1,0,0,null,1),
(2,21,3,'DEBIT','INCREASE','2130','소모품비','Supplies expenses',1,1,0,0,null,1),
(2,21,3,'DEBIT','INCREASE','2131','수수료비용','Service fees',1,1,0,0,null,1),
(2,21,3,'DEBIT','INCREASE','2132','보관료','Custody charges',1,1,0,0,null,1),
(2,21,3,'DEBIT','INCREASE','2133','광고선전비','Advertising expenses',1,1,0,0,null,1),
(2,21,3,'DEBIT','INCREASE','2134','판매촉진비','Sales promotional expenses',1,1,0,0,null,1),
(2,21,3,'DEBIT','INCREASE','2135','대손상각비','Bad debt expenses',1,0,0,0,null,1),
(2,21,3,'DEBIT','INCREASE','2136','기밀비','Promotional expenses',1,1,0,0,null,1),
(2,21,3,'DEBIT','INCREASE','2137','건물관리비','Building maintenance expenses',1,1,0,0,null,1),
(2,21,3,'DEBIT','INCREASE','2138','수출제비용','Export expenses',1,1,0,0,null,1),
(2,21,3,'DEBIT','INCREASE','2139','판매수수료','Sales commission',1,1,0,0,null,1),
(2,21,3,'DEBIT','INCREASE','2140','무형자산상각비','Amortization of intangible fixed assets　',1,0,0,0,null,1),
(2,21,3,'DEBIT','INCREASE','2141','환가료','Charges for conversion into cash',1,1,0,0,null,1),
(2,21,3,'DEBIT','INCREASE','2142','견본비','Samples expenses',1,1,0,0,null,1),
(2,21,3,'DEBIT','INCREASE','2143','해외기업업무추진비','Overseas reception expenses',1,1,0,0,null,1),
(2,21,3,'DEBIT','INCREASE','2144','해외시장개척비','Overseas marketing expenses',1,1,0,0,null,1),
(2,21,3,'DEBIT','INCREASE','2145','미분양주택관리비','Maintenance expenses on real-estate held for sale',1,1,0,0,null,1),
(2,21,3,'DEBIT','INCREASE','2146','수주비','Promotional expenses',1,1,0,0,null,1),
(2,21,3,'DEBIT','INCREASE','2147','하자보수충당금전입','Warranty expenses',1,1,0,0,null,1),
(2,21,3,'DEBIT','INCREASE','2148','잡비','Miscellaneous expenses',1,1,0,0,null,1),
(2,21,2,'DEBIT','INCREASE','2149','명예퇴직금','Early retirement benefit',1,1,0,0,null,1),
(2,21,2,'DEBIT','INCREASE','2150','퇴직연금충당금전입','User setup accounts',1,0,0,0,null,1),
(2,21,0,'DEBIT','INCREASE','2151','사용자설정계정과목','User setup accounts',1,1,0,0,null,1),
(2,21,0,'DEBIT','INCREASE','2152','사용자설정계정과목','User setup accounts',1,1,0,0,null,1),
(2,21,0,'DEBIT','INCREASE','2153','사용자설정계정과목','User setup accounts',1,1,0,0,null,1),
(2,21,0,'DEBIT','INCREASE','2154','사용자설정계정과목','User setup accounts',1,1,0,0,null,1),
(2,21,0,'DEBIT','INCREASE','2155','사용자설정계정과목','User setup accounts',1,1,0,0,null,1),
(2,21,0,'DEBIT','INCREASE','2156','사용자설정계정과목','User setup accounts',1,1,0,0,null,1),
(2,21,0,'DEBIT','INCREASE','2157','사용자설정계정과목','User setup accounts',1,1,0,0,null,1),
(2,21,0,'DEBIT','INCREASE','2158','사용자설정계정과목','User setup accounts',1,1,0,0,null,1),
(2,21,0,'DEBIT','INCREASE','2159','사용자설정계정과목','User setup accounts',1,1,0,0,null,1),
(2,21,0,'DEBIT','INCREASE','2160','사용자설정계정과목','User setup accounts',1,1,0,0,null,1),
(2,21,0,'DEBIT','INCREASE','2161','사용자설정계정과목','User setup accounts',1,1,0,0,null,1),
(2,21,0,'DEBIT','INCREASE','2162','사용자설정계정과목','User setup accounts',1,1,0,0,null,1),
(2,21,0,'DEBIT','INCREASE','2163','사용자설정계정과목','User setup accounts',1,1,0,0,null,1),
(2,21,0,'DEBIT','INCREASE','2164','사용자설정계정과목','User setup accounts',1,1,0,0,null,1),
(2,21,0,'DEBIT','INCREASE','2165','사용자설정계정과목','User setup accounts',1,1,0,0,null,1),
(2,21,0,'DEBIT','INCREASE','2166','사용자설정계정과목','User setup accounts',1,1,0,0,null,1),
(2,21,0,'DEBIT','INCREASE','2167','사용자설정계정과목','User setup accounts',1,1,0,0,null,1),
(2,21,0,'DEBIT','INCREASE','2168','사용자설정계정과목','User setup accounts',1,1,0,0,null,1),
(2,21,0,'DEBIT','INCREASE','2169','사용자설정계정과목','User setup accounts',1,1,0,0,null,1),
(2,21,0,'DEBIT','INCREASE','2170','사용자설정계정과목','User setup accounts',1,1,0,0,null,1),
(2,21,0,'DEBIT','INCREASE','2171','사용자설정계정과목','User setup accounts',1,1,0,0,null,1),
(2,21,0,'DEBIT','INCREASE','2172','사용자설정계정과목','User setup accounts',1,1,0,0,null,1),
(2,21,0,'DEBIT','INCREASE','2173','사용자설정계정과목','User setup accounts',1,1,0,0,null,1),
(2,21,0,'DEBIT','INCREASE','2174','사용자설정계정과목','User setup accounts',1,1,0,0,null,1),
(2,21,0,'DEBIT','INCREASE','2175','사용자설정계정과목','User setup accounts',1,1,0,0,null,1),
(2,21,0,'DEBIT','INCREASE','2176','사용자설정계정과목','User setup accounts',1,1,0,0,null,1),
(2,21,0,'DEBIT','INCREASE','2177','사용자설정계정과목','User setup accounts',1,1,0,0,null,1),
(2,21,0,'DEBIT','INCREASE','2178','사용자설정계정과목','User setup accounts',1,1,0,0,null,1),
(2,21,0,'DEBIT','INCREASE','2179','사용자설정계정과목','User setup accounts',1,1,0,0,null,1),
(2,21,0,'DEBIT','INCREASE','2180','사용자설정계정과목','User setup accounts',1,1,0,0,null,1),
(2,21,0,'DEBIT','INCREASE','2181','사용자설정계정과목','User setup accounts',1,1,0,0,null,1),
(2,21,0,'DEBIT','INCREASE','2182','사용자설정계정과목','User setup accounts',1,1,0,0,null,1),
(2,21,0,'DEBIT','INCREASE','2183','사용자설정계정과목','User setup accounts',1,1,0,0,null,1),
(2,21,0,'DEBIT','INCREASE','2184','사용자설정계정과목','User setup accounts',1,1,0,0,null,1),
(2,21,0,'DEBIT','INCREASE','2185','사용자설정계정과목','User setup accounts',1,1,0,0,null,1),
(2,21,0,'DEBIT','INCREASE','2186','사용자설정계정과목','User setup accounts',1,1,0,0,null,1),
(2,21,0,'DEBIT','INCREASE','2187','사용자설정계정과목','User setup accounts',1,1,0,0,null,1),
(2,21,0,'DEBIT','INCREASE','2188','사용자설정계정과목','User setup accounts',1,1,0,0,null,1),
(2,21,0,'DEBIT','INCREASE','2189','사용자설정계정과목','User setup accounts',1,1,0,0,null,1),
(2,21,0,'DEBIT','INCREASE','2190','사용자설정계정과목','User setup accounts',1,1,0,0,null,1),
(2,21,0,'DEBIT','INCREASE','2191','사용자설정계정과목','User setup accounts',1,1,0,0,null,1),
(2,21,0,'DEBIT','INCREASE','2192','사용자설정계정과목','User setup accounts',1,1,0,0,null,1),
(2,21,0,'DEBIT','INCREASE','2193','사용자설정계정과목','User setup accounts',1,1,0,0,null,1),
(2,21,0,'DEBIT','INCREASE','2194','사용자설정계정과목','User setup accounts',1,1,0,0,null,1),
(2,21,0,'DEBIT','INCREASE','2195','사용자설정계정과목','User setup accounts',1,1,0,0,null,1),
(2,21,0,'DEBIT','INCREASE','2196','사용자설정계정과목','User setup accounts',1,1,0,0,null,1),
(2,21,0,'DEBIT','INCREASE','2197','사용자설정계정과목','User setup accounts',1,1,0,0,null,1),
(2,21,0,'DEBIT','INCREASE','2198','사용자설정계정과목','User setup accounts',1,1,0,0,null,1),
(2,21,0,'DEBIT','INCREASE','2199','사용자설정계정과목','User setup accounts',1,1,0,0,null,1),
(2,21,0,'DEBIT','INCREASE','2200','사용자설정계정과목','User setup accounts',1,1,0,0,null,1),
(2,22,1,'CREDIT','INCREASE','2201','이자수익','Interest revenues　',1,1,0,0,null,1),
(2,22,1,'CREDIT','INCREASE','2202','만기보유증권이자','Interest of held to maturity securities in investment assets　',1,1,0,0,null,1),
(2,22,2,'CREDIT','INCREASE','2203','배당금수익','Dividends income　',1,1,0,0,null,1),
(2,22,2,'CREDIT','INCREASE','2204','임대료','Rental revenues　',1,1,0,0,null,1),
(2,22,2,'CREDIT','INCREASE','2205','단기매매증권평가이익','Gains from valuation of short-term investments　',1,1,0,0,null,1),
(2,22,2,'CREDIT','INCREASE','2206','단기매매증권처분이익','Gains on disposal of short-term investments　',1,1,0,0,null,1),
(2,22,2,'CREDIT','INCREASE','2207','외환차익','Gains on foreign currency transaction　',1,1,0,0,null,1),
(2,22,2,'CREDIT','INCREASE','2208','대손충당금환입','Reversal of allowance for doubtful accounts　',1,1,0,0,null,1),
(2,22,2,'CREDIT','INCREASE','2209','수수료수익','Fees revenues　',1,1,0,0,null,1),
(2,22,2,'CREDIT','INCREASE','2210','외화환산이익','Gains on foreign currency translation　',1,1,0,0,null,1),
(2,22,2,'CREDIT','INCREASE','2211','사채상환이익','Gains on retirement of bonds　',1,1,0,0,null,1),
(2,22,2,'CREDIT','INCREASE','2212','전기오류수정이익','Loss on prior period error correction　',1,1,0,0,null,1),
(2,22,2,'CREDIT','INCREASE','2213','하자보수충당금환입','Reversal of provision for construction warranties　',1,1,0,0,null,1),
(2,22,2,'CREDIT','INCREASE','2214','유형자산처분이익','Gains on disposition of property',1,1,0,0,null,1),
(2,22,2,'CREDIT','INCREASE','2215','매도가능증권처분이익','Gains on disposition of investments　',1,1,0,0,null,1),
(2,22,2,'CREDIT','INCREASE','2216','상각채권추심이익','Gains on collection of redemption credit 　',1,1,0,0,null,1),
(2,22,2,'CREDIT','INCREASE','2217','자산수증이익','Gains on assets contributed　',1,1,0,0,null,1),
(2,22,2,'CREDIT','INCREASE','2218','채무면제이익','Gains from liabilities exempted　',1,1,0,0,null,1),
(2,22,2,'CREDIT','INCREASE','2219','보험차익','Gains on insurance settlementss　',1,1,0,0,null,1),
(2,22,2,'CREDIT','INCREASE','2220','투자증권손상차환입','Recovery of impairment loss on investment securities',1,1,0,0,null,1),
(2,22,2,'CREDIT','INCREASE','2221','지분법이익','Income on investments　',1,1,0,0,null,1),
(2,22,2,'CREDIT','INCREASE','2222','만기보유증권처분이익','Gains on disposal of matured investments　　',1,1,0,0,null,1),
(2,22,2,'CREDIT','INCREASE','2223','무형자산처분이익','User setup accounts　',1,1,0,0,null,1),
(2,22,4,'CREDIT','INCREASE','2224','중소투자준비금환입','Transfer of rsv for sm&med sized invest.　',1,1,0,0,808,1),
(2,22,4,'CREDIT','INCREASE','2225','연구개발준비금환입','Transfer of rsv for tech. development',1,1,0,0,809,1),
(2,22,4,'CREDIT','INCREASE','2226','해외개척준비금환입','Transfer of rsv for overseas development　',1,1,0,0,810,1),
(2,22,4,'CREDIT','INCREASE','2227','지방이전준비금환입','Transfer of reserve for local transfer　',1,1,0,0,811,1),
(2,22,4,'CREDIT','INCREASE','2228','수출손실준비금환입','Transfer of reserve for export loss　',1,1,0,0,812,1),
(2,22,2,'CREDIT','INCREASE','2229','재평가이익','User setup accounts　',1,1,0,0,null,1),
(2,22,2,'CREDIT','INCREASE','2230','잡이익','Miscellaneous revenues　',1,1,0,0,null,1),
(2,22,2,'CREDIT','INCREASE','2231','정부보조금','Government Subsidies',1,1,0,0,null,1),
(2,22,0,'CREDIT','INCREASE','2232','사용자설정계정과목','User setup accounts',1,1,0,0,null,1),
(2,22,0,'CREDIT','INCREASE','2233','사용자설정계정과목','User setup accounts',1,1,0,0,null,1),
(2,22,0,'CREDIT','INCREASE','2234','사용자설정계정과목','User setup accounts',1,1,0,0,null,1),
(2,22,0,'CREDIT','INCREASE','2235','사용자설정계정과목','User setup accounts',1,1,0,0,null,1),
(2,22,0,'CREDIT','INCREASE','2236','사용자설정계정과목','User setup accounts',1,1,0,0,null,1),
(2,22,0,'CREDIT','INCREASE','2237','사용자설정계정과목','User setup accounts',1,1,0,0,null,1),
(2,22,0,'CREDIT','INCREASE','2238','사용자설정계정과목','User setup accounts',1,1,0,0,null,1),
(2,22,0,'CREDIT','INCREASE','2239','사용자설정계정과목','User setup accounts',1,1,0,0,null,1),
(2,22,0,'CREDIT','INCREASE','2240','사용자설정계정과목','User setup accounts',1,1,0,0,null,1),
(2,22,0,'CREDIT','INCREASE','2241','사용자설정계정과목','User setup accounts',1,1,0,0,null,1),
(2,22,0,'CREDIT','INCREASE','2242','사용자설정계정과목','User setup accounts',1,1,0,0,null,1),
(2,22,0,'CREDIT','INCREASE','2243','사용자설정계정과목','User setup accounts',1,1,0,0,null,1),
(2,22,0,'CREDIT','INCREASE','2244','사용자설정계정과목','User setup accounts',1,1,0,0,null,1),
(2,22,0,'CREDIT','INCREASE','2245','사용자설정계정과목','User setup accounts',1,1,0,0,null,1),
(2,22,0,'CREDIT','INCREASE','2246','사용자설정계정과목','User setup accounts',1,1,0,0,null,1),
(2,22,0,'CREDIT','INCREASE','2247','사용자설정계정과목','User setup accounts',1,1,0,0,null,1),
(2,22,0,'CREDIT','INCREASE','2248','사용자설정계정과목','User setup accounts',1,1,0,0,null,1),
(2,22,0,'CREDIT','INCREASE','2249','사용자설정계정과목','User setup accounts',1,1,0,0,null,1),
(2,22,0,'CREDIT','INCREASE','2250','사용자설정계정과목','User setup accounts',1,1,0,0,null,1),
(2,23,1,'DEBIT','INCREASE','2301','이자비용','Interest expenses　',1,1,0,0,null,1),
(2,23,2,'DEBIT','INCREASE','2302','외환차손','Loss on foreign currency transaction　',1,1,0,0,null,1),
(2,23,2,'DEBIT','INCREASE','2303','기부금','Donations　',1,1,0,0,null,1),
(2,23,2,'DEBIT','INCREASE','2304','기타의대손상각비','Other bad debt expenses　',1,0,0,0,null,1),
(2,23,2,'DEBIT','INCREASE','2305','외화환산손실','Loss on foreign currency translation　',1,1,0,0,null,1),
(2,23,2,'DEBIT','INCREASE','2306','매출채권처분손실','Loss on dispose of sale credit　',1,1,0,0,null,1),
(2,23,2,'DEBIT','INCREASE','2307','단기매매증권평가손실','Loss from valuation of short-term investments',1,1,0,0,null,1),
(2,23,2,'DEBIT','INCREASE','2308','단기매매증권처분손실','Loss on disposal of short-term investments　',1,1,0,0,null,1),
(2,23,2,'DEBIT','INCREASE','2309','재고자산감모손실','Loss on inventory obsolescence　',1,1,0,0,null,1),
(2,23,2,'DEBIT','INCREASE','2310','재고자산평가손실','Loss on valuation of inventories　',1,1,0,0,null,1),
(2,23,2,'DEBIT','INCREASE','2311','재해손실','Loss due to disaster　',1,1,0,0,null,1),
(2,23,2,'DEBIT','INCREASE','2312','전기오류수정손실','Loss on prior period error correction　',1,1,0,0,null,1),
(2,23,2,'DEBIT','INCREASE','2313','투자증권손상차손','Loss on impairment of investment securities　',1,1,0,0,null,1),
(2,23,2,'DEBIT','INCREASE','2314','지분법손실','Loss on investments　',1,1,0,0,null,1),
(2,23,2,'DEBIT','INCREASE','2315','무형자산손상차손','User setup accounts',1,1,0,0,null,1),
(2,23,2,'DEBIT','INCREASE','2316','사용자설정계정과목','User setup accounts',1,1,0,0,null,1),
(2,23,1,'DEBIT','INCREASE','2317','회사채이자','Interest of coporate bond　',1,1,0,0,null,1),
(2,23,2,'DEBIT','INCREASE','2318','사채상환손실','Loss on retirement of bonds　',1,1,0,0,null,1),
(2,23,2,'DEBIT','INCREASE','2319','보상비','Compensation expenses　',1,1,0,0,null,1),
(2,23,2,'DEBIT','INCREASE','2320','유형자산처분손실','Loss on disposition of property',1,1,0,0,null,1),
(2,23,2,'DEBIT','INCREASE','2321','매도가능증권처분손실','Loss on disposition of investments　',1,1,0,0,null,1),
(2,23,5,'DEBIT','INCREASE','2322','중소투자준비금전입','Transfer of rsv for sm&med sized invest.　',1,1,0,0,808,1),
(2,23,5,'DEBIT','INCREASE','2323','연구개발준비금전입','Transfer of rsv for tech. development　',1,1,0,0,809,1),
(2,23,5,'DEBIT','INCREASE','2324','해외개척준비금전입','Transfer of rsv for overseas development　',1,1,0,0,810,1),
(2,23,5,'DEBIT','INCREASE','2325','지방이전준비금전입','Transfer of reserve for local transfer　',1,1,0,0,811,1),
(2,23,5,'DEBIT','INCREASE','2326','수출손실준비금전입','Transfer of reserve for export loss　',1,1,0,0,812,1),
(2,23,6,'DEBIT','INCREASE','2327','특별상각','Extraordinary depreciation　',1,1,0,0,null,1),
(2,23,2,'DEBIT','INCREASE','2328','만기보유증권처분손실','Loss on disposal of matured investments　　',1,1,0,0,null,1),
(2,23,2,'DEBIT','INCREASE','2329','무형자산처분손실','User setup accounts',1,1,0,0,null,1),
(2,23,2,'DEBIT','INCREASE','2330','잡손실','Miscellaneous loss　',1,1,0,0,null,1),
(2,23,0,'DEBIT','INCREASE','2331','사용자설정계정과목','User setup accounts',1,1,0,0,null,1),
(2,23,0,'DEBIT','INCREASE','2332','사용자설정계정과목','User setup accounts',1,1,0,0,null,1),
(2,23,2,'DEBIT','INCREASE','2333','재평가손실','User setup accounts',1,1,0,0,null,1),
(2,23,2,'DEBIT','INCREASE','2334','수수료비용','User setup accounts',1,1,0,0,null,1),
(2,23,0,'DEBIT','INCREASE','2335','사용자설정계정과목','User setup accounts',1,1,0,0,null,1),
(2,23,0,'DEBIT','INCREASE','2336','사용자설정계정과목','User setup accounts',1,1,0,0,null,1),
(2,23,0,'DEBIT','INCREASE','2337','사용자설정계정과목','User setup accounts',1,1,0,0,null,1),
(2,23,0,'DEBIT','INCREASE','2338','사용자설정계정과목','User setup accounts',1,1,0,0,null,1),
(2,23,0,'DEBIT','INCREASE','2339','사용자설정계정과목','User setup accounts',1,1,0,0,null,1),
(2,23,0,'DEBIT','INCREASE','2340','사용자설정계정과목','User setup accounts',1,1,0,0,null,1),
(2,23,0,'DEBIT','INCREASE','2341','사용자설정계정과목','User setup accounts',1,1,0,0,null,1),
(2,23,0,'DEBIT','INCREASE','2342','사용자설정계정과목','User setup accounts',1,1,0,0,null,1),
(2,23,0,'DEBIT','INCREASE','2343','사용자설정계정과목','User setup accounts',1,1,0,0,null,1),
(2,23,0,'DEBIT','INCREASE','2344','사용자설정계정과목','User setup accounts',1,1,0,0,null,1),
(2,23,0,'DEBIT','INCREASE','2345','사용자설정계정과목','User setup accounts',1,1,0,0,null,1),
(2,23,0,'DEBIT','INCREASE','2346','사용자설정계정과목','User setup accounts',1,1,0,0,null,1),
(2,23,0,'DEBIT','INCREASE','2347','사용자설정계정과목','User setup accounts',1,1,0,0,null,1),
(2,24,0,'DEBIT','INCREASE','2401','법인세등','Corporate tax etc　',1,0,0,0,null,1),
(2,24,0,'DEBIT','INCREASE','2402','소득세등','Income tax etc　',1,0,0,0,null,1),
(2,25,0,'DEBIT','INCREASE','2501','특수설정계정과목','SPECIAL ACCOUNTS',0,0,0,0,null,1),
(2,25,0,'DEBIT','INCREASE','2502','특수설정계정과목','SPECIAL ACCOUNTS',0,0,0,0,null,1),
(2,25,0,'DEBIT','INCREASE','2503','특수설정계정과목','SPECIAL ACCOUNTS',0,0,0,0,null,1),
(2,25,0,'DEBIT','INCREASE','2504','특수설정계정과목','SPECIAL ACCOUNTS',0,0,0,0,null,1),
(2,25,0,'DEBIT','INCREASE','2505','특수설정계정과목','SPECIAL ACCOUNTS',0,0,0,0,null,1),
(2,25,0,'DEBIT','INCREASE','2506','특수설정계정과목','SPECIAL ACCOUNTS',0,0,0,0,null,1),
(2,25,0,'DEBIT','INCREASE','2507','특수설정계정과목','SPECIAL ACCOUNTS',0,0,0,0,null,1),
(2,25,0,'DEBIT','INCREASE','2508','특수설정계정과목','SPECIAL ACCOUNTS',0,0,0,0,null,1),
(2,25,0,'DEBIT','INCREASE','2509','특수설정계정과목','SPECIAL ACCOUNTS',0,0,0,0,null,1),
(2,25,0,'DEBIT','INCREASE','2510','특수설정계정과목','SPECIAL ACCOUNTS',0,0,0,0,null,1),
(2,25,0,'DEBIT','INCREASE','2511','특수설정계정과목','SPECIAL ACCOUNTS',0,0,0,0,null,1),
(2,3,3,'DEBIT','INCREASE','311','퇴직연금운용자산','Retirement pension',1,0,0,0,839,1),
(2,3,3,'DEBIT','INCREASE','312','퇴직보험예치금','Deposits for retirement insurance',1,0,0,0,805,1),
(2,3,3,'DEBIT','INCREASE','313','국민연금전환금','Convertion amount for national pension',1,0,0,0,805,1);

-- 현금적요 테이블
INSERT INTO account_subject_cash_memo (code, content, account_subject_code)
VALUES
    (1, '제비용 지출 관련 현금지급', '101'),
    (2, '가지급금 현금지급', '101'),
    (3, '사무용품 매입 관련 현금지급', '101');
-- 고정적요 테이블
INSERT INTO account_subject_fixed_memo (code, category, content, account_subject_code)
VALUES
    (1, '현금', '가수금 현금입금', '101'),
    (2, '현금', '물품매각 관련 현금입금', '101'),
    (3, '현금', '용역제공 관련 현금입금', '101'),
    (4, '현금', '부서 전도급 현금입금', '101'),
    (5, '대체', '가수금 입금', '101'),
    (6, '대체', '물품매각 관련 현금입금', '101'),
    (7, '대체', '용역 제공 관련 현금입금', '101');
-- 대체적요 테이블
INSERT INTO account_subject_transfer_memo (code, content, account_subject_code)
VALUES
    (1, '가지급금 지급', '101'),
    (2, '제비용 지출 관련 현금지급', '101'),
    (3, '물품매입 관련 현금지급', '101'),
    (4, '제세공과금 납부 관련 현금지급', '101');
-- 거래처 은행정보 테이블
INSERT INTO financial_bank (code, name, branch_name, business_number)
VALUES
    ('1', '산업은행', '서울본점', '123-45-67890'),
    ('2', '신한은행', '강남중앙지점', '234-56-78901'),
    ('3', '국민은행', '서초동지점', '345-67-89012'),
    ('4', '우리은행', '용산지점', '456-78-90123'),
    ('5', '하나은행', '종로지점', '567-89-01234'),
    ('6', '기업은행', '여의도지점', '678-90-12345'),
    ('7', '농협은행', '강남지점', '789-01-23456'),
    ('8', '수협은행', '송파지점', '890-12-34567'),
    ('9', '신한은행', '홍대입구지점', '901-23-45678'),
    ('10', '우리은행', '명동지점', '012-34-56789'),
    ('11', '국민은행', '압구정지점', '123-45-67891'),
    ('12', '하나은행', '이태원지점', '234-56-78902'),
    ('13', '산업은행', '삼성동지점', '345-67-89023'),
    ('14', '기업은행', '판교지점', '456-78-90134'),
    ('15', '수협은행', '서면지점', '567-89-01245'),
    ('16', '신한은행', '광화문지점', '678-90-12356'),
    ('17', '우리은행', '인천공항지점', '789-01-23467'),
    ('18', '농협은행', '대전지점', '890-12-34578'),
    ('19', '국민은행', '부산지점', '901-23-45689'),
    ('20', '하나은행', '대구지점', '012-34-56790'),
    ('21', '산업은행', '광주지점', '123-45-67892'),
    ('22', '기업은행', '전주지점', '234-56-78913'),
    ('23', '신한은행', '춘천지점', '345-67-89034'),
    ('24', '수협은행', '마포지점', '456-78-90145'),
    ('25', '농협은행', '잠실지점', '567-89-01256'),
    ('26', '우리은행', '성남지점', '678-90-12367'),
    ('27', '국민은행', '안양지점', '789-01-23478'),
    ('28', '하나은행', '부천지점', '890-12-34589'),
    ('29', '기업은행', '수원지점', '901-23-45690'),
    ('30', '신한은행', '청주지점', '012-34-56791'),
    ('31', '수협은행', '강릉지점', '123-45-67893'),
    ('32', '농협은행', '울산지점', '234-56-78924'),
    ('33', '우리은행', '김해지점', '345-67-89045'),
    ('34', '국민은행', '창원지점', '456-78-90156'),
    ('35', '하나은행', '제주지점', '567-89-01267'),
    ('36', '산업은행', '세종지점', '678-90-12378'),
    ('37', '기업은행', '광양지점', '789-01-23489'),
    ('38', '신한은행', '구리지점', '890-12-34590'),
    ('39', '수협은행', '안산지점', '901-23-45691'),
    ('40', '농협은행', '광명지점', '012-34-56792'),
    ('41', '우리은행', '포항지점', '123-45-67894'),
    ('42', '국민은행', '여수지점', '234-56-78935'),
    ('43', '하나은행', '군산지점', '345-67-89056'),
    ('44', '기업은행', '목포지점', '456-78-90167'),
    ('45', '산업은행', '제천지점', '567-89-01278'),
    ('46', '신한은행', '서산지점', '678-90-12389'),
    ('47', '수협은행', '논산지점', '789-01-23490'),
    ('48', '농협은행', '익산지점', '890-12-34591'),
    ('49', '우리은행', '순천지점', '901-23-45692'),
    ('50', '국민은행', '광주상무지점', '012-34-56793'),
    ('51', '하나은행', '통영지점', '123-45-67895'),
    ('52', '기업은행', '해운대지점', '234-56-78946'),
    ('53', '산업은행', '동해지점', '345-67-89067'),
    ('54', '신한은행', '밀양지점', '456-78-90178'),
    ('55', '수협은행', '거제지점', '567-89-01289');
-- 주류코드 테이블
INSERT INTO client_liquor (code, name) VALUES
('1', '유흥음식점'),
('2', '일반소매업'),
('3', '슈퍼, 연쇄점, 직영점'),
('4', '슈퍼, 연쇄점, 직영점'),
('5', '기타(실수요자)'),
('6', '총괄납부승인 받은 슈퍼, 직영점'),
('7', '국가기관등의 연금매점');
-- 거래처 분류 테이블
INSERT INTO client_category (code, name) VALUES
('1', '소매업체'),
('2', '도매업체'),
('3', '서비스 제공업체'),
('4', '제조업체'),
('5', '유통업체'),
('6', '공공기관'),
('7', '비영리단체');


-- 예금 유형 테이블
INSERT INTO bank_account_type (code, type_name) VALUES
(1, '보통예금'),
(2, '당좌예금'),
(3, '정기적금'),
(4, '정기예금'),
(5, '기타');
-- 은행 주소 정보 테이블
INSERT INTO financial_address (id, postal_code, road_address, detailed_address) VALUES
(1, '12345', '서울특별시 강남구 테헤란로 123', '20층'),
(2, '54321', '서울특별시 중구 을지로 456', '15층'),
(3, '67890', '서울특별시 서초구 서초대로 789', '10층'),
(4, '09876', '서울특별시 종로구 종로 101', '5층'),
(5, '13579', '서울특별시 영등포구 여의대로 202', '30층'),
(6, '97531', '서울특별시 마포구 마포대로 303', '25층'),
(7, '24680', '서울특별시 강북구 도봉로 404', '7층'),
(8, '86420', '서울특별시 동작구 동작대로 505', '12층'),
(9, '35791', '서울특별시 성동구 성수대로 606', '22층'),
(10, '15973', '서울특별시 광진구 광나루로 707', '17층');
-- 은행 계좌 테이블
INSERT INTO financial_bank_account (
    account_type_id, bank_id, address_id, contact_id, code, name,
    account_number, account_opening_date, deposit_type,
    maturity_date, interest_rate, monthly_payment, overdraft_limit, business_account
) VALUES
      (1, 1, 1, 1, '001', '김철수', '110-456-123456', '2023-01-05', '정기예금', '2025-01-05', 1.8, 1500000, 3000000, true),
      (2, 2, 2, 2, '002', '이영희', '302-987-654321', '2023-02-10', '보통예금', NULL, 0.3, 0, 0, false),
      (3, 3, 3, 3, '003', '박민수', '333-765-432198', '2023-03-15', '정기적금', '2026-03-15', 2.0, 2000000, 0, true),
      (4, 4, 4, 4, '004', '최지훈', '123-456-789012', '2023-04-20', '자유적금', '2025-04-20', 1.6, 1000000, 0, false),
      (1, 5, 5, 5, '005', '송은지', '456-789-012345', '2023-05-25', '정기예금', '2024-05-25', 1.9, 2500000, 5000000, true),
      (2, 6, 6, 6, '006', '정해인', '789-012-345678', '2023-06-30', '보통예금', NULL, 0.4, 0, 2000000, false),
      (3, 7, 7, 7, '007', '한지민', '110-234-567890', '2023-07-10', '정기적금', '2027-07-10', 2.2, 1800000, 0, true),
      (4, 8, 8, 8, '008', '장동건', '220-567-890123', '2023-08-15', '정기예금', '2028-08-15', 2.5, 3000000, 0, true),
      (1, 9, 9, 9, '009', '김혜수', '333-890-123456', '2023-09-05', '보통예금', NULL, 0.2, 0, 1000000, false),
      (2, 10, 10, 10, '010', '이정재', '444-012-345678', '2023-10-20', '정기예금', '2026-10-20', 2.1, 2200000, 4000000, true);
INSERT INTO vat_type(
    code,
    vat_name,
    description,
    tax_rate,
    transaction_type,
    account_id
) VALUES
      (1,'과세','과세매출',0.1,'Sales',152),
      (2,'영세','영세율',0,'Sales',152),
      (3,'면세','계산서',0,'Sales',152),
      (4,'건별','무증빙',0.1,'Sales',152),
      (5,'간이','간이과세',0,'Sales',152),
      (6,'수출','수출',0,'Sales',152),
      (7,'카과','카드과세',0.1,'Sales',152),
      (8,'카면','카드면세',0,'Sales',152),
      (9,'카영','카드영세',0,'Sales',152),
      (10,'면건','무증빙',0,'Sales',152),
      (11,'전자','전자화폐',0.1,'Sales',152),
      (12,'현과','현금과세',0.1,'Sales',152),
      (13,'현면','현금면세',0,'Sales',152),
      (14,'현영','현금영세',0,'Sales',152),
      (51,'과세','과세매입',0.1,'Purchase',35),
      (52,'영세','영세율',0,'Purchase',35),
      (53,'면세','계산서',0,'Purchase',35),
      (54,'불공','불공제',0.1,'Purchase',35),
      (55,'수입','수입분',0.1,'Purchase',35),
      (56,'금전','금전등록',0,'Purchase',35),
      (57,'카과','카드과세',0.1,'Purchase',35),
      (58,'카면','카드면세',0,'Purchase',35),
      (59,'카영','카드영세',0,'Purchase',35),
      (60,'면건','무증빙',0,'Purchase',35),
      (61,'현과','현금과세',0.1,'Purchase',35),
      (62,'현면','현금면세',0,'Purchase',35);

INSERT INTO journal_entry_type_setup (
    account_subject_id,
    name
) VALUES
      (301,'매출'),
      (8,'매출채권'),
      (20,'신용카드매출채권'),
      (53,'매입'),
      (148,'매입채무'),
      (150,'신용카드매입채무');
INSERT INTO journal_entry (
    journal_entry_type_setup_id,
    code,
    name,
    transaction_type
) VALUES
      (1,'1','현금','Sales'),
      (2,'2','외상','Sales'),
      (3,'3','카드','Sales'),
      (4,'1','현금','Purchase'),
      (5,'2','외상','Purchase'),
      (6,'3','카드','Purchase');


SELECT code, name
FROM journal_entry
GROUP BY code,name;

SELECT DISTINCT code, name
FROM journal_entry
WHERE name IN ('현금', '외상', '카드');
INSERT INTO employee_department (department_code, department_name, location) VALUES
('0002','영업부','1층'),
('0003','생산부','2층'),
('0004','물류부','3층');

INSERT INTO employee_position (description, position_name) VALUES
('Responsible for managing team and overseeing projects.', 'Manager'),
('Leads the development team and coordinates between departments.', 'Team Lead'),
('Develops and maintains software applications.', 'Senior Developer');

INSERT INTO employee_job_title (description, title_name) VALUES
('1','강사 개발자'),
('2','백엔드 개발자'),
('3','프론트 개발자');

-- INSERT INTO employee (date_of_birth, hire_date, is_household_head, department_id, job_title_id, position_id, address, email, employee_number, first_name, last_name, phone_number, profile_picture, employment_status, employment_type) VALUES
-- ('2000-07-20','2024-08-20',TRUE,1, 1,  1,'부산','ckacl2512@naver.com','0001','김', '민성','010-2512-9361','x','ACTIVE', 'INTERN'),
-- ('2000-07-20','2024-08-20',TRUE,2, 2,  2,'부산','ckacl2512@naver.com','0002','김', '민성','010-2512-9361','x','ACTIVE', 'INTERN'),
-- ('2000-07-20','2024-08-20',TRUE,3, 3,  3,'부산','ckacl2512@naver.com','0003','김', '민성','010-2512-9361','x','ACTIVE', 'INTERN');

INSERT INTO employee (date_of_birth, hire_date, is_household_head, department_id, job_title_id, position_id, address, email, employee_number, first_name, last_name, phone_number, profile_picture, employment_status, employment_type)
VALUES
    ('1990-05-15', '2021-04-01', TRUE, 1, 1, 1, '서울', 'jiho.kim@example.com', '20270910001', '지호', '김', '010-1234-5678', 'img1.jpg', 'ACTIVE', 'FULL_TIME');

INSERT INTO employee (date_of_birth, hire_date, is_household_head, department_id, job_title_id, position_id, address, email, employee_number, first_name, last_name, phone_number, profile_picture, employment_status, employment_type)
VALUES
    ('1985-11-22', '2020-07-15', FALSE, 2, 2, 2, '부산', 'sungmin.lee@example.com', '20270910002', '성민', '이', '010-9876-5432', 'img2.jpg', 'ACTIVE', 'PART_TIME');

INSERT INTO employee (date_of_birth, hire_date, is_household_head, department_id, job_title_id, position_id, address, email, employee_number, first_name, last_name, phone_number, profile_picture, employment_status, employment_type)
VALUES
    ('1995-03-10', '2022-03-20', TRUE, 2, 1, 1, '대구', 'soojin.choi@example.com', '20270910003', '수진', '최', '010-2234-5678', 'img3.jpg', 'ACTIVE', 'INTERN');

INSERT INTO employee (date_of_birth, hire_date, is_household_head, department_id, job_title_id, position_id, address, email, employee_number, first_name, last_name, phone_number, profile_picture, employment_status, employment_type)
VALUES
    ('1999-12-12', '2024-03-20', TRUE, 2, 1, 2, '부산', 'soojin.choi@example.com', '20270910004', '지혁', '최', '010-2234-5678', 'img4.jpg', 'ACTIVE', 'INTERN');

INSERT INTO employee (date_of_birth, hire_date, is_household_head, department_id, job_title_id, position_id, address, email, employee_number, first_name, last_name, phone_number, profile_picture, employment_status, employment_type)
VALUES
    ('2000-01-01', '2022-03-20', TRUE, 2, 3, 1, '제주', 'soojin.choi@example.com', '20270910005', '민성', '김', '010-2234-5678', 'img5.jpg', 'ACTIVE', 'INTERN');

INSERT INTO employee (date_of_birth, hire_date, is_household_head, department_id, job_title_id, position_id, address, email, employee_number, first_name, last_name, phone_number, profile_picture, employment_status, employment_type)
VALUES
    ('2000-10-16', '2024-12-13' , TRUE, 3, 2, 3, '거제', 'soojin.choi@example.com', '20270910006', '정현', '박', '010-2234-5678', 'img6.jpg', 'ACTIVE', 'INTERN');

INSERT INTO employee_bank_account (employee_id,account_number, bank_name) VALUES
(1,'291-12-0239314','부산은행'),
(2,'939302-00-747614','국민은행'),
(3,'01025129361','기업은행');

INSERT INTO employee_performance (evaluation_date, employee_id, evaluator_id, comments, score) VALUES
('2023-06-15', 1, 1, 'Excellent performance, consistently meets expectations.', 'A'),
('2023-06-20', 2, 1, 'Needs improvement in meeting deadlines.', 'C'),
('2023-07-01', 3, 1, 'Outstanding problem-solving skills.', 'A+');



# insert into users_role(role_name, role_type) values
# ('시스템 관리자','SYSTEM_ADMINISTRATOR'),
# ('인사 관리자','HR_STAFF'),
# ('재무 관리자','FINANCE_STAFF');
#
# insert into users_permission(permission_name) values
# ('READ_PRIVILEGES'),
# ('READ_PRIVILEGES'),
# ('READ_PRIVILEGES');
#
#


INSERT INTO attendance_management (check_time, checkout_time, date, employee_id, attendance_code, status) VALUES
    ('09:00:00','18:00:00','2024-01-05',1,'0001','PRESENT');

INSERT INTO attendance_management (check_time, checkout_time, date, employee_id, attendance_code, status) VALUES
    ('09:00:00','18:00:00','2024-01-12',1,'0002','PRESENT');

INSERT INTO attendance_management (check_time, checkout_time, date, employee_id, attendance_code, status) VALUES
    ('09:00:00','18:00:00','2024-01-18',1,'0003','PRESENT');

INSERT INTO attendance_management (check_time, checkout_time, date, employee_id, attendance_code, status) VALUES
    ('09:00:00','18:00:00','2024-02-08',2,'0004','PRESENT');

INSERT INTO attendance_management (check_time, checkout_time, date, employee_id, attendance_code, status) VALUES
    ('09:00:00','18:00:00','2024-02-13',2,'0005','PRESENT');

INSERT INTO attendance_management (check_time, checkout_time, date, employee_id, attendance_code, status) VALUES
    ('09:00:00','18:00:00','2024-02-20',3,'0006','PRESENT');
INSERT INTO product_group (code, name, is_active) VALUES
('01', '가공식품', TRUE),
('02', '신선식품', TRUE),
('03', '일상용품', TRUE),
('05', '의약품/의료기기', TRUE),
('06', '교육/문화용품', TRUE),
('07', '디지털/가전', TRUE),
('08', '가구/인테리어', TRUE),
('09', '의류', TRUE),
('10', '전문스포츠/레저', TRUE),
('11', '패션잡화', TRUE),
('99', '기타', TRUE);
-- process_details 초기 데이터 삽입
INSERT INTO process_routing_process_details (process_id, process_code, process_name, is_process_outsourced, process_duration, process_cost, process_defect_rate, process_description, process_is_used)
VALUES
    (1, 'PRC001', '조립', FALSE, 2.5, 500000, 0.02, 'Assembly of parts and modules. 부품 및 모듈 조립.', TRUE),
    (2, 'PRC002', '용접', FALSE, 3.0, 800000, 0.03, 'Welding of metal components. 금속 부품 용접.', TRUE),
    (3, 'PRC003', '도장', TRUE, 4.0, 1200000, 0.01, 'Painting and corrosion protection. 도장 및 방청.', TRUE),
    (4, 'PRC004', '가공', FALSE, 5.0, 1500000, 0.015, 'Precision machining of metal parts. 금속 부품 정밀 가공.', TRUE),
    (5, 'PRC005', '열처리', TRUE, 7.0, 2000000, 0.005, 'Heat treatment to harden metal. 금속 경화를 위한 열처리.', TRUE),
    (6, 'PRC006', '품질 검사', FALSE, 1.5, 300000, 0.001, 'Quality inspection and validation. 품질 검사 및 검증.', TRUE),
    (7, 'PRC007', '프레스', FALSE, 2.0, 700000, 0.02, 'Pressing of metal sheets. 금속 판재 성형.', TRUE),
    (8, 'PRC008', '단조', FALSE, 4.5, 1100000, 0.025, 'Forging of metal components. 금속 부품 단조.', TRUE),
    (9, 'PRC009', '플라스틱 성형', TRUE, 3.5, 900000, 0.02, 'Molding of plastic parts. 플라스틱 부품 성형.', TRUE),
    (10, 'PRC010', '주조', FALSE, 6.0, 1800000, 0.015, 'Casting of metal parts. 금속 부품 주조.', TRUE),
    (11, 'PRC011', '세척', FALSE, 1.0, 200000, 0.005, 'Cleaning of parts. 부품 세척.', TRUE),
    (12, 'PRC012', '절단', FALSE, 2.0, 400000, 0.01, 'Cutting of metal sheets. 금속 판재 절단.', TRUE),
    (13, 'PRC013', '레이저 절단', TRUE, 3.5, 1000000, 0.005, 'Laser cutting for precision parts. 정밀 부품 레이저 절단.', TRUE),
    (14, 'PRC014', 'CNC 가공', FALSE, 4.5, 1400000, 0.015, 'CNC machining of metal parts. 금속 부품 CNC 가공.', TRUE),
    (15, 'PRC015', '연마', FALSE, 1.5, 300000, 0.02, 'Polishing of metal surfaces. 금속 표면 연마.', TRUE),
    (16, 'PRC016', '조립 2차', FALSE, 2.0, 600000, 0.02, 'Second assembly process. 2차 조립 공정.', TRUE),
    (17, 'PRC017', '패키징', FALSE, 1.5, 200000, 0.005, 'Packaging of finished products. 완제품 패키징.', TRUE),
    (18, 'PRC018', '압출 성형', TRUE, 3.0, 800000, 0.02, 'Extrusion molding process. 압출 성형 공정.', TRUE),
    (19, 'PRC019', '프레스 2차', FALSE, 2.0, 750000, 0.02, 'Second press process. 2차 프레스 공정.', TRUE),
    (20, 'PRC020', '경화', TRUE, 5.0, 1800000, 0.01, 'Hardening of materials. 재료 경화 공정.', TRUE),
    (21, 'PRC021', '사출 성형', TRUE, 4.0, 1200000, 0.015, 'Injection molding process. 사출 성형 공정.', TRUE),
    (22, 'PRC022', '압축 성형', TRUE, 3.5, 950000, 0.02, 'Compression molding process. 압축 성형 공정.', TRUE),
    (23, 'PRC023', '합성', FALSE, 6.0, 2000000, 0.03, 'Material synthesis process. 재료 합성 공정.', TRUE),
    (24, 'PRC024', '광택', FALSE, 2.0, 500000, 0.01, 'Surface polishing and finishing. 표면 광택 공정.', TRUE),
    (25, 'PRC025', '코팅', TRUE, 3.0, 1000000, 0.01, 'Surface coating for protection. 보호를 위한 표면 코팅.', TRUE),
    (26, 'PRC026', '조립 3차', FALSE, 2.0, 650000, 0.02, 'Third assembly process. 3차 조립 공정.', FALSE),
    (27, 'PRC027', '고온 처리', TRUE, 5.5, 2000000, 0.005, 'High temperature treatment. 고온 처리 공정.', TRUE),
    (28, 'PRC028', '냉각', FALSE, 1.0, 150000, 0.01, 'Cooling process for finished products. 완제품 냉각 공정.', TRUE),
    (29, 'PRC029', '플라스틱 재활용', TRUE, 4.0, 900000, 0.02, 'Plastic recycling process. 플라스틱 재활용 공정.', TRUE),
    (30, 'PRC030', '알루미늄 주조', FALSE, 5.5, 1600000, 0.015, 'Aluminum casting process. 알루미늄 주조 공정.', TRUE);
INSERT INTO process_routing
(id, process_routing_code, name, description, is_standard, is_active)
VALUES
(1, 'ROUT001', '루트 A', '제품 A의 제조 과정', true, true),
(2, 'ROUT002', '루트 B', '제품 B의 제조 과정', false, true),
(3, 'ROUT003', '루트 C', '제품 C의 제조 과정', true, false),
(4, 'ROUT004', '루트 D', '제품 D의 제조 과정', false, true),
(5, 'ROUT005', '루트 E', '제품 E의 제조 과정', true, true),
(6, 'ROUT006', '루트 F', '제품 F의 제조 과정', false, true),
(7, 'ROUT007', '루트 G', '제품 G의 제조 과정', true, false),
(8, 'ROUT008', '루트 H', '제품 H의 제조 과정', false, true),
(9, 'ROUT009', '루트 I', '제품 I의 제조 과정', true, true),
(10, 'ROUT010', '루트 J', '제품 J의 제조 과정', false, false);

-- processDetailsl, routingStep 함께 확인
INSERT INTO product (code, product_group_id, process_routing_id, product_type, purchase_price, sales_price, name, standard, unit) VALUES
('A0001', 5, 1, 'FINISHED_GOODS', 25000, 30000, 'JPA 시작하기', '700페이지', 'EA'),
('A0002', 5, 2, 'FINISHED_GOODS', 5000, 10000, 'Spring Boot 시작하기', '200페이지', 'EA');
INSERT INTO warehouse_address (id, company_id, warehouse_address, detail_address, warehouse_postal_code, warehouse_place)
VALUES (1, 1, '해운대구', '센텀동로', '31', '부산정보산업진흥원');

INSERT INTO hierarchy_group (id, company_id, parent_group_id, hierarchy_group_code, hierarchy_group_name)
VALUES (1, 1, null,'root', 'root'),
       (2, 1, 1,'HG002', '그룹 B'),
       (3, 1, 1,'HG003', '그룹 C'),
       (4, 2, null,'root1', 'root'),
       (5, 2, 4,'HG005', '그룹 E'),
       (6, 2, 4,'HG006', '그룹 F'),
       (7, 1, 2,'HG007', '그룹 G'),
       (8, 1, 2,'HG008', '그룹 H'),
       (9, 1, 7,'HG009', '그룹 I');

INSERT INTO warehouse (id, company_id, warehouse_address_id, process_detail_id, warehouse_code, warehouse_type, name, production_process, is_active)
VALUES (1, 1, 1, null,'WH001', 'WAREHOUSE', '재고창고', '지혁몸통창고', TRUE),
       (2, 1, 1, 1,'WH002', 'FACTORY', '생산공장', '지혁이몸통생산', FALSE),
       (3, 2, 1, 2,'WH003', 'FACTORY', '과일창고', '지혁이머리저장', FALSE),
       (4, 2, 1, 3,'WH004', 'FACTORY', '부품공장', '지혁이머리생산', TRUE);

INSERT INTO warehouse_hierarchy_group (id, company_id, warehouse_id, hierarchy_group_id)
VALUES (1, 1, 1, 1),
       (2, 1, 2, 1),
       (3, 1, 2, 1),
       (4, 2, 3, 4),
       (5, 2, 3, 5),
       (6, 2, 3, 6),
       (7, 1, 1, 7),
       (8, 1, 1, 8),
       (9, 1, 1, 9);

INSERT INTO warehouse_location (id, company_id, warehouse_id, location_name, is_active)
VALUES (1, 1, 1, 'A1', true),
       (2, 1, 1, 'A2', true),
       (3, 1, 1, 'A3', true),
       (4, 1, 1, 'A4', true),
       (5, 2, 3, 'A5', true),
       (6, 2, 3, 'A6', true),
       (7, 2, 3, 'A7', true),
       (8, 2, 3, 'A8', true);

INSERT INTO warehouse_transfer (id, company_id, employee_id, sending_warehouse_id, receiving_warehouse_id, transfer_date, transfer_number, comment, status)
VALUES (1, 1, 1, 1, 2, '2024-09-10', '1', null, '미확인'),
       (2, 1, 1, 1, 2, '2024-09-10', '2', null, '확인'),
       (3, 1, 1, 1, 2, '2024-09-10', '3', null, '미확인'),
       (4, 1, 1, 1, 2, '2024-09-10', '4', null, '확인'),
       (5, 2, 2, 3, 4, '2024-09-10', '5', null, '확인'),
       (6, 2, 2, 3, 4, '2024-09-10', '6', null, '미확인'),
       (7, 2, 2, 3, 4, '2024-09-10', '7', null, '미확인'),
       (8, 2, 2, 3, 4, '2024-09-10', '8', null, '확인');

INSERT INTO warehouse_transfer_product (id, company_id, warehouse_transfer_id, product_id, quantity, comment)
VALUES (1, 1, 1, 1, 100, null),
       (2, 1, 1, 1, 10, null),
       (3, 1, 1, 1, 1, null),
       (4, 1, 1, 1, 200, null),
       (5, 1, 1, 1, 300, null),
       (6, 2, 5, 2, 100, null),
       (7, 2, 5, 2, 10, null),
       (8, 2, 5, 2, 1, null),
       (9, 2, 5, 2, 200, null),
       (10,2, 5, 2, 300, null);
-- Workcenter 초기 데이터 (warehouse_type이 FACTORY인 작업장들만 포함)
INSERT INTO basic_data_workcenter (id, company_id, process_id, warehouse_id, code, description, name, workcenter_type, is_active)
VALUES
-- WH002에 속한 작업장들 (FACTORY)
(1, 1, 1, 2, 'WC001', '금속을 변형시키는 작업', '프레스 작업장', 'PRESS', TRUE),
(2, 1, 2, 2, 'WC002', '부품을 조립하는 작업', '조립 작업장', 'ASSEMBLY', TRUE),
(3, 1, 3, 2, 'WC003', '금속을 녹여 주형에 붓는 작업', '주조 작업장', 'CASTING', TRUE),
(4, 2, 4, 2, 'WC004', '금속 부품을 용접하는 작업', '용접 작업장', 'WELDING', TRUE),
(5, 2, 5, 2, 'WC005', '부품에 도장 처리를 하는 작업', '도장 작업장', 'PAINT', TRUE),

-- WH003에 속한 작업장들 (FACTORY)
(6, 1, 6, 3, 'WC006', '플라스틱 성형 작업을 진행하는 작업', '플라스틱 성형 작업장', 'PLASTIC_MOLDING', TRUE),
(7, 1, 7, 3, 'WC007', '제품의 품질을 검사하는 작업', '품질 검사 작업장', 'QUALITY_INSPECTION', TRUE),
(8, 1, 8, 3, 'WC008', '금속을 단조로 변형시키는 작업', '단조 작업장', 'FORGING', TRUE),
(9, 2, 9, 3, 'WC009', '금속을 고온으로 가열하는 작업', '열처리 작업장', 'HEAT_TREATMENT', TRUE),
(10, 2, 10, 3, 'WC010', '정밀한 기계 가공을 수행하는 작업', '기계 가공 작업장', 'MACHINING', TRUE),

-- WH004에 속한 작업장들 (FACTORY)
(11, 1, 11, 4, 'WC011', '금속을 변형시키는 작업', '프레스 작업장', 'PRESS', TRUE),
(12, 1, 12, 4, 'WC012', '부품을 조립하는 작업', '조립 작업장', 'ASSEMBLY', TRUE),
(13, 2, 13, 4, 'WC013', '금속을 녹여 주형에 붓는 작업', '주조 작업장', 'CASTING', TRUE),
(14, 2, 14, 4, 'WC014', '금속 부품을 용접하는 작업', '용접 작업장', 'WELDING', TRUE),
(15, 1, 15, 4, 'WC015', '부품에 도장 처리를 하는 작업', '도장 작업장', 'PAINT', TRUE),
(16, 1, 16, 4, 'WC016', '플라스틱 성형 작업을 진행하는 작업', '플라스틱 성형 작업장', 'PLASTIC_MOLDING', TRUE),
(17, 2, 17, 4, 'WC017', '제품의 품질을 검사하는 작업', '품질 검사 작업장', 'QUALITY_INSPECTION', TRUE),
(18, 2, 18, 4, 'WC018', '금속을 단조로 변형시키는 작업', '단조 작업장', 'FORGING', TRUE),
(19, 2, 19, 4, 'WC019', '금속을 고온으로 가열하는 작업', '열처리 작업장', 'HEAT_TREATMENT', TRUE),
(20, 2, 20, 4, 'WC020', '정밀한 기계 가공을 수행하는 작업', '기계 가공 작업장', 'MACHINING', TRUE);

-- Workcenter에 프로세스 ID 업데이트 (생산 공정과 작업장 연결)
UPDATE basic_data_workcenter
SET process_id = (SELECT process_id FROM process_routing_process_details WHERE process_code = 'PRC001')
WHERE code = 'WC001';

UPDATE basic_data_workcenter
SET process_id = (SELECT process_id FROM process_routing_process_details WHERE process_code = 'PRC002')
WHERE code = 'WC002';

UPDATE basic_data_workcenter
SET process_id = (SELECT process_id FROM process_routing_process_details WHERE process_code = 'PRC003')
WHERE code = 'WC003';

UPDATE basic_data_workcenter
SET process_id = (SELECT process_id FROM process_routing_process_details WHERE process_code = 'PRC004')
WHERE code = 'WC004';

UPDATE basic_data_workcenter
SET process_id = (SELECT process_id FROM process_routing_process_details WHERE process_code = 'PRC005')
WHERE code = 'WC005';

UPDATE basic_data_workcenter
SET process_id = (SELECT process_id FROM process_routing_process_details WHERE process_code = 'PRC006')
WHERE code = 'WC006';

UPDATE basic_data_workcenter
SET process_id = (SELECT process_id FROM process_routing_process_details WHERE process_code = 'PRC007')
WHERE code = 'WC007';

UPDATE basic_data_workcenter
SET process_id = (SELECT process_id FROM process_routing_process_details WHERE process_code = 'PRC008')
WHERE code = 'WC008';

UPDATE basic_data_workcenter
SET process_id = (SELECT process_id FROM process_routing_process_details WHERE process_code = 'PRC009')
WHERE code = 'WC009';

UPDATE basic_data_workcenter
SET process_id = (SELECT process_id FROM process_routing_process_details WHERE process_code = 'PRC010')
WHERE code = 'WC010';
INSERT INTO common_scheduling_production_order (name, plan_of_make_to_order_id, plan_of_make_to_stock_id, remarks)
VALUES
    ('조립 작업 지시 1 - 엔진 조립', NULL, NULL, '엔진 부품을 조립하는 작업 지시. PRC001 (조립) 공정 수행'),
    ('용접 작업 지시 2 - 차체 프레임 용접', NULL, NULL, '차체 프레임을 용접하는 작업 지시. PRC002 (용접) 공정 수행'),
    ('도장 작업 지시 3 - 도어 패널 도장', NULL, NULL, '도어 패널의 표면을 도장하는 작업 지시. PRC003 (도장) 공정 수행'),
    ('가공 작업 지시 4 - 기어 가공', NULL, NULL, '기어 부품을 정밀 가공하는 작업 지시. PRC004 (가공) 공정 수행'),
    ('열처리 작업 지시 5 - 샤프트 열처리', NULL, NULL, '샤프트 부품의 강도 향상을 위한 열처리 작업 지시. PRC005 (열처리) 공정 수행'),
    ('품질 검사 작업 지시 6 - 브레이크 시스템 검사', NULL, NULL, '브레이크 시스템의 품질을 검사하는 작업 지시. PRC006 (품질 검사) 공정 수행'),
    ('프레스 작업 지시 7 - 휠 프레스 성형', NULL, NULL, '자동차 휠을 프레스 성형하는 작업 지시. PRC007 (프레스) 공정 수행'),
    ('단조 작업 지시 8 - 클러치 플레이트 단조', NULL, NULL, '클러치 플레이트를 단조하는 작업 지시. PRC008 (단조) 공정 수행'),
    ('플라스틱 성형 작업 지시 9 - 대시보드 성형', NULL, NULL, '대시보드를 플라스틱 성형하는 작업 지시. PRC009 (플라스틱 성형) 공정 수행'),
    ('주조 작업 지시 10 - 엔진 블록 주조', NULL, NULL, '엔진 블록을 금속 주조하는 작업 지시. PRC010 (주조) 공정 수행'),
    ('세척 작업 지시 11 - 기어 박스 부품 세척', NULL, NULL, '기어 박스 부품을 세척하는 작업 지시. PRC011 (세척) 공정 수행'),
    ('절단 작업 지시 12 - 철판 절단', NULL, NULL, '철판을 절단하는 작업 지시. PRC012 (절단) 공정 수행'),
    ('레이저 절단 작업 지시 13 - 정밀 부품 레이저 절단', NULL, NULL, '정밀 부품을 레이저로 절단하는 작업 지시. PRC013 (레이저 절단) 공정 수행'),
    ('CNC 가공 작업 지시 14 - 금속 부품 CNC 가공', NULL, NULL, '금속 부품을 CNC 가공하는 작업 지시. PRC014 (CNC 가공) 공정 수행'),
    ('연마 작업 지시 15 - 금속 표면 연마', NULL, NULL, '금속 표면을 연마하는 작업 지시. PRC015 (연마) 공정 수행'),
    ('조립 2차 작업 지시 16 - 엔진 부품 2차 조립', NULL, NULL, '엔진 부품의 2차 조립을 수행하는 작업 지시. PRC016 (조립 2차) 공정 수행'),
    ('패키징 작업 지시 17 - 완제품 패키징', NULL, NULL, '완제품을 패키징하는 작업 지시. PRC017 (패키징) 공정 수행'),
    ('압출 성형 작업 지시 18 - 플라스틱 압출 성형', NULL, NULL, '플라스틱 부품의 압출 성형을 수행하는 작업 지시. PRC018 (압출 성형) 공정 수행'),
    ('프레스 2차 작업 지시 19 - 금속 프레스 2차 작업', NULL, NULL, '금속 프레스 2차 작업을 수행하는 작업 지시. PRC019 (프레스 2차) 공정 수행'),
    ('경화 작업 지시 20 - 재료 경화 작업', NULL, NULL, '재료 경화를 위한 작업 지시. PRC020 (경화) 공정 수행');
-- ShiftType 데이터 삽입
INSERT INTO common_scheduling_shift_type (name, description, duration, is_used) VALUES
                                                        ('주간', '8시간 주간 근무', 8, TRUE),
                                                        ('야간', '8시간 야간 근무', 8, TRUE),
                                                        ('오전', '8시간 오전 근무', 8, TRUE),
                                                        ('오후', '8시간 오후 근무', 8, TRUE),
                                                        ('주간 12시간', '12시간 주간 근무', 12, FALSE),
                                                        ('야간 12시간', '12시간 야간 근무', 12, FALSE),
                                                        ('4조 3교대', '4개조 3교대 근무', 8, FALSE),
                                                        ('3조 2교대', '3개조 2교대 근무', 12, FALSE),
                                                        ('4조 2교대', '4개조 2교대 근무', 12, FALSE);


INSERT INTO equipment_data (cost,install_date,purchase_date,company_id,factory_id,workcenter_id,equipment_img,equipment_name,equipment_num,manufacturer,model_name,equipment_type,operation_status) VALUES
    (100,'2022-02-02','2022-02-03',1,1,1,'설비 사진1','조립설비1','PRD-EM-001','삼성','MZ1','ASSEMBLY','BEFORE_OPERATION');

INSERT INTO equipment_data (cost,install_date,purchase_date,company_id,factory_id,workcenter_id,equipment_img,equipment_name,equipment_num,manufacturer,model_name,equipment_type,operation_status) VALUES
    (1000,'2022-02-02','2022-02-04',1,2,1,'설비 사진2','제조설비2','PRD-EM1-002','LG','MZ','ASSEMBLY','BEFORE_OPERATION');

INSERT INTO equipment_data (cost,install_date,purchase_date,company_id,factory_id,workcenter_id,equipment_img,equipment_name,equipment_num,manufacturer,model_name,equipment_type,operation_status) VALUES
    (1000,'2022-02-02','2022-02-04',1,1,1,'설비 사진3','제조설비3','PRD-EM1-003','YG','MZ','ASSEMBLY','BEFORE_OPERATION');

INSERT INTO equipment_data (cost,install_date,purchase_date,company_id,factory_id,workcenter_id,equipment_img,equipment_name,equipment_num,manufacturer,model_name,equipment_type,operation_status) VALUES
    (100000,'2022-02-02','2022-02-04',1,1,1,'설비 사진4','제조설비4','PRD-EM1-004','현대','MZ','ASSEMBLY','BEFORE_OPERATION');

INSERT INTO equipment_data (cost,install_date,purchase_date,company_id,factory_id,workcenter_id,equipment_img,equipment_name,equipment_num,manufacturer,model_name,equipment_type,operation_status) VALUES
    (10000,'2022-02-02','2022-02-04',1,2,1,'설비 사진5','제조설비5','PRD-EM1-005','삼성','MZ','ASSEMBLY','BEFORE_OPERATION');

INSERT INTO equipment_data (cost,install_date,purchase_date,company_id,factory_id,workcenter_id,equipment_img,equipment_name,equipment_num,manufacturer,model_name,equipment_type,operation_status) VALUES
    (111111,'2022-02-02','2022-02-04',1,1,1,'설비 사진6','조립설비2','PRD-EM1-006','삼성','MZ','ASSEMBLY',n'REPAIRING');

INSERT INTO equipment_data (cost,install_date,purchase_date,company_id,factory_id,workcenter_id,equipment_img,equipment_name,equipment_num,manufacturer,model_name,equipment_type,operation_status) VALUES
    (1500000,'2022-03-02','2021-02-04',1,1,1,'설비 사진7','조립설비3','PRD-EM1-007','LG','메가존클라우드','ASSEMBLY',n'REPAIRING');

INSERT INTO equipment_data (cost,install_date,purchase_date,company_id,factory_id,workcenter_id,equipment_img,equipment_name,equipment_num,manufacturer,model_name,equipment_type,operation_status) VALUES
    (1500000,'2022-03-02','2021-02-04',1,1,1,'설비 사진8','포장설비1','PRD-EM1-008','LG','메가존클라우드','ASSEMBLY',n'REPAIRING');

INSERT INTO equipment_data (cost,install_date,purchase_date,company_id,factory_id,workcenter_id,equipment_img,equipment_name,equipment_num,manufacturer,model_name,equipment_type,operation_status) VALUES
    (1500000,'2022-03-02','2021-02-04',1,1,1,'설비 사진9','포장설비2','PRD-EM1-009','현대자동차','메가존클라우드','ASSEMBLY',n'REPAIRING');

INSERT INTO equipment_data (cost,install_date,purchase_date,company_id,factory_id,workcenter_id,equipment_img,equipment_name,equipment_num,manufacturer,model_name,equipment_type,operation_status) VALUES
    (1500000,'2022-03-02','2021-02-04',1,1,1,'설비 사진10','포장설비3','PRD-EM1-010','삼성','메가존클라우드','ASSEMBLY',n'REPAIRING');

INSERT INTO equipment_data (cost,install_date,purchase_date,company_id,factory_id,workcenter_id,equipment_img,equipment_name,equipment_num,manufacturer,model_name,equipment_type,operation_status) VALUES
    (1500000,'2022-03-02','2021-02-04',2,1,1,'설비 사진1','포장설비3','PRD-EM2-001','삼성','메가존클라우드','ASSEMBLY',n'REPAIRING');

INSERT INTO equipment_data (cost,install_date,purchase_date,company_id,factory_id,workcenter_id,equipment_img,equipment_name,equipment_num,manufacturer,model_name,equipment_type,operation_status) VALUES
    (1500000,'2022-04-02','2021-04-04',2,1,1,'설비 사진2','포장설비3','PRD-EM2-002','삼성','메가존클라우드','ASSEMBLY',n'REPAIRING');
insert into equipment_maintenance_history(maintenance_cost, maintenance_date, maintenance_status, next_maintenance_date, equiment_data_id, maintenance_detail, maintenance_manager, title, maintenance_type,company_id)
VALUES(10000, '2024-08-25',true,'2025-08-25',1,'유지보수 상세 내용','박정현','유지보수 제목','REGULAR_INSPECTION',1);

insert into equipment_maintenance_history(maintenance_cost, maintenance_date, maintenance_status, next_maintenance_date, equiment_data_id, maintenance_detail, maintenance_manager, title, maintenance_type,company_id)
VALUES(10000, '2024-08-25',true,'2025-08-25',1,'유지보수 상세 내용2','지혁쿤','유지보수 제목2','REGULAR_INSPECTION',1);

insert into equipment_maintenance_history(maintenance_cost, maintenance_date, maintenance_status, next_maintenance_date, equiment_data_id, maintenance_detail, maintenance_manager, title, maintenance_type,company_id)
VALUES(10000, '2024-08-25',true,'2025-08-25',2,'유지보수 상세 내용1','박정현','유지보수 제목1','REGULAR_INSPECTION',1);

insert into equipment_maintenance_history(maintenance_cost, maintenance_date, maintenance_status, next_maintenance_date, equiment_data_id, maintenance_detail, maintenance_manager, title, maintenance_type,company_id)
VALUES(10000, '2024-08-25',true,'2025-08-25',3,'유지보수 상세 내용1','박정현','유지보수 제목1','REGULAR_INSPECTION',1);

insert into equipment_maintenance_history(maintenance_cost, maintenance_date, maintenance_status, next_maintenance_date, equiment_data_id, maintenance_detail, maintenance_manager, title, maintenance_type,company_id)
VALUES(10000, '2024-08-27',true,'2025-08-27',4,'유지보수 상세 내용1','박정현','유지보수 제목1','REGULAR_INSPECTION',1);

insert into equipment_maintenance_history(maintenance_cost, maintenance_date, maintenance_status, next_maintenance_date, equiment_data_id, maintenance_detail, maintenance_manager, title, maintenance_type,company_id)
VALUES(10000, '2024-08-27',true,'2025-08-27',1,'유지보수 상세 내용1','박정현','유지보수 제목1','REGULAR_INSPECTION',2);

insert into equipment_maintenance_history(maintenance_cost, maintenance_date, maintenance_status, next_maintenance_date, equiment_data_id, maintenance_detail, maintenance_manager, title, maintenance_type,company_id)
VALUES(10000, '2024-08-27',true,'2025-08-27',2,'유지보수 상세 내용1','박정현','유지보수 제목1','REGULAR_INSPECTION',2);

insert into equipment_maintenance_history(maintenance_cost, maintenance_date, maintenance_status, next_maintenance_date, equiment_data_id, maintenance_detail, maintenance_manager, title, maintenance_type,company_id)
VALUES(10000, '2024-08-27',true,'2025-08-27',3,'유지보수 상세 내용1','박정현','유지보수 제목1','REGULAR_INSPECTION',2);

insert into equipment_maintenance_history(maintenance_cost, maintenance_date, maintenance_status, next_maintenance_date, equiment_data_id, maintenance_detail, maintenance_manager, title, maintenance_type,company_id)
VALUES(10000, '2024-08-27',true,'2025-08-27',4,'유지보수 상세 내용1','박정현','유지보수 제목1','REGULAR_INSPECTION',2);

insert into equipment_maintenance_history(maintenance_cost, maintenance_date, maintenance_status, next_maintenance_date, equiment_data_id, maintenance_detail, maintenance_manager, title, maintenance_type,company_id)
VALUES(10000, '2024-08-27',true,'2025-08-27',5,'유지보수 상세 내용1','박정현','유지보수 제목1','REGULAR_INSPECTION',2);
INSERT INTO worker (training_status, employee_id, company_id)
VALUES
    (false, 1, 1), -- employee_id 1 (지호 김), company_id 1
    (false, 2, 1), -- employee_id 2 (성민 이), company_id 1
    (false, 3, 1); -- employee_id 3 (수진 최), company_id 2
-- 작업자 배정 테이블에 데이터 삽입
INSERT INTO common_scheduling_worker_assignment (workcenter_id, worker_id, assignment_date, shift_type_id, production_order_id)
VALUES
    -- 현재 날짜로 배정
    (1, 1, CURRENT_DATE, 1, 1),  -- 작업장 1에 직원 1 배정
    (2, 2, CURRENT_DATE, 1, 2),  -- 작업장 2에 직원 2 배정
    (3, 3, CURRENT_DATE, 1, 3),  -- 작업장 3에 직원 3 배정

    -- 2024년 1월에서 2월 사이 배정
    (1, 1, '2024-01-05', 1, 4),
    (2, 2, '2024-01-12', 1, 5),
    (3, 3, '2024-01-18', 1, 6),
    (1, 1, '2024-02-08', 1, 7),
    (2, 2, '2024-02-13', 1, 8),
    (3, 3, '2024-02-20', 1, 9),

    -- 랜덤 날짜 생성
    (1, 1, DATE_ADD(LAST_DAY('2024-03-01'), INTERVAL -RAND()*30 DAY), 1, 10),
    (2, 2, DATE_ADD(LAST_DAY('2024-04-01'), INTERVAL -RAND()*30 DAY), 1, 11),
    (3, 3, DATE_ADD(LAST_DAY('2024-05-01'), INTERVAL -RAND()*30 DAY), 1, 12),
    (1, 1, DATE_ADD(LAST_DAY('2024-06-01'), INTERVAL -RAND()*30 DAY), 1, 13),
    (2, 2, DATE_ADD(LAST_DAY('2024-07-01'), INTERVAL -RAND()*30 DAY), 1, 14),
    (3, 3, DATE_ADD(LAST_DAY('2024-08-01'), INTERVAL -RAND()*30 DAY), 1, 15),
    (1, 1, DATE_ADD(LAST_DAY('2024-09-01'), INTERVAL -RAND()*30 DAY), 1, 16),
    (2, 2, DATE_ADD(LAST_DAY('2024-10-01'), INTERVAL -RAND()*30 DAY), 1, 17),
    (3, 3, DATE_ADD(LAST_DAY('2024-11-01'), INTERVAL -RAND()*30 DAY), 1, 18),
    (1, 1, DATE_ADD(LAST_DAY('2024-12-01'), INTERVAL -RAND()*30 DAY), 1, 19);
