

-- 수당 종류 및 금액 삽입 (기본적으로 NULL로 설정, 금액은 직급-호봉에 따라 달라짐)
INSERT INTO employee_allowance (code, name, description) VALUES
('1', '기본급',  '기본급 수당'),
('2', '급호수당', '직책에 따른 급호수당'),
('3', '연장수당', '연장근무 수당'),
('4', '교통수당', '교통비 수당'),
('5', '식비수당', '식비 수당');

-- 호봉 데이터 삽입 (1호봉 ~ 10호봉)
INSERT INTO employee_salarystep (code, name, description) VALUES
('1', '1호봉', '1호봉 설명'),
('2', '2호봉', '2호봉 설명'),
('3', '3호봉', '3호봉 설명'),
('4', '4호봉', '4호봉 설명'),
('5', '5호봉', '5호봉 설명'),
('6', '6호봉', '6호봉 설명'),
('7', '7호봉', '7호봉 설명'),
('8', '8호봉', '8호봉 설명'),
('9', '9호봉', '9호봉 설명'),
( '10', '10호봉', '10호봉 설명');

-- 직급에 대해 1호봉 ~ 10호봉 설정
INSERT INTO employee_position_salary_step (salary_steps, positions, use_start_date,use_end_date) VALUES
(1, 1, '2024-01-01', NULL),
(2, 1, '2024-01-01', NULL),
(3, 1, '2024-01-01', NULL),
(4, 1, '2024-01-01', NULL),
(5, 1, '2024-01-01', NULL),
(6, 1, '2024-01-01', NULL),
(7, 1, '2024-01-01', NULL),
(8, 1, '2024-01-01', NULL),
(9, 1, '2024-01-01', NULL),
(10, 1, '2024-01-01', NULL),
(1, 2, '2024-01-01', NULL),
(2, 2, '2024-01-01', NULL),
(3, 2, '2024-01-01', NULL),
(4, 2, '2024-01-01', NULL),
(5, 2, '2024-01-01', NULL),
(6, 2, '2024-01-01', NULL),
(7, 2, '2024-01-01', NULL),
(8, 2, '2024-01-01', NULL),
(9, 2, '2024-01-01', NULL),
(10, 2, '2024-01-01', NULL),
(1, 3, '2024-01-01', NULL),
(2, 3, '2024-01-01', NULL),
(3, 3, '2024-01-01', NULL),
(4, 3, '2024-01-01', NULL),
(5, 3, '2024-01-01', NULL),
(6, 3, '2024-01-01', NULL),
(7, 3, '2024-01-01', NULL),
(8, 3, '2024-01-01', NULL),
(9, 3, '2024-01-01', NULL),
(10, 3, '2024-01-01', NULL),
(1, 4, '2024-01-01', NULL),
(2, 4, '2024-01-01', NULL),
(3, 4, '2024-01-01', NULL),
(4, 4, '2024-01-01', NULL),
(5, 4, '2024-01-01', NULL),
(6, 4, '2024-01-01', NULL),
(7, 4, '2024-01-01', NULL),
(8, 4, '2024-01-01', NULL),
(9, 4, '2024-01-01', NULL),
(10, 4, '2024-01-01', NULL),
(1, 5, '2024-01-01', NULL),
(2, 5, '2024-01-01', NULL),
(3, 5, '2024-01-01', NULL),
(4, 5, '2024-01-01', NULL),
(5, 5, '2024-01-01', NULL),
(6, 5, '2024-01-01', NULL),
(7, 5, '2024-01-01', NULL),
(8, 5, '2024-01-01', NULL),
(9, 5, '2024-01-01', NULL),
(10, 5, '2024-01-01', NULL),
(1, 6, '2024-01-01', NULL),
(2, 6, '2024-01-01', NULL),
(3, 6, '2024-01-01', NULL),
(4, 6, '2024-01-01', NULL),
(5, 6, '2024-01-01', NULL),
(6, 6, '2024-01-01', NULL),
(7, 6, '2024-01-01', NULL),
(8, 6, '2024-01-01', NULL),
(9, 6, '2024-01-01', NULL),
(10, 6, '2024-01-01', NULL),
(1, 7, '2024-01-01', NULL),
(2, 7, '2024-01-01', NULL),
(3, 7, '2024-01-01', NULL),
(4, 7, '2024-01-01', NULL),
(5, 7, '2024-01-01', NULL),
(6, 7, '2024-01-01', NULL),
(7, 7, '2024-01-01', NULL),
(8, 7, '2024-01-01', NULL),
(9, 7, '2024-01-01', NULL),
(10, 7, '2024-01-01', NULL),
(1, 8, '2024-01-01', NULL),
(2, 8, '2024-01-01', NULL),
(3, 8, '2024-01-01', NULL),
(4, 8, '2024-01-01', NULL),
(5, 8, '2024-01-01', NULL),
(6, 8, '2024-01-01', NULL),
(7, 8, '2024-01-01', NULL),
(8, 8, '2024-01-01', NULL),
(9, 8, '2024-01-01', NULL),
(10, 8, '2024-01-01', NULL),
(1, 9, '2024-01-01', NULL),
(2, 9, '2024-01-01', NULL),
(3, 9, '2024-01-01', NULL),
(4, 9, '2024-01-01', NULL),
(5, 9, '2024-01-01', NULL),
(6, 9, '2024-01-01', NULL),
(7, 9, '2024-01-01', NULL),
(8, 9, '2024-01-01', NULL),
(9, 9, '2024-01-01', NULL),
(10, 9, '2024-01-01', NULL),
(1, 10, '2024-01-01', NULL),
(2, 10, '2024-01-01', NULL),
(3, 10, '2024-01-01', NULL),
(4, 10, '2024-01-01', NULL),
(5, 10, '2024-01-01', NULL),
(6, 10, '2024-01-01', NULL),
(7, 10, '2024-01-01', NULL),
(8, 10, '2024-01-01', NULL),
(9, 10, '2024-01-01', NULL),
(10, 10, '2024-01-01', NULL),
(1, 11, '2024-01-01', NULL),
(2, 11, '2024-01-01', NULL),
(3, 11, '2024-01-01', NULL),
(4, 11, '2024-01-01', NULL),
(5, 11, '2024-01-01', NULL),
(6, 11, '2024-01-01', NULL),
(7, 11, '2024-01-01', NULL),
(8, 11, '2024-01-01', NULL),
(9, 11, '2024-01-01', NULL),
(10, 11, '2024-01-01', NULL);

-- 사원 1호봉에 대해 각각 다른 수당 금액 설정
INSERT INTO position_salary_step_allowance (position_salary_step_id, allowance_id, amount) VALUES
(1, 1, 3505000),
(1, 2, 3515000),
(1, 3, 3525000),
(1, 4, 3535000),
(1, 5, 3545000),
(2, 1, 3500000),
(2, 2, 3510000),
(2, 3, 3520000),
(2, 4, 3530000),
(2, 5, 3540000),
(3, 1, 3495000),
(3, 2, 3505000),
(3, 3, 3515000),
(3, 4, 3525000),
(3, 5, 3535000),
(4, 1, 3490000),
(4, 2, 3500000),
(4, 3, 3510000),
(4, 4, 3520000),
(4, 5, 3530000),
(5, 1, 3485000),
(5, 2, 3495000),
(5, 3, 3505000),
(5, 4, 3515000),
(5, 5, 3525000),
(6, 1, 3480000),
(6, 2, 3490000),
(6, 3, 3500000),
(6, 4, 3510000),
(6, 5, 3520000),
(7, 1, 3475000),
(7, 2, 3485000),
(7, 3, 3495000),
(7, 4, 3505000),
(7, 5, 3515000),
(8, 1, 3470000),
(8, 2, 3480000),
(8, 3, 3490000),
(8, 4, 3500000),
(8, 5, 3510000),
(9, 1, 3465000),
(9, 2, 3475000),
(9, 3, 3485000),
(9, 4, 3495000),
(9, 5, 3505000),
(10, 1, 3460000),
(10, 2, 3470000),
(10, 3, 3480000),
(10, 4, 3490000),
(10, 5, 3500000),
(11, 1, 3455000),
(11, 2, 3465000),
(11, 3, 3475000),
(11, 4, 3485000),
(11, 5, 3495000),
(12, 1, 3450000),
(12, 2, 3460000),
(12, 3, 3470000),
(12, 4, 3480000),
(12, 5, 3490000),
(13, 1, 3445000),
(13, 2, 3455000),
(13, 3, 3465000),
(13, 4, 3475000),
(13, 5, 3485000),
(14, 1, 3440000),
(14, 2, 3450000),
(14, 3, 3460000),
(14, 4, 3470000),
(14, 5, 3480000),
(15, 1, 3435000),
(15, 2, 3445000),
(15, 3, 3455000),
(15, 4, 3465000),
(15, 5, 3475000),
(16, 1, 3430000),
(16, 2, 3440000),
(16, 3, 3450000),
(16, 4, 3460000),
(16, 5, 3470000),
(17, 1, 3425000),
(17, 2, 3435000),
(17, 3, 3445000),
(17, 4, 3455000),
(17, 5, 3465000),
(18, 1, 3420000),
(18, 2, 3430000),
(18, 3, 3440000),
(18, 4, 3450000),
(18, 5, 3460000),
(19, 1, 3415000),
(19, 2, 3425000),
(19, 3, 3435000),
(19, 4, 3445000),
(19, 5, 3455000),
(20, 1, 3410000),
(20, 2, 3420000),
(20, 3, 3430000),
(20, 4, 3440000),
(20, 5, 3450000),
(21, 1, 3405000),
(21, 2, 3415000),
(21, 3, 3425000),
(21, 4, 3435000),
(21, 5, 3445000),
(22, 1, 3400000),
(22, 2, 3410000),
(22, 3, 3420000),
(22, 4, 3430000),
(22, 5, 3440000),
(23, 1, 3395000),
(23, 2, 3405000),
(23, 3, 3415000),
(23, 4, 3425000),
(23, 5, 3435000),
(24, 1, 3390000),
(24, 2, 3400000),
(24, 3, 3410000),
(24, 4, 3420000),
(24, 5, 3430000),
(25, 1, 3385000),
(25, 2, 3395000),
(25, 3, 3405000),
(25, 4, 3415000),
(25, 5, 3425000),
(26, 1, 3380000),
(26, 2, 3390000),
(26, 3, 3400000),
(26, 4, 3410000),
(26, 5, 3420000),
(27, 1, 3375000),
(27, 2, 3385000),
(27, 3, 3395000),
(27, 4, 3405000),
(27, 5, 3415000),
(28, 1, 3370000),
(28, 2, 3380000),
(28, 3, 3390000),
(28, 4, 3400000),
(28, 5, 3410000),
(29, 1, 3365000),
(29, 2, 3375000),
(29, 3, 3385000),
(29, 4, 3395000),
(29, 5, 3405000),
(30, 1, 3360000),
(30, 2, 3370000),
(30, 3, 3380000),
(30, 4, 3390000),
(30, 5, 3400000),
(31, 1, 3355000),
(31, 2, 3365000),
(31, 3, 3375000),
(31, 4, 3385000),
(31, 5, 3395000),
(32, 1, 3350000),
(32, 2, 3360000),
(32, 3, 3370000),
(32, 4, 3380000),
(32, 5, 3390000),
(33, 1, 3345000),
(33, 2, 3355000),
(33, 3, 3365000),
(33, 4, 3375000),
(33, 5, 3385000),
(34, 1, 3340000),
(34, 2, 3350000),
(34, 3, 3360000),
(34, 4, 3370000),
(34, 5, 3380000),
(35, 1, 3335000),
(35, 2, 3345000),
(35, 3, 3355000),
(35, 4, 3365000),
(35, 5, 3375000),
(36, 1, 3330000),
(36, 2, 3340000),
(36, 3, 3350000),
(36, 4, 3360000),
(36, 5, 3370000),
(37, 1, 3325000),
(37, 2, 3335000),
(37, 3, 3345000),
(37, 4, 3355000),
(37, 5, 3365000),
(38, 1, 3320000),
(38, 2, 3330000),
(38, 3, 3340000),
(38, 4, 3350000),
(38, 5, 3360000),
(39, 1, 3315000),
(39, 2, 3325000),
(39, 3, 3335000),
(39, 4, 3345000),
(39, 5, 3355000),
(40, 1, 3310000),
(40, 2, 3320000),
(40, 3, 3330000),
(40, 4, 3340000),
(40, 5, 3350000),
(41, 1, 3305000),
(41, 2, 3315000),
(41, 3, 3325000),
(41, 4, 3335000),
(41, 5, 3345000),
(42, 1, 3300000),
(42, 2, 3310000),
(42, 3, 3320000),
(42, 4, 3330000),
(42, 5, 3340000),
(43, 1, 3295000),
(43, 2, 3305000),
(43, 3, 3315000),
(43, 4, 3325000),
(43, 5, 3335000),
(44, 1, 3290000),
(44, 2, 3300000),
(44, 3, 3310000),
(44, 4, 3320000),
(44, 5, 3330000),
(45, 1, 3285000),
(45, 2, 3295000),
(45, 3, 3305000),
(45, 4, 3315000),
(45, 5, 3325000),
(46, 1, 3280000),
(46, 2, 3290000),
(46, 3, 3300000),
(46, 4, 3310000),
(46, 5, 3320000),
(47, 1, 3275000),
(47, 2, 3285000),
(47, 3, 3295000),
(47, 4, 3305000),
(47, 5, 3315000),
(48, 1, 3270000),
(48, 2, 3280000),
(48, 3, 3290000),
(48, 4, 3300000),
(48, 5, 3310000),
(49, 1, 3265000),
(49, 2, 3275000),
(49, 3, 3285000),
(49, 4, 3295000),
(49, 5, 3305000),
(50, 1, 3260000),
(50, 2, 3270000),
(50, 3, 3280000),
(50, 4, 3290000),
(50, 5, 3300000),
(51, 1, 3255000),
(51, 2, 3265000),
(51, 3, 3275000),
(51, 4, 3285000),
(51, 5, 3295000),
(52, 1, 3250000),
(52, 2, 3260000),
(52, 3, 3270000),
(52, 4, 3280000),
(52, 5, 3290000),
(53, 1, 3245000),
(53, 2, 3255000),
(53, 3, 3265000),
(53, 4, 3275000),
(53, 5, 3285000),
(54, 1, 3240000),
(54, 2, 3250000),
(54, 3, 3260000),
(54, 4, 3270000),
(54, 5, 3280000),
(55, 1, 3235000),
(55, 2, 3245000),
(55, 3, 3255000),
(55, 4, 3265000),
(55, 5, 3275000),
(56, 1, 3230000),
(56, 2, 3240000),
(56, 3, 3250000),
(56, 4, 3260000),
(56, 5, 3270000),
(57, 1, 3225000),
(57, 2, 3235000),
(57, 3, 3245000),
(57, 4, 3255000),
(57, 5, 3265000),
(58, 1, 3220000),
(58, 2, 3230000),
(58, 3, 3240000),
(58, 4, 3250000),
(58, 5, 3260000),
(59, 1, 3215000),
(59, 2, 3225000),
(59, 3, 3235000),
(59, 4, 3245000),
(59, 5, 3255000),
(60, 1, 3210000),
(60, 2, 3220000),
(60, 3, 3230000),
(60, 4, 3240000),
(60, 5, 3250000),
(61, 1, 3205000),
(61, 2, 3215000),
(61, 3, 3225000),
(61, 4, 3235000),
(61, 5, 3245000),
(62, 1, 3200000),
(62, 2, 3210000),
(62, 3, 3220000),
(62, 4, 3230000),
(62, 5, 3240000),
(63, 1, 3195000),
(63, 2, 3205000),
(63, 3, 3215000),
(63, 4, 3225000),
(63, 5, 3235000),
(64, 1, 3190000),
(64, 2, 3200000),
(64, 3, 3210000),
(64, 4, 3220000),
(64, 5, 3230000),
(65, 1, 3185000),
(65, 2, 3195000),
(65, 3, 3205000),
(65, 4, 3215000),
(65, 5, 3225000),
(66, 1, 3180000),
(66, 2, 3190000),
(66, 3, 3200000),
(66, 4, 3210000),
(66, 5, 3220000),
(67, 1, 3175000),
(67, 2, 3185000),
(67, 3, 3195000),
(67, 4, 3205000),
(67, 5, 3215000),
(68, 1, 3170000),
(68, 2, 3180000),
(68, 3, 3190000),
(68, 4, 3200000),
(68, 5, 3210000),
(69, 1, 3165000),
(69, 2, 3175000),
(69, 3, 3185000),
(69, 4, 3195000),
(69, 5, 3205000),
(70, 1, 3160000),
(70, 2, 3170000),
(70, 3, 3180000),
(70, 4, 3190000),
(70, 5, 3200000),
(71, 1, 3155000),
(71, 2, 3165000),
(71, 3, 3175000),
(71, 4, 3185000),
(71, 5, 3195000),
(72, 1, 3150000),
(72, 2, 3160000),
(72, 3, 3170000),
(72, 4, 3180000),
(72, 5, 3190000),
(73, 1, 3145000),
(73, 2, 3155000),
(73, 3, 3165000),
(73, 4, 3175000),
(73, 5, 3185000),
(74, 1, 3140000),
(74, 2, 3150000),
(74, 3, 3160000),
(74, 4, 3170000),
(74, 5, 3180000),
(75, 1, 3135000),
(75, 2, 3145000),
(75, 3, 3155000),
(75, 4, 3165000),
(75, 5, 3175000),
(76, 1, 3130000),
(76, 2, 3140000),
(76, 3, 3150000),
(76, 4, 3160000),
(76, 5, 3170000),
(77, 1, 3125000),
(77, 2, 3135000),
(77, 3, 3145000),
(77, 4, 3155000),
(77, 5, 3165000),
(78, 1, 3120000),
(78, 2, 3130000),
(78, 3, 3140000),
(78, 4, 3150000),
(78, 5, 3160000),
(79, 1, 3115000),
(79, 2, 3125000),
(79, 3, 3135000),
(79, 4, 3145000),
(79, 5, 3155000),
(80, 1, 3110000),
(80, 2, 3120000),
(80, 3, 3130000),
(80, 4, 3140000),
(80, 5, 3150000),
(81, 1, 3105000),
(81, 2, 3115000),
(81, 3, 3125000),
(81, 4, 3135000),
(81, 5, 3145000),
(82, 1, 3100000),
(82, 2, 3110000),
(82, 3, 3120000),
(82, 4, 3130000),
(82, 5, 3140000),
(83, 1, 3095000),
(83, 2, 3105000),
(83, 3, 3115000),
(83, 4, 3125000),
(83, 5, 3135000),
(84, 1, 3090000),
(84, 2, 3100000),
(84, 3, 3110000),
(84, 4, 3120000),
(84, 5, 3130000),
(85, 1, 3085000),
(85, 2, 3095000),
(85, 3, 3105000),
(85, 4, 3115000),
(85, 5, 3125000),
(86, 1, 3080000),
(86, 2, 3090000),
(86, 3, 3100000),
(86, 4, 3110000),
(86, 5, 3120000),
(87, 1, 3075000),
(87, 2, 3085000),
(87, 3, 3095000),
(87, 4, 3105000),
(87, 5, 3115000),
(88, 1, 3070000),
(88, 2, 3080000),
(88, 3, 3090000),
(88, 4, 3100000),
(88, 5, 3110000),
(89, 1, 3065000),
(89, 2, 3075000),
(89, 3, 3085000),
(89, 4, 3095000),
(89, 5, 3105000),
(90, 1, 3060000),
(90, 2, 3070000),
(90, 3, 3080000),
(90, 4, 3090000),
(90, 5, 3100000),
(91, 1, 3055000),
(91, 2, 3065000),
(91, 3, 3075000),
(91, 4, 3085000),
(91, 5, 3095000),
(92, 1, 3050000),
(92, 2, 3060000),
(92, 3, 3070000),
(92, 4, 3080000),
(92, 5, 3090000),
(93, 1, 3045000),
(93, 2, 3055000),
(93, 3, 3065000),
(93, 4, 3075000),
(93, 5, 3085000),
(94, 1, 3040000),
(94, 2, 3050000),
(94, 3, 3060000),
(94, 4, 3070000),
(94, 5, 3080000),
(95, 1, 3035000),
(95, 2, 3045000),
(95, 3, 3055000),
(95, 4, 3065000),
(95, 5, 3075000),
(96, 1, 3030000),
(96, 2, 3040000),
(96, 3, 3050000),
(96, 4, 3060000),
(96, 5, 3070000),
(97, 1, 3025000),
(97, 2, 3035000),
(97, 3, 3045000),
(97, 4, 3055000),
(97, 5, 3065000),
(98, 1, 3020000),
(98, 2, 3030000),
(98, 3, 3040000),
(98, 4, 3050000),
(98, 5, 3060000),
(99, 1, 3015000),
(99, 2, 3025000),
(99, 3, 3035000),
(99, 4, 3045000),
(99, 5, 3055000),
(100, 1, 3010000),
(100, 2, 3020000),
(100, 3, 3030000),
(100, 4, 3040000),
(100, 5, 3050000),
(101, 1, 3005000),
(101, 2, 3015000),
(101, 3, 3025000),
(101, 4, 3035000),
(101, 5, 3045000),
(102, 1, 3000000),
(102, 2, 3010000),
(102, 3, 3020000),
(102, 4, 3030000),
(102, 5, 3040000),
(103, 1, 2995000),
(103, 2, 3005000),
(103, 3, 3015000),
(103, 4, 3025000),
(103, 5, 3035000),
(104, 1, 2990000),
(104, 2, 3000000),
(104, 3, 3010000),
(104, 4, 3020000),
(104, 5, 3030000),
(105, 1, 2985000),
(105, 2, 2995000),
(105, 3, 3005000),
(105, 4, 3015000),
(105, 5, 3025000),
(106, 1, 2980000),
(106, 2, 2990000),
(106, 3, 3000000),
(106, 4, 3010000),
(106, 5, 3020000),
(107, 1, 2975000),
(107, 2, 2985000),
(107, 3, 2995000),
(107, 4, 3005000),
(107, 5, 3015000),
(108, 1, 2970000),
(108, 2, 2980000),
(108, 3, 2990000),
(108, 4, 3000000),
(108, 5, 3010000),
(109, 1, 2965000),
(109, 2, 2975000),
(109, 3, 2985000),
(109, 4, 2995000),
(109, 5, 3005000),
(110, 1, 2960000),
(110, 2, 2970000),
(110, 3, 2980000),
(110, 4, 2990000),
(110, 5, 3000000);
