INSERT INTO employee_department (department_code, department_name, location) VALUES
('0001','인사부','1층'),
('0002','재무부','2층'),
('0003','생산부','3층'),
('0004','물류부','4층');

INSERT INTO employee_position (code,description, position_name) VALUES
('0001', '회사의 전체 전략과 방향을 설정하고 리더십을 제공함', '사장'),
('0002', '회사의 운영을 총괄하고 모든 부서의 효율성을 관리함', '부사장'),
('0003', '특정 부서를 관리하고 부서의 목표 달성을 책임짐', '이사'),
('0004', '팀의 일상적인 업무를 지휘하고 관리함', '부장'),
('0005', '부서 내 프로젝트 실행과 팀 성과를 관리함', '팀장'),
('0006', '소프트웨어 및 IT 시스템을 개발 및 유지하며, 회사의 목표에 맞게 조정함', '소프트웨어 엔지니어');

INSERT INTO employee_job_title (code,description, title_name) VALUES
('1001','회사의 전반적인 인사 정책을 총괄하며, 인사 계획을 수립하고 실행','인사부장'),
('1002','채용, 급여 관리, 직원 교육, 복리후생 등을 담당합니다.','HR 매니저'),
('2001','회사의 재무 전략을 수립하고, 예산, 투자, 자금 조달을 관리','재무부장'),
('2002','재무 보고서 작성, 회계 관리, 비용 분석, 세무 관리 등을 담당','회계팀장'),
('3001','생산 라인과 공정을 총괄하며, 품질과 생산성을 관리하는 역할','생산부장'),
('3002','생산 계획을 수립하고, 작업 현장에서 작업자들을 감독하여 생산 목표를 달성','생산팀장'),
('4001','물류 운영 전반을 관리하며, 물류 전략을 세우고 실행하는 역할','물류부장'),
('4002','물류 창고를 관리하고, 배송 일정 및 재고를 체계적으로 관리','물류팀장'),
('4003','구매 전략을 수립하고, 공급업체와의 계약 및 구매 활동을 총괄 관리','구매부장'),
('4004','영업 전략을 수립하고, 매출 목표 달성을 위한 영업 활동을 총괄','영업부장');

INSERT INTO employee_bank_account (bank_id,account_number) VALUES
(1, '123-456-789012'),
(2, '234-567-890123'),
(3, '345-678-901234'),
(4, '456-789-012345'),
(5, '567-890-123456'),
(6, '678-901-234567'),
(7, '789-012-345678'),
(8, '890-123-456789'),
(9, '901-234-567890'),
(10, '012-345-678901'),
(11, '123-987-654321'),
(12, '234-876-543210'),
(13, '345-765-432109'),
(14, '456-654-321098'),
(15, '567-543-210987'),
(16, '678-432-109876'),
(17, '789-321-098765'),
(18, '890-210-987654'),
(19, '901-109-876543'),
(20, '012-098-765432'),
(21, '111-222-333444'),
(22, '222-333-444555'),
(23, '333-444-555666'),
(24, '444-555-666777'),
(25, '555-666-777888'),
(26, '666-777-888999'),
(27, '777-888-999000'),
(28, '888-999-000111'),
(29, '999-000-111222'),
(30, '000-111-222333'),
(31, '111-222-333444'),
(32, '222-333-444555'),
(33, '333-444-555666'),
(34, '444-555-666777'),
(35, '555-666-777888'),
(36, '666-777-888999');

INSERT INTO employee (date_of_birth, hire_date,is_household_head, department_id, job_title_id, position_id, bank_account_id ,address, email, employee_number, first_name, last_name, phone_number, profile_picture, employment_status, employment_type)
VALUES
('2000-10-16', '2022-01-01' ,TRUE, 3, 2, 3, 1,'거제', 'wkdgywjd77@naver.com', '220101001', '정현', '박', '010-2234-5678', 'img7.jpg', 'RESIGNED', 'FREELANCE'),
('2000-12-25', '2022-02-01',TRUE, 3, 2, 3, 2,'서울', 'readyoun@omz.com', '220201001', '희연', '임', '010-2234-5678', 'img8.jpg', 'ON_LEAVE', 'PART_TIME'),
('1990-05-15', '2022-03-01' ,TRUE, 1, 1, 1, 3,'경기', 'gj1563@naver.com', '220301001', '건호', '허', '010-1234-5678', 'img1.jpg', 'ACTIVE', 'FULL_TIME'),
('1985-11-22', '2022-04-01',FALSE, 2, 2, 2, 4,'부산', 'ckacl2512@naver.com', '220401001', '민성', '김', '010-9876-5432', 'img2.jpg', 'ACTIVE', 'CONTRACT'),
('1995-03-10', '2022-05-01' ,TRUE, 1, 1, 1, 5,'대구', 'hshdla@naver.com', '220501001', '홍스', '홍', '010-2234-5678', 'img3.jpg', 'ON_LEAVE', 'PART_TIME'),
('1999-12-12', '2022-06-01' ,TRUE, 4, 1, 2, 6,'울산', 'chlwlgur0407@naver.com', '220601001', '지혁', '최', '010-2234-5678', 'img4.jpg', 'ACTIVE', 'TEMPORARY'),
('2000-01-01', '2022-07-01' ,TRUE, 4, 3, 1, 7,'제주', 'cksals@naver.com', '220701001', '찬민', '김', '010-2234-5678', 'img5.jpg', 'ACTIVE', 'INTERN'),
('2000-10-16', '2022-08-01' ,TRUE, 2, 2, 3, 8,'진주', 'labe1827@gmail.com', '220801001', '태종', '하', '010-2234-5678', 'img6.jpg', 'RESIGNED', 'CASUAL'),

('1998-09-09', '2022-09-01', TRUE, 1, 3, 1, 9, '창원', 'scarlett.jo@gmail.com', '220901001', '재영', '김', '010-9012-3456', 'img9.jpg', 'ACTIVE', 'FREELANCE'),
('1999-10-10', '2022-10-01', TRUE, 2, 1, 2, 10, '포항', 'matt.damon@gmail.com', '221001001', '서연', '장', '010-0123-4567', 'img10.jpg', 'ON_LEAVE', 'CONTRACT'),
('2000-11-11', '2022-11-01', TRUE, 3, 2, 3, 11, '청주', 'tom.cruise@gmail.com', '221101001', '현서', '박', '010-1234-5678', 'img11.jpg', 'ACTIVE', 'PART_TIME'),
('2001-12-12', '2022-12-01', TRUE, 4, 3, 1, 12, '전주', 'chris.evans@gmail.com', '221201001', '영민', '강', '010-2345-6789', 'img12.jpg', 'RESIGNED', 'INTERN'),

('1990-01-01', '2023-01-01', TRUE, 1, 1, 1, 13, '서울', 'john.doe2@gmail.com', '230101001', '민호', '최', '010-3456-7890', 'img13.jpg', 'ACTIVE', 'FULL_TIME'),
('1991-02-01', '2023-02-01', TRUE, 2, 2, 2, 14, '부산', 'jane.doe2@gmail.com', '230201001', '서윤', '박', '010-4567-8901', 'img14.jpg', 'ON_LEAVE', 'PART_TIME'),
('1992-03-02', '2023-03-01', TRUE, 3, 3, 3, 15, '대전', 'james.bond2@gmail.com', '230301001', '태영', '이', '010-5678-9012', 'img15.jpg', 'ACTIVE', 'CONTRACT'),
('1993-04-03', '2023-04-01', TRUE, 4, 1, 2, 16, '광주', 'lisa.kim2@gmail.com', '230401001', '지우', '김', '010-6789-0123', 'img16.jpg', 'RESIGNED', 'FREELANCE'),
('1994-05-04', '2023-05-01', TRUE, 1, 2, 3, 17, '대구', 'charlie.brown2@gmail.com', '230501001', '주원', '박', '010-7890-1234', 'img17.jpg', 'ON_LEAVE', 'TEMPORARY'),
('1995-06-05', '2023-06-01', TRUE, 2, 3, 1, 18, '인천', 'emma.stone2@gmail.com', '230601001', '도현', '최', '010-8901-2345', 'img18.jpg', 'ACTIVE', 'FULL_TIME'),
('1996-07-06', '2023-07-01', TRUE, 3, 1, 2, 19, '울산', 'john.smith2@gmail.com', '230701001', '지민', '김', '010-9012-3456', 'img19.jpg', 'RESIGNED', 'INTERN'),
('1997-08-07', '2023-08-01', TRUE, 4, 2, 3, 20, '수원', 'will.smith2@gmail.com', '230801001', '서현', '이', '010-0123-4567', 'img20.jpg', 'ON_LEAVE', 'CASUAL'),
('1998-09-08', '2023-09-01', TRUE, 1, 3, 1, 21, '창원', 'scarlett.jo2@gmail.com', '230901001', '영준', '장', '010-1234-5678', 'img21.jpg', 'ACTIVE', 'FREELANCE'),
('1999-10-09', '2023-10-01', TRUE, 2, 1, 2, 22, '포항', 'matt.damon2@gmail.com', '231001001', '은비', '박', '010-2345-6789', 'img22.jpg', 'ON_LEAVE', 'CONTRACT'),
('2000-11-10', '2023-11-01', TRUE, 3, 2, 3, 23, '청주', 'tom.cruise2@gmail.com', '231101001', '서준', '한', '010-3456-7890', 'img23.jpg', 'ACTIVE', 'PART_TIME'),
('2001-12-11', '2023-12-01', TRUE, 4, 3, 1, 24, '전주', 'chris.evans2@gmail.com', '231201001', '진서', '강', '010-4567-8901', 'img24.jpg', 'RESIGNED', 'INTERN'),

('1990-01-10', '2024-01-01', TRUE, 1, 1, 1, 25, '서울', 'john.doe3@gmail.com', '240101001', '태민', '이', '010-5678-9012', 'img25.jpg', 'ACTIVE', 'FULL_TIME'),
('1991-02-20', '2024-02-01', TRUE, 2, 2, 2, 26, '부산', 'jane.doe3@gmail.com', '240201001', '도윤', '김', '010-6789-0123', 'img26.jpg', 'ON_LEAVE', 'PART_TIME'),
('1992-03-30', '2024-03-01', TRUE, 3, 3, 3, 27, '대전', 'james.bond3@gmail.com', '240301001', '수빈', '최', '010-7890-1234', 'img27.jpg', 'ACTIVE', 'CONTRACT'),
('1993-04-15', '2024-04-01', TRUE, 4, 1, 2, 28, '광주', 'lisa.kim3@gmail.com', '240401001', '민지', '박', '010-8901-2345', 'img28.jpg', 'RESIGNED', 'FREELANCE'),
('1994-05-25', '2024-05-01', TRUE, 1, 2, 3, 29, '대구', 'charlie.brown3@gmail.com', '240501001', '서현', '한', '010-9012-3456', 'img29.jpg', 'ON_LEAVE', 'TEMPORARY'),
('1995-06-15', '2024-06-01', TRUE, 2, 3, 1, 30, '인천', 'emma.stone3@gmail.com', '240601001', '민우', '이', '010-0123-4567', 'img30.jpg', 'ACTIVE', 'FULL_TIME'),
('1996-07-25', '2024-07-01', TRUE, 3, 1, 2, 31, '울산', 'john.smith3@gmail.com', '240701001', '지영', '장', '010-1234-5678', 'img31.jpg', 'RESIGNED', 'INTERN'),
('1997-08-30', '2024-08-01', TRUE, 4, 2, 3, 32, '수원', 'will.smith3@gmail.com', '240801001', '정우', '박', '010-2345-6789', 'img32.jpg', 'ON_LEAVE', 'CASUAL'),
('1998-09-29', '2024-09-01', TRUE, 1, 3, 1, 33, '창원', 'scarlett.jo3@gmail.com', '240901001', '서연', '강', '010-3456-7890', 'img33.jpg', 'ACTIVE', 'FREELANCE'),
('1999-10-19', '2024-10-01', TRUE, 2, 1, 2, 34, '포항', 'matt.damon3@gmail.com', '241001001', '도영', '김', '010-4567-8901', 'img34.jpg', 'ON_LEAVE', 'CONTRACT'),
('2000-11-29', '2024-11-01', TRUE, 3, 2, 3, 35, '청주', 'tom.cruise3@gmail.com', '241101001', '태리', '한', '010-5678-9012', 'img35.jpg', 'ACTIVE', 'PART_TIME'),
('2001-12-25', '2024-12-01', TRUE, 4, 3, 1, 36, '전주', 'chris.evans3@gmail.com', '241201001', '영훈', '이', '010-6789-0123', 'img36.jpg', 'RESIGNED', 'INTERN');


INSERT INTO employee_performance (evaluation_date, employee_id, title, evaluator_id, comments, score) VALUES
('2021-06-15', 1, '2021년 성과평가', 1, '탁월한 성과를 내며, 기대치를 꾸준히 충족했습니다.', 'A'),
('2022-06-20', 2, '2022년 성과평가', 1, '기한 준수가 필요합니다.', 'C'),
('2023-07-01', 3, '2023년 성과평가', 1, '문제 해결 능력이 뛰어납니다.', 'A+'),
('2023-06-30', 4, '2023년 성과평가', 2, '팀워크가 우수하며, 업무를 효율적으로 처리합니다.', 'B+'),
('2023-07-05', 5, '2023년 성과평가', 2, '창의적인 사고로 프로젝트에 새로운 아이디어를 제공했습니다.', 'A');


INSERT INTO employee_transfer (reason, transfer_date, transfer_type, employee_id, from_department_id, to_department_id) VALUES
('승진으로 인한 부서 이동','2021-09-09','승진',1,1,2),
('부진으로 인한 부서 이동','2022-11-11','강등',2,2,1),
('휴직으로 인한 부서 이동','2023-12-12','휴식',3,3,1),
('적성에 맞는 부서로 이동','2024-04-04','적성',4,3,2);




